Starting ACC Classifier Training at Fri Apr  3 02:03:54 PM CDT 2026
Epochs: 30
Process ID: 517547
Script PID: 517547
======================================================
Python Process PID: 517553
Selected GPU: 5
Oh, look at me I am implementing acc classifier
Training with 30 epochs
loading the already saved data from /home/sar0033/blindscrambler/scripts/data/ACC_processed_data.csv
Dataset shape: (9066586, 11), Label shape: (9066586,)
Class distribution: [5748608 3317978]
Features normalized - Train mean: -0.0000, std: 1.0000
Train batches: 49583, Val batches: 10625, Test batches: 10625
Using device: cuda:5

Starting training...
Epoch [1/30], Batch [1000/49583], Loss: 0.2836, Train Acc: 0.7631, Val Acc: 0.7799
Epoch [1/30], Batch [2000/49583], Loss: 0.2812, Train Acc: 0.7640, Val Acc: 0.7708
Epoch [1/30], Batch [3000/49583], Loss: 0.2804, Train Acc: 0.7629, Val Acc: 0.7626
Epoch [1/30], Batch [4000/49583], Loss: 0.2795, Train Acc: 0.7630, Val Acc: 0.7407
Epoch [1/30], Batch [5000/49583], Loss: 0.2788, Train Acc: 0.7637, Val Acc: 0.7720
Epoch [1/30], Batch [6000/49583], Loss: 0.2784, Train Acc: 0.7642, Val Acc: 0.7761
Epoch [1/30], Batch [7000/49583], Loss: 0.2780, Train Acc: 0.7646, Val Acc: 0.7599
Epoch [1/30], Batch [8000/49583], Loss: 0.2779, Train Acc: 0.7651, Val Acc: 0.7732
Epoch [1/30], Batch [9000/49583], Loss: 0.2775, Train Acc: 0.7653, Val Acc: 0.7725
Epoch [1/30], Batch [10000/49583], Loss: 0.2771, Train Acc: 0.7658, Val Acc: 0.7717
Epoch [1/30], Batch [11000/49583], Loss: 0.2768, Train Acc: 0.7660, Val Acc: 0.7682
Epoch [1/30], Batch [12000/49583], Loss: 0.2766, Train Acc: 0.7664, Val Acc: 0.7731
Epoch [1/30], Batch [13000/49583], Loss: 0.2764, Train Acc: 0.7667, Val Acc: 0.7732
Epoch [1/30], Batch [14000/49583], Loss: 0.2761, Train Acc: 0.7671, Val Acc: 0.7553
Epoch [1/30], Batch [15000/49583], Loss: 0.2759, Train Acc: 0.7673, Val Acc: 0.7725
Epoch [1/30], Batch [16000/49583], Loss: 0.2759, Train Acc: 0.7673, Val Acc: 0.7744
Epoch [1/30], Batch [17000/49583], Loss: 0.2759, Train Acc: 0.7675, Val Acc: 0.7497
Epoch [1/30], Batch [18000/49583], Loss: 0.2757, Train Acc: 0.7675, Val Acc: 0.7598
Epoch [1/30], Batch [19000/49583], Loss: 0.2755, Train Acc: 0.7677, Val Acc: 0.7762
Epoch [1/30], Batch [20000/49583], Loss: 0.2754, Train Acc: 0.7677, Val Acc: 0.7701
Epoch [1/30], Batch [21000/49583], Loss: 0.2753, Train Acc: 0.7676, Val Acc: 0.7701
Epoch [1/30], Batch [22000/49583], Loss: 0.2752, Train Acc: 0.7675, Val Acc: 0.7674
Epoch [1/30], Batch [23000/49583], Loss: 0.2751, Train Acc: 0.7675, Val Acc: 0.7757
Epoch [1/30], Batch [24000/49583], Loss: 0.2757, Train Acc: 0.7664, Val Acc: 0.7717
Epoch [1/30], Batch [25000/49583], Loss: 0.2756, Train Acc: 0.7664, Val Acc: 0.7724
Epoch [1/30], Batch [26000/49583], Loss: 0.2755, Train Acc: 0.7666, Val Acc: 0.7726
Epoch [1/30], Batch [27000/49583], Loss: 0.2756, Train Acc: 0.7666, Val Acc: 0.7733
Epoch [1/30], Batch [28000/49583], Loss: 0.2755, Train Acc: 0.7667, Val Acc: 0.7706
Epoch [1/30], Batch [29000/49583], Loss: 0.2754, Train Acc: 0.7668, Val Acc: 0.7711
Epoch [1/30], Batch [30000/49583], Loss: 0.2753, Train Acc: 0.7669, Val Acc: 0.7681
Epoch [1/30], Batch [31000/49583], Loss: 0.2752, Train Acc: 0.7669, Val Acc: 0.7714
Epoch [1/30], Batch [32000/49583], Loss: 0.2751, Train Acc: 0.7670, Val Acc: 0.7729
Epoch [1/30], Batch [33000/49583], Loss: 0.2751, Train Acc: 0.7670, Val Acc: 0.7721
Epoch [1/30], Batch [34000/49583], Loss: 0.2751, Train Acc: 0.7669, Val Acc: 0.7697
Epoch [1/30], Batch [35000/49583], Loss: 0.2751, Train Acc: 0.7669, Val Acc: 0.7723
Epoch [1/30], Batch [36000/49583], Loss: 0.2751, Train Acc: 0.7668, Val Acc: 0.7702
Epoch [1/30], Batch [37000/49583], Loss: 0.2750, Train Acc: 0.7669, Val Acc: 0.7553
Epoch [1/30], Batch [38000/49583], Loss: 0.2750, Train Acc: 0.7670, Val Acc: 0.7778
Epoch [1/30], Batch [39000/49583], Loss: 0.2750, Train Acc: 0.7672, Val Acc: 0.7769
Epoch [1/30], Batch [40000/49583], Loss: 0.2750, Train Acc: 0.7673, Val Acc: 0.7596
Epoch [1/30], Batch [41000/49583], Loss: 0.2749, Train Acc: 0.7673, Val Acc: 0.7703
Epoch [1/30], Batch [42000/49583], Loss: 0.2749, Train Acc: 0.7673, Val Acc: 0.7708
Epoch [1/30], Batch [43000/49583], Loss: 0.2747, Train Acc: 0.7673, Val Acc: 0.7740
Epoch [1/30], Batch [44000/49583], Loss: 0.2746, Train Acc: 0.7674, Val Acc: 0.7725
Epoch [1/30], Batch [45000/49583], Loss: 0.2746, Train Acc: 0.7674, Val Acc: 0.7705
Epoch [1/30], Batch [46000/49583], Loss: 0.2746, Train Acc: 0.7675, Val Acc: 0.7710
Epoch [1/30], Batch [47000/49583], Loss: 0.2745, Train Acc: 0.7676, Val Acc: 0.7584
Epoch [1/30], Batch [48000/49583], Loss: 0.2743, Train Acc: 0.7677, Val Acc: 0.7573
Epoch [1/30], Batch [49000/49583], Loss: 0.2743, Train Acc: 0.7676, Val Acc: 0.7671
Epoch [2/30], Batch [1000/49583], Loss: 0.2739, Train Acc: 0.7603, Val Acc: 0.7612
Epoch [2/30], Batch [2000/49583], Loss: 0.2740, Train Acc: 0.7639, Val Acc: 0.7758
Epoch [2/30], Batch [3000/49583], Loss: 0.2731, Train Acc: 0.7670, Val Acc: 0.7718
Epoch [2/30], Batch [4000/49583], Loss: 0.2722, Train Acc: 0.7676, Val Acc: 0.7682
Epoch [2/30], Batch [5000/49583], Loss: 0.2717, Train Acc: 0.7688, Val Acc: 0.7747
Epoch [2/30], Batch [6000/49583], Loss: 0.2719, Train Acc: 0.7682, Val Acc: 0.7660
Epoch [2/30], Batch [7000/49583], Loss: 0.2721, Train Acc: 0.7675, Val Acc: 0.7638
Epoch [2/30], Batch [8000/49583], Loss: 0.2721, Train Acc: 0.7673, Val Acc: 0.7681
Epoch [2/30], Batch [9000/49583], Loss: 0.2722, Train Acc: 0.7673, Val Acc: 0.7717
Epoch [2/30], Batch [10000/49583], Loss: 0.2720, Train Acc: 0.7676, Val Acc: 0.7747
Epoch [2/30], Batch [11000/49583], Loss: 0.2721, Train Acc: 0.7676, Val Acc: 0.7595
Epoch [2/30], Batch [12000/49583], Loss: 0.2722, Train Acc: 0.7675, Val Acc: 0.7701
Epoch [2/30], Batch [13000/49583], Loss: 0.2724, Train Acc: 0.7672, Val Acc: 0.7617
Epoch [2/30], Batch [14000/49583], Loss: 0.2722, Train Acc: 0.7672, Val Acc: 0.7545
Epoch [2/30], Batch [15000/49583], Loss: 0.2720, Train Acc: 0.7673, Val Acc: 0.7687
Epoch [2/30], Batch [16000/49583], Loss: 0.2721, Train Acc: 0.7675, Val Acc: 0.7716
Epoch [2/30], Batch [17000/49583], Loss: 0.2719, Train Acc: 0.7677, Val Acc: 0.7731
Epoch [2/30], Batch [18000/49583], Loss: 0.2718, Train Acc: 0.7679, Val Acc: 0.7708
Epoch [2/30], Batch [19000/49583], Loss: 0.2718, Train Acc: 0.7679, Val Acc: 0.7710
Epoch [2/30], Batch [20000/49583], Loss: 0.2719, Train Acc: 0.7679, Val Acc: 0.7657
Epoch [2/30], Batch [21000/49583], Loss: 0.2719, Train Acc: 0.7679, Val Acc: 0.7691
Epoch [2/30], Batch [22000/49583], Loss: 0.2718, Train Acc: 0.7680, Val Acc: 0.7740
Epoch [2/30], Batch [23000/49583], Loss: 0.2717, Train Acc: 0.7681, Val Acc: 0.7679
Epoch [2/30], Batch [24000/49583], Loss: 0.2723, Train Acc: 0.7672, Val Acc: 0.7053
Epoch [2/30], Batch [25000/49583], Loss: 0.2732, Train Acc: 0.7658, Val Acc: 0.7739
Epoch [2/30], Batch [26000/49583], Loss: 0.2733, Train Acc: 0.7657, Val Acc: 0.7610
Epoch [2/30], Batch [27000/49583], Loss: 0.2735, Train Acc: 0.7658, Val Acc: 0.7686
Epoch [2/30], Batch [28000/49583], Loss: 0.2735, Train Acc: 0.7657, Val Acc: 0.7745
Epoch [2/30], Batch [29000/49583], Loss: 0.2736, Train Acc: 0.7657, Val Acc: 0.7646
Epoch [2/30], Batch [30000/49583], Loss: 0.2737, Train Acc: 0.7656, Val Acc: 0.7730
Epoch [2/30], Batch [31000/49583], Loss: 0.2738, Train Acc: 0.7656, Val Acc: 0.7685
Epoch [2/30], Batch [32000/49583], Loss: 0.2738, Train Acc: 0.7656, Val Acc: 0.7670
Epoch [2/30], Batch [33000/49583], Loss: 0.2741, Train Acc: 0.7654, Val Acc: 0.7718
Epoch [2/30], Batch [34000/49583], Loss: 0.2741, Train Acc: 0.7653, Val Acc: 0.7719
Epoch [2/30], Batch [35000/49583], Loss: 0.2740, Train Acc: 0.7655, Val Acc: 0.7741
Epoch [2/30], Batch [36000/49583], Loss: 0.2739, Train Acc: 0.7656, Val Acc: 0.7713
Epoch [2/30], Batch [37000/49583], Loss: 0.2739, Train Acc: 0.7657, Val Acc: 0.7581
Epoch [2/30], Batch [38000/49583], Loss: 0.2739, Train Acc: 0.7658, Val Acc: 0.7737
Epoch [2/30], Batch [39000/49583], Loss: 0.2739, Train Acc: 0.7659, Val Acc: 0.7749
Epoch [2/30], Batch [40000/49583], Loss: 0.2738, Train Acc: 0.7660, Val Acc: 0.7689
Epoch [2/30], Batch [41000/49583], Loss: 0.2737, Train Acc: 0.7661, Val Acc: 0.7731
Epoch [2/30], Batch [42000/49583], Loss: 0.2737, Train Acc: 0.7662, Val Acc: 0.7712
Epoch [2/30], Batch [43000/49583], Loss: 0.2737, Train Acc: 0.7662, Val Acc: 0.7733
Epoch [2/30], Batch [44000/49583], Loss: 0.2736, Train Acc: 0.7663, Val Acc: 0.7727
Epoch [2/30], Batch [45000/49583], Loss: 0.2734, Train Acc: 0.7664, Val Acc: 0.7721
Epoch [2/30], Batch [46000/49583], Loss: 0.2733, Train Acc: 0.7665, Val Acc: 0.7710
Epoch [2/30], Batch [47000/49583], Loss: 0.2733, Train Acc: 0.7666, Val Acc: 0.7722
Epoch [2/30], Batch [48000/49583], Loss: 0.2732, Train Acc: 0.7667, Val Acc: 0.7714
Epoch [2/30], Batch [49000/49583], Loss: 0.2731, Train Acc: 0.7668, Val Acc: 0.7735
Epoch [3/30], Batch [1000/49583], Loss: 0.2719, Train Acc: 0.7703, Val Acc: 0.7742
Epoch [3/30], Batch [2000/49583], Loss: 0.2703, Train Acc: 0.7713, Val Acc: 0.7749
Epoch [3/30], Batch [3000/49583], Loss: 0.2699, Train Acc: 0.7714, Val Acc: 0.7725
Epoch [3/30], Batch [4000/49583], Loss: 0.2695, Train Acc: 0.7709, Val Acc: 0.7690
Epoch [3/30], Batch [5000/49583], Loss: 0.2700, Train Acc: 0.7708, Val Acc: 0.7751
Epoch [3/30], Batch [6000/49583], Loss: 0.2699, Train Acc: 0.7710, Val Acc: 0.7672
Epoch [3/30], Batch [7000/49583], Loss: 0.2699, Train Acc: 0.7709, Val Acc: 0.7719
Epoch [3/30], Batch [8000/49583], Loss: 0.2698, Train Acc: 0.7707, Val Acc: 0.7750
Epoch [3/30], Batch [9000/49583], Loss: 0.2696, Train Acc: 0.7711, Val Acc: 0.7736
Epoch [3/30], Batch [10000/49583], Loss: 0.2693, Train Acc: 0.7713, Val Acc: 0.7687
Epoch [3/30], Batch [11000/49583], Loss: 0.2693, Train Acc: 0.7713, Val Acc: 0.7680
Epoch [3/30], Batch [12000/49583], Loss: 0.2693, Train Acc: 0.7713, Val Acc: 0.7744
Epoch [3/30], Batch [13000/49583], Loss: 0.2692, Train Acc: 0.7716, Val Acc: 0.7746
Epoch [3/30], Batch [14000/49583], Loss: 0.2693, Train Acc: 0.7715, Val Acc: 0.7727
Epoch [3/30], Batch [15000/49583], Loss: 0.2692, Train Acc: 0.7716, Val Acc: 0.7734
Epoch [3/30], Batch [16000/49583], Loss: 0.2693, Train Acc: 0.7716, Val Acc: 0.7726
Epoch [3/30], Batch [17000/49583], Loss: 0.2692, Train Acc: 0.7716, Val Acc: 0.7718
Epoch [3/30], Batch [18000/49583], Loss: 0.2691, Train Acc: 0.7718, Val Acc: 0.7751
Epoch [3/30], Batch [19000/49583], Loss: 0.2691, Train Acc: 0.7719, Val Acc: 0.7710
Epoch [3/30], Batch [20000/49583], Loss: 0.2690, Train Acc: 0.7719, Val Acc: 0.7714
Epoch [3/30], Batch [21000/49583], Loss: 0.2690, Train Acc: 0.7718, Val Acc: 0.7705
Epoch [3/30], Batch [22000/49583], Loss: 0.2690, Train Acc: 0.7717, Val Acc: 0.7714
Epoch [3/30], Batch [23000/49583], Loss: 0.2690, Train Acc: 0.7716, Val Acc: 0.7740
Epoch [3/30], Batch [24000/49583], Loss: 0.2691, Train Acc: 0.7716, Val Acc: 0.7739
Epoch [3/30], Batch [25000/49583], Loss: 0.2691, Train Acc: 0.7717, Val Acc: 0.7738
Epoch [3/30], Batch [26000/49583], Loss: 0.2691, Train Acc: 0.7717, Val Acc: 0.7733
Epoch [3/30], Batch [27000/49583], Loss: 0.2690, Train Acc: 0.7717, Val Acc: 0.7740
Epoch [3/30], Batch [28000/49583], Loss: 0.2690, Train Acc: 0.7717, Val Acc: 0.7728
Epoch [3/30], Batch [29000/49583], Loss: 0.2691, Train Acc: 0.7718, Val Acc: 0.7726
Epoch [3/30], Batch [30000/49583], Loss: 0.2691, Train Acc: 0.7718, Val Acc: 0.7752
Epoch [3/30], Batch [31000/49583], Loss: 0.2691, Train Acc: 0.7718, Val Acc: 0.7701
Epoch [3/30], Batch [32000/49583], Loss: 0.2691, Train Acc: 0.7719, Val Acc: 0.7732
Epoch [3/30], Batch [33000/49583], Loss: 0.2690, Train Acc: 0.7719, Val Acc: 0.7731
Epoch [3/30], Batch [34000/49583], Loss: 0.2690, Train Acc: 0.7719, Val Acc: 0.7737
Epoch [3/30], Batch [35000/49583], Loss: 0.2690, Train Acc: 0.7720, Val Acc: 0.7739
Epoch [3/30], Batch [36000/49583], Loss: 0.2689, Train Acc: 0.7721, Val Acc: 0.7724
Epoch [3/30], Batch [37000/49583], Loss: 0.2689, Train Acc: 0.7720, Val Acc: 0.7637
Epoch [3/30], Batch [38000/49583], Loss: 0.2689, Train Acc: 0.7720, Val Acc: 0.7746
Epoch [3/30], Batch [39000/49583], Loss: 0.2690, Train Acc: 0.7720, Val Acc: 0.7567
Epoch [3/30], Batch [40000/49583], Loss: 0.2689, Train Acc: 0.7720, Val Acc: 0.7713
Epoch [3/30], Batch [41000/49583], Loss: 0.2689, Train Acc: 0.7719, Val Acc: 0.7710
Epoch [3/30], Batch [42000/49583], Loss: 0.2690, Train Acc: 0.7718, Val Acc: 0.7693
Epoch [3/30], Batch [43000/49583], Loss: 0.2690, Train Acc: 0.7718, Val Acc: 0.7742
Epoch [3/30], Batch [44000/49583], Loss: 0.2689, Train Acc: 0.7718, Val Acc: 0.7751
Epoch [3/30], Batch [45000/49583], Loss: 0.2690, Train Acc: 0.7718, Val Acc: 0.7565
Epoch [3/30], Batch [46000/49583], Loss: 0.2689, Train Acc: 0.7718, Val Acc: 0.7751
Epoch [3/30], Batch [47000/49583], Loss: 0.2689, Train Acc: 0.7718, Val Acc: 0.7689
Epoch [3/30], Batch [48000/49583], Loss: 0.2689, Train Acc: 0.7718, Val Acc: 0.7707
Epoch [3/30], Batch [49000/49583], Loss: 0.2688, Train Acc: 0.7718, Val Acc: 0.7723
Epoch [4/30], Batch [1000/49583], Loss: 0.2721, Train Acc: 0.7699, Val Acc: 0.7673
Epoch [4/30], Batch [2000/49583], Loss: 0.2698, Train Acc: 0.7718, Val Acc: 0.7729
Epoch [4/30], Batch [3000/49583], Loss: 0.2699, Train Acc: 0.7712, Val Acc: 0.7718
Epoch [4/30], Batch [4000/49583], Loss: 0.2702, Train Acc: 0.7714, Val Acc: 0.7730
Epoch [4/30], Batch [5000/49583], Loss: 0.2697, Train Acc: 0.7715, Val Acc: 0.7568
Epoch [4/30], Batch [6000/49583], Loss: 0.2689, Train Acc: 0.7721, Val Acc: 0.7744
Epoch [4/30], Batch [7000/49583], Loss: 0.2689, Train Acc: 0.7725, Val Acc: 0.7701
Epoch [4/30], Batch [8000/49583], Loss: 0.2689, Train Acc: 0.7724, Val Acc: 0.7743
Epoch [4/30], Batch [9000/49583], Loss: 0.2690, Train Acc: 0.7726, Val Acc: 0.7708
Epoch [4/30], Batch [10000/49583], Loss: 0.2694, Train Acc: 0.7720, Val Acc: 0.7713
Epoch [4/30], Batch [11000/49583], Loss: 0.2695, Train Acc: 0.7720, Val Acc: 0.7746
Epoch [4/30], Batch [12000/49583], Loss: 0.2692, Train Acc: 0.7721, Val Acc: 0.7699
Epoch [4/30], Batch [13000/49583], Loss: 0.2691, Train Acc: 0.7722, Val Acc: 0.7743
Epoch [4/30], Batch [14000/49583], Loss: 0.2691, Train Acc: 0.7723, Val Acc: 0.7738
Epoch [4/30], Batch [15000/49583], Loss: 0.2690, Train Acc: 0.7724, Val Acc: 0.7744
Epoch [4/30], Batch [16000/49583], Loss: 0.2691, Train Acc: 0.7723, Val Acc: 0.7729
Epoch [4/30], Batch [17000/49583], Loss: 0.2689, Train Acc: 0.7724, Val Acc: 0.7747
Epoch [4/30], Batch [18000/49583], Loss: 0.2687, Train Acc: 0.7724, Val Acc: 0.7688
Epoch [4/30], Batch [19000/49583], Loss: 0.2688, Train Acc: 0.7722, Val Acc: 0.7686
Epoch [4/30], Batch [20000/49583], Loss: 0.2686, Train Acc: 0.7722, Val Acc: 0.7706
Epoch [4/30], Batch [21000/49583], Loss: 0.2686, Train Acc: 0.7723, Val Acc: 0.7728
Epoch [4/30], Batch [22000/49583], Loss: 0.2686, Train Acc: 0.7723, Val Acc: 0.7731
Epoch [4/30], Batch [23000/49583], Loss: 0.2685, Train Acc: 0.7724, Val Acc: 0.7701
Epoch [4/30], Batch [24000/49583], Loss: 0.2684, Train Acc: 0.7723, Val Acc: 0.7718
Epoch [4/30], Batch [25000/49583], Loss: 0.2684, Train Acc: 0.7723, Val Acc: 0.7597
Epoch [4/30], Batch [26000/49583], Loss: 0.2683, Train Acc: 0.7724, Val Acc: 0.7726
Epoch [4/30], Batch [27000/49583], Loss: 0.2683, Train Acc: 0.7724, Val Acc: 0.7745
Epoch [4/30], Batch [28000/49583], Loss: 0.2684, Train Acc: 0.7724, Val Acc: 0.7744
Epoch [4/30], Batch [29000/49583], Loss: 0.2683, Train Acc: 0.7723, Val Acc: 0.7584
Epoch [4/30], Batch [30000/49583], Loss: 0.2683, Train Acc: 0.7723, Val Acc: 0.7724
Epoch [4/30], Batch [31000/49583], Loss: 0.2684, Train Acc: 0.7723, Val Acc: 0.7739
Epoch [4/30], Batch [32000/49583], Loss: 0.2683, Train Acc: 0.7723, Val Acc: 0.7730
Epoch [4/30], Batch [33000/49583], Loss: 0.2683, Train Acc: 0.7723, Val Acc: 0.7705
Epoch [4/30], Batch [34000/49583], Loss: 0.2683, Train Acc: 0.7723, Val Acc: 0.7713
Epoch [4/30], Batch [35000/49583], Loss: 0.2684, Train Acc: 0.7723, Val Acc: 0.7669
Epoch [4/30], Batch [36000/49583], Loss: 0.2683, Train Acc: 0.7722, Val Acc: 0.7723
Epoch [4/30], Batch [37000/49583], Loss: 0.2683, Train Acc: 0.7722, Val Acc: 0.7736
Epoch [4/30], Batch [38000/49583], Loss: 0.2682, Train Acc: 0.7722, Val Acc: 0.7702
Epoch [4/30], Batch [39000/49583], Loss: 0.2682, Train Acc: 0.7722, Val Acc: 0.7745
Epoch [4/30], Batch [40000/49583], Loss: 0.2682, Train Acc: 0.7723, Val Acc: 0.7698
Epoch [4/30], Batch [41000/49583], Loss: 0.2681, Train Acc: 0.7723, Val Acc: 0.7737
Epoch [4/30], Batch [42000/49583], Loss: 0.2681, Train Acc: 0.7723, Val Acc: 0.7731
Epoch [4/30], Batch [43000/49583], Loss: 0.2682, Train Acc: 0.7723, Val Acc: 0.7742
Epoch [4/30], Batch [44000/49583], Loss: 0.2682, Train Acc: 0.7723, Val Acc: 0.7728
Epoch [4/30], Batch [45000/49583], Loss: 0.2683, Train Acc: 0.7722, Val Acc: 0.7736
Epoch [4/30], Batch [46000/49583], Loss: 0.2683, Train Acc: 0.7723, Val Acc: 0.7735
Epoch [4/30], Batch [47000/49583], Loss: 0.2683, Train Acc: 0.7722, Val Acc: 0.7727
Epoch [4/30], Batch [48000/49583], Loss: 0.2683, Train Acc: 0.7722, Val Acc: 0.7714
Epoch [4/30], Batch [49000/49583], Loss: 0.2684, Train Acc: 0.7721, Val Acc: 0.7739
Epoch [5/30], Batch [1000/49583], Loss: 0.2694, Train Acc: 0.7685, Val Acc: 0.7684
Epoch [5/30], Batch [2000/49583], Loss: 0.2692, Train Acc: 0.7697, Val Acc: 0.7703
Epoch [5/30], Batch [3000/49583], Loss: 0.2690, Train Acc: 0.7698, Val Acc: 0.7538
Epoch [5/30], Batch [4000/49583], Loss: 0.2686, Train Acc: 0.7704, Val Acc: 0.7728
Epoch [5/30], Batch [5000/49583], Loss: 0.2686, Train Acc: 0.7708, Val Acc: 0.7730
Epoch [5/30], Batch [6000/49583], Loss: 0.2689, Train Acc: 0.7706, Val Acc: 0.7726
Epoch [5/30], Batch [7000/49583], Loss: 0.2686, Train Acc: 0.7709, Val Acc: 0.7733
Epoch [5/30], Batch [8000/49583], Loss: 0.2684, Train Acc: 0.7710, Val Acc: 0.7741
Epoch [5/30], Batch [9000/49583], Loss: 0.2684, Train Acc: 0.7712, Val Acc: 0.7730
Epoch [5/30], Batch [10000/49583], Loss: 0.2684, Train Acc: 0.7713, Val Acc: 0.7709
Epoch [5/30], Batch [11000/49583], Loss: 0.2683, Train Acc: 0.7715, Val Acc: 0.7727
Epoch [5/30], Batch [12000/49583], Loss: 0.2682, Train Acc: 0.7716, Val Acc: 0.7702
Epoch [5/30], Batch [13000/49583], Loss: 0.2682, Train Acc: 0.7714, Val Acc: 0.7700
Epoch [5/30], Batch [14000/49583], Loss: 0.2683, Train Acc: 0.7713, Val Acc: 0.7720
Epoch [5/30], Batch [15000/49583], Loss: 0.2681, Train Acc: 0.7714, Val Acc: 0.7726
Epoch [5/30], Batch [16000/49583], Loss: 0.2681, Train Acc: 0.7714, Val Acc: 0.7716
Epoch [5/30], Batch [17000/49583], Loss: 0.2681, Train Acc: 0.7713, Val Acc: 0.7706
Epoch [5/30], Batch [18000/49583], Loss: 0.2682, Train Acc: 0.7712, Val Acc: 0.7710
Epoch [5/30], Batch [19000/49583], Loss: 0.2681, Train Acc: 0.7713, Val Acc: 0.7703
Epoch [5/30], Batch [20000/49583], Loss: 0.2681, Train Acc: 0.7712, Val Acc: 0.7714
Epoch [5/30], Batch [21000/49583], Loss: 0.2681, Train Acc: 0.7711, Val Acc: 0.7712
Epoch [5/30], Batch [22000/49583], Loss: 0.2682, Train Acc: 0.7712, Val Acc: 0.7739
Epoch [5/30], Batch [23000/49583], Loss: 0.2681, Train Acc: 0.7712, Val Acc: 0.7700
Epoch [5/30], Batch [24000/49583], Loss: 0.2681, Train Acc: 0.7712, Val Acc: 0.7727
Epoch [5/30], Batch [25000/49583], Loss: 0.2681, Train Acc: 0.7713, Val Acc: 0.7635
Epoch [5/30], Batch [26000/49583], Loss: 0.2681, Train Acc: 0.7712, Val Acc: 0.7709
Epoch [5/30], Batch [27000/49583], Loss: 0.2681, Train Acc: 0.7712, Val Acc: 0.7743
Epoch [5/30], Batch [28000/49583], Loss: 0.2682, Train Acc: 0.7712, Val Acc: 0.7725
Epoch [5/30], Batch [29000/49583], Loss: 0.2681, Train Acc: 0.7713, Val Acc: 0.7724
Epoch [5/30], Batch [30000/49583], Loss: 0.2681, Train Acc: 0.7713, Val Acc: 0.7729
Epoch [5/30], Batch [31000/49583], Loss: 0.2682, Train Acc: 0.7712, Val Acc: 0.7703
Epoch [5/30], Batch [32000/49583], Loss: 0.2682, Train Acc: 0.7713, Val Acc: 0.7747
Epoch [5/30], Batch [33000/49583], Loss: 0.2682, Train Acc: 0.7714, Val Acc: 0.7727
Epoch [5/30], Batch [34000/49583], Loss: 0.2682, Train Acc: 0.7713, Val Acc: 0.7692
Epoch [5/30], Batch [35000/49583], Loss: 0.2682, Train Acc: 0.7713, Val Acc: 0.7732
Epoch [5/30], Batch [36000/49583], Loss: 0.2681, Train Acc: 0.7714, Val Acc: 0.7730
Epoch [5/30], Batch [37000/49583], Loss: 0.2680, Train Acc: 0.7715, Val Acc: 0.7727
Epoch [5/30], Batch [38000/49583], Loss: 0.2680, Train Acc: 0.7715, Val Acc: 0.7566
Epoch [5/30], Batch [39000/49583], Loss: 0.2681, Train Acc: 0.7715, Val Acc: 0.7724
Epoch [5/30], Batch [40000/49583], Loss: 0.2681, Train Acc: 0.7715, Val Acc: 0.7710
Epoch [5/30], Batch [41000/49583], Loss: 0.2681, Train Acc: 0.7715, Val Acc: 0.7729
Epoch [5/30], Batch [42000/49583], Loss: 0.2680, Train Acc: 0.7716, Val Acc: 0.7739
Epoch [5/30], Batch [43000/49583], Loss: 0.2681, Train Acc: 0.7716, Val Acc: 0.7731
Epoch [5/30], Batch [44000/49583], Loss: 0.2681, Train Acc: 0.7716, Val Acc: 0.7676
Epoch [5/30], Batch [45000/49583], Loss: 0.2681, Train Acc: 0.7716, Val Acc: 0.7726
Epoch [5/30], Batch [46000/49583], Loss: 0.2681, Train Acc: 0.7716, Val Acc: 0.7733
Epoch [5/30], Batch [47000/49583], Loss: 0.2681, Train Acc: 0.7715, Val Acc: 0.7712
Epoch [5/30], Batch [48000/49583], Loss: 0.2681, Train Acc: 0.7715, Val Acc: 0.7713
Epoch [5/30], Batch [49000/49583], Loss: 0.2681, Train Acc: 0.7715, Val Acc: 0.7731
Epoch [6/30], Batch [1000/49583], Loss: 0.2671, Train Acc: 0.7720, Val Acc: 0.7707
Epoch [6/30], Batch [2000/49583], Loss: 0.2669, Train Acc: 0.7716, Val Acc: 0.7740
Epoch [6/30], Batch [3000/49583], Loss: 0.2665, Train Acc: 0.7722, Val Acc: 0.7724
Epoch [6/30], Batch [4000/49583], Loss: 0.2665, Train Acc: 0.7725, Val Acc: 0.7731
Epoch [6/30], Batch [5000/49583], Loss: 0.2673, Train Acc: 0.7723, Val Acc: 0.7721
Epoch [6/30], Batch [6000/49583], Loss: 0.2674, Train Acc: 0.7722, Val Acc: 0.7729
Epoch [6/30], Batch [7000/49583], Loss: 0.2671, Train Acc: 0.7725, Val Acc: 0.7706
Epoch [6/30], Batch [8000/49583], Loss: 0.2671, Train Acc: 0.7724, Val Acc: 0.7733
Epoch [6/30], Batch [9000/49583], Loss: 0.2672, Train Acc: 0.7725, Val Acc: 0.7726
Epoch [6/30], Batch [10000/49583], Loss: 0.2671, Train Acc: 0.7726, Val Acc: 0.7678
Epoch [6/30], Batch [11000/49583], Loss: 0.2673, Train Acc: 0.7724, Val Acc: 0.7740
Epoch [6/30], Batch [12000/49583], Loss: 0.2674, Train Acc: 0.7723, Val Acc: 0.7728
Epoch [6/30], Batch [13000/49583], Loss: 0.2675, Train Acc: 0.7722, Val Acc: 0.7708
Epoch [6/30], Batch [14000/49583], Loss: 0.2676, Train Acc: 0.7721, Val Acc: 0.7725
Epoch [6/30], Batch [15000/49583], Loss: 0.2678, Train Acc: 0.7720, Val Acc: 0.7714
Epoch [6/30], Batch [16000/49583], Loss: 0.2678, Train Acc: 0.7719, Val Acc: 0.7698
Epoch [6/30], Batch [17000/49583], Loss: 0.2677, Train Acc: 0.7719, Val Acc: 0.7728
Epoch [6/30], Batch [18000/49583], Loss: 0.2677, Train Acc: 0.7719, Val Acc: 0.7711
Epoch [6/30], Batch [19000/49583], Loss: 0.2678, Train Acc: 0.7718, Val Acc: 0.7724
Epoch [6/30], Batch [20000/49583], Loss: 0.2677, Train Acc: 0.7718, Val Acc: 0.7724
Epoch [6/30], Batch [21000/49583], Loss: 0.2677, Train Acc: 0.7718, Val Acc: 0.7723
Epoch [6/30], Batch [22000/49583], Loss: 0.2677, Train Acc: 0.7718, Val Acc: 0.7729
Epoch [6/30], Batch [23000/49583], Loss: 0.2677, Train Acc: 0.7718, Val Acc: 0.7733
Epoch [6/30], Batch [24000/49583], Loss: 0.2677, Train Acc: 0.7719, Val Acc: 0.7735
Epoch [6/30], Batch [25000/49583], Loss: 0.2677, Train Acc: 0.7719, Val Acc: 0.7719
Epoch [6/30], Batch [26000/49583], Loss: 0.2677, Train Acc: 0.7719, Val Acc: 0.7734
Epoch [6/30], Batch [27000/49583], Loss: 0.2676, Train Acc: 0.7719, Val Acc: 0.7751
Epoch [6/30], Batch [28000/49583], Loss: 0.2676, Train Acc: 0.7721, Val Acc: 0.7738
Epoch [6/30], Batch [29000/49583], Loss: 0.2677, Train Acc: 0.7720, Val Acc: 0.7730
Epoch [6/30], Batch [30000/49583], Loss: 0.2677, Train Acc: 0.7721, Val Acc: 0.7736
Epoch [6/30], Batch [31000/49583], Loss: 0.2676, Train Acc: 0.7721, Val Acc: 0.7731
Epoch [6/30], Batch [32000/49583], Loss: 0.2676, Train Acc: 0.7721, Val Acc: 0.7744
Epoch [6/30], Batch [33000/49583], Loss: 0.2676, Train Acc: 0.7722, Val Acc: 0.7740
Epoch [6/30], Batch [34000/49583], Loss: 0.2675, Train Acc: 0.7722, Val Acc: 0.7746
Epoch [6/30], Batch [35000/49583], Loss: 0.2676, Train Acc: 0.7722, Val Acc: 0.7725
Epoch [6/30], Batch [36000/49583], Loss: 0.2675, Train Acc: 0.7722, Val Acc: 0.7728
Epoch [6/30], Batch [37000/49583], Loss: 0.2675, Train Acc: 0.7722, Val Acc: 0.7703
Epoch [6/30], Batch [38000/49583], Loss: 0.2676, Train Acc: 0.7721, Val Acc: 0.7733
Epoch [6/30], Batch [39000/49583], Loss: 0.2676, Train Acc: 0.7721, Val Acc: 0.7698
Epoch [6/30], Batch [40000/49583], Loss: 0.2676, Train Acc: 0.7721, Val Acc: 0.7735
Epoch [6/30], Batch [41000/49583], Loss: 0.2676, Train Acc: 0.7721, Val Acc: 0.7608
Epoch [6/30], Batch [42000/49583], Loss: 0.2676, Train Acc: 0.7722, Val Acc: 0.7723
Epoch [6/30], Batch [43000/49583], Loss: 0.2676, Train Acc: 0.7722, Val Acc: 0.7743
Epoch [6/30], Batch [44000/49583], Loss: 0.2676, Train Acc: 0.7722, Val Acc: 0.7745
Epoch [6/30], Batch [45000/49583], Loss: 0.2676, Train Acc: 0.7723, Val Acc: 0.7738
Epoch [6/30], Batch [46000/49583], Loss: 0.2676, Train Acc: 0.7723, Val Acc: 0.7713
Epoch [6/30], Batch [47000/49583], Loss: 0.2677, Train Acc: 0.7722, Val Acc: 0.7716
Epoch [6/30], Batch [48000/49583], Loss: 0.2677, Train Acc: 0.7722, Val Acc: 0.7554
Epoch [6/30], Batch [49000/49583], Loss: 0.2677, Train Acc: 0.7721, Val Acc: 0.7726
Epoch [7/30], Batch [1000/49583], Loss: 0.2688, Train Acc: 0.7728, Val Acc: 0.7742
Epoch [7/30], Batch [2000/49583], Loss: 0.2691, Train Acc: 0.7722, Val Acc: 0.7737
Epoch [7/30], Batch [3000/49583], Loss: 0.2683, Train Acc: 0.7717, Val Acc: 0.7715
Epoch [7/30], Batch [4000/49583], Loss: 0.2683, Train Acc: 0.7716, Val Acc: 0.7742
Epoch [7/30], Batch [5000/49583], Loss: 0.2682, Train Acc: 0.7722, Val Acc: 0.7610
Epoch [7/30], Batch [6000/49583], Loss: 0.2685, Train Acc: 0.7721, Val Acc: 0.7719
Epoch [7/30], Batch [7000/49583], Loss: 0.2683, Train Acc: 0.7722, Val Acc: 0.7752
Epoch [7/30], Batch [8000/49583], Loss: 0.2684, Train Acc: 0.7722, Val Acc: 0.7752
Epoch [7/30], Batch [9000/49583], Loss: 0.2680, Train Acc: 0.7724, Val Acc: 0.7732
Epoch [7/30], Batch [10000/49583], Loss: 0.2680, Train Acc: 0.7724, Val Acc: 0.7740
Epoch [7/30], Batch [11000/49583], Loss: 0.2683, Train Acc: 0.7724, Val Acc: 0.7731
Epoch [7/30], Batch [12000/49583], Loss: 0.2683, Train Acc: 0.7723, Val Acc: 0.7734
Epoch [7/30], Batch [13000/49583], Loss: 0.2683, Train Acc: 0.7722, Val Acc: 0.7717
Epoch [7/30], Batch [14000/49583], Loss: 0.2683, Train Acc: 0.7721, Val Acc: 0.7705
Epoch [7/30], Batch [15000/49583], Loss: 0.2683, Train Acc: 0.7720, Val Acc: 0.7692
Epoch [7/30], Batch [16000/49583], Loss: 0.2683, Train Acc: 0.7720, Val Acc: 0.7737
Epoch [7/30], Batch [17000/49583], Loss: 0.2683, Train Acc: 0.7721, Val Acc: 0.7733
Epoch [7/30], Batch [18000/49583], Loss: 0.2682, Train Acc: 0.7722, Val Acc: 0.7725
Epoch [7/30], Batch [19000/49583], Loss: 0.2680, Train Acc: 0.7722, Val Acc: 0.7725
Epoch [7/30], Batch [20000/49583], Loss: 0.2680, Train Acc: 0.7722, Val Acc: 0.7734
Epoch [7/30], Batch [21000/49583], Loss: 0.2680, Train Acc: 0.7722, Val Acc: 0.7726
Epoch [7/30], Batch [22000/49583], Loss: 0.2680, Train Acc: 0.7721, Val Acc: 0.7741
Epoch [7/30], Batch [23000/49583], Loss: 0.2679, Train Acc: 0.7721, Val Acc: 0.7736
Epoch [7/30], Batch [24000/49583], Loss: 0.2679, Train Acc: 0.7721, Val Acc: 0.7728
Epoch [7/30], Batch [25000/49583], Loss: 0.2679, Train Acc: 0.7721, Val Acc: 0.7725
Epoch [7/30], Batch [26000/49583], Loss: 0.2679, Train Acc: 0.7720, Val Acc: 0.7725
Epoch [7/30], Batch [27000/49583], Loss: 0.2679, Train Acc: 0.7720, Val Acc: 0.7734
Epoch [7/30], Batch [28000/49583], Loss: 0.2680, Train Acc: 0.7720, Val Acc: 0.7732
Epoch [7/30], Batch [29000/49583], Loss: 0.2680, Train Acc: 0.7720, Val Acc: 0.7700
Epoch [7/30], Batch [30000/49583], Loss: 0.2680, Train Acc: 0.7720, Val Acc: 0.7736
Epoch [7/30], Batch [31000/49583], Loss: 0.2680, Train Acc: 0.7720, Val Acc: 0.7748
Epoch [7/30], Batch [32000/49583], Loss: 0.2680, Train Acc: 0.7721, Val Acc: 0.7724
Epoch [7/30], Batch [33000/49583], Loss: 0.2680, Train Acc: 0.7721, Val Acc: 0.7744
Epoch [7/30], Batch [34000/49583], Loss: 0.2679, Train Acc: 0.7722, Val Acc: 0.7737
Epoch [7/30], Batch [35000/49583], Loss: 0.2680, Train Acc: 0.7721, Val Acc: 0.7593
Epoch [7/30], Batch [36000/49583], Loss: 0.2679, Train Acc: 0.7722, Val Acc: 0.7715
Epoch [7/30], Batch [37000/49583], Loss: 0.2678, Train Acc: 0.7723, Val Acc: 0.7721
Epoch [7/30], Batch [38000/49583], Loss: 0.2678, Train Acc: 0.7723, Val Acc: 0.7720
Epoch [7/30], Batch [39000/49583], Loss: 0.2678, Train Acc: 0.7722, Val Acc: 0.7730
Epoch [7/30], Batch [40000/49583], Loss: 0.2678, Train Acc: 0.7722, Val Acc: 0.7553
Epoch [7/30], Batch [41000/49583], Loss: 0.2678, Train Acc: 0.7722, Val Acc: 0.7724
Epoch [7/30], Batch [42000/49583], Loss: 0.2678, Train Acc: 0.7722, Val Acc: 0.7726
Epoch [7/30], Batch [43000/49583], Loss: 0.2678, Train Acc: 0.7721, Val Acc: 0.7723
Epoch [7/30], Batch [44000/49583], Loss: 0.2677, Train Acc: 0.7722, Val Acc: 0.7716
Epoch [7/30], Batch [45000/49583], Loss: 0.2677, Train Acc: 0.7722, Val Acc: 0.7733
Epoch [7/30], Batch [46000/49583], Loss: 0.2676, Train Acc: 0.7723, Val Acc: 0.7737
Epoch [7/30], Batch [47000/49583], Loss: 0.2676, Train Acc: 0.7723, Val Acc: 0.7736
Epoch [7/30], Batch [48000/49583], Loss: 0.2676, Train Acc: 0.7723, Val Acc: 0.7740
Epoch [7/30], Batch [49000/49583], Loss: 0.2676, Train Acc: 0.7723, Val Acc: 0.7741
Epoch [8/30], Batch [1000/49583], Loss: 0.2674, Train Acc: 0.7729, Val Acc: 0.7737
Epoch [8/30], Batch [2000/49583], Loss: 0.2666, Train Acc: 0.7741, Val Acc: 0.7744
Epoch [8/30], Batch [3000/49583], Loss: 0.2679, Train Acc: 0.7734, Val Acc: 0.7740
Epoch [8/30], Batch [4000/49583], Loss: 0.2680, Train Acc: 0.7737, Val Acc: 0.7750
Epoch [8/30], Batch [5000/49583], Loss: 0.2683, Train Acc: 0.7733, Val Acc: 0.7737
Epoch [8/30], Batch [6000/49583], Loss: 0.2682, Train Acc: 0.7730, Val Acc: 0.7725
Epoch [8/30], Batch [7000/49583], Loss: 0.2684, Train Acc: 0.7725, Val Acc: 0.7716
Epoch [8/30], Batch [8000/49583], Loss: 0.2683, Train Acc: 0.7723, Val Acc: 0.7731
Epoch [8/30], Batch [9000/49583], Loss: 0.2685, Train Acc: 0.7724, Val Acc: 0.7746
Epoch [8/30], Batch [10000/49583], Loss: 0.2685, Train Acc: 0.7723, Val Acc: 0.7723
Epoch [8/30], Batch [11000/49583], Loss: 0.2686, Train Acc: 0.7721, Val Acc: 0.7724
Epoch [8/30], Batch [12000/49583], Loss: 0.2687, Train Acc: 0.7721, Val Acc: 0.7741
Epoch [8/30], Batch [13000/49583], Loss: 0.2687, Train Acc: 0.7722, Val Acc: 0.7739
Epoch [8/30], Batch [14000/49583], Loss: 0.2684, Train Acc: 0.7725, Val Acc: 0.7749
Epoch [8/30], Batch [15000/49583], Loss: 0.2683, Train Acc: 0.7725, Val Acc: 0.7742
Epoch [8/30], Batch [16000/49583], Loss: 0.2681, Train Acc: 0.7726, Val Acc: 0.7735
Epoch [8/30], Batch [17000/49583], Loss: 0.2682, Train Acc: 0.7726, Val Acc: 0.7742
Epoch [8/30], Batch [18000/49583], Loss: 0.2683, Train Acc: 0.7726, Val Acc: 0.7746
Epoch [8/30], Batch [19000/49583], Loss: 0.2682, Train Acc: 0.7726, Val Acc: 0.7726
Epoch [8/30], Batch [20000/49583], Loss: 0.2682, Train Acc: 0.7726, Val Acc: 0.7740
Epoch [8/30], Batch [21000/49583], Loss: 0.2682, Train Acc: 0.7726, Val Acc: 0.7750
Epoch [8/30], Batch [22000/49583], Loss: 0.2683, Train Acc: 0.7727, Val Acc: 0.7732
Epoch [8/30], Batch [23000/49583], Loss: 0.2682, Train Acc: 0.7727, Val Acc: 0.7733
Epoch [8/30], Batch [24000/49583], Loss: 0.2681, Train Acc: 0.7727, Val Acc: 0.7730
Epoch [8/30], Batch [25000/49583], Loss: 0.2681, Train Acc: 0.7728, Val Acc: 0.7715
Epoch [8/30], Batch [26000/49583], Loss: 0.2681, Train Acc: 0.7726, Val Acc: 0.7729
Epoch [8/30], Batch [27000/49583], Loss: 0.2681, Train Acc: 0.7727, Val Acc: 0.7734
Epoch [8/30], Batch [28000/49583], Loss: 0.2681, Train Acc: 0.7727, Val Acc: 0.7740
Epoch [8/30], Batch [29000/49583], Loss: 0.2680, Train Acc: 0.7727, Val Acc: 0.7746
Epoch [8/30], Batch [30000/49583], Loss: 0.2681, Train Acc: 0.7727, Val Acc: 0.7730
Epoch [8/30], Batch [31000/49583], Loss: 0.2680, Train Acc: 0.7728, Val Acc: 0.7720
Epoch [8/30], Batch [32000/49583], Loss: 0.2681, Train Acc: 0.7727, Val Acc: 0.7722
Epoch [8/30], Batch [33000/49583], Loss: 0.2681, Train Acc: 0.7726, Val Acc: 0.7740
Epoch [8/30], Batch [34000/49583], Loss: 0.2681, Train Acc: 0.7726, Val Acc: 0.7736
Epoch [8/30], Batch [35000/49583], Loss: 0.2681, Train Acc: 0.7726, Val Acc: 0.7746
Epoch [8/30], Batch [36000/49583], Loss: 0.2680, Train Acc: 0.7727, Val Acc: 0.7738
Epoch [8/30], Batch [37000/49583], Loss: 0.2680, Train Acc: 0.7727, Val Acc: 0.7732
Epoch [8/30], Batch [38000/49583], Loss: 0.2680, Train Acc: 0.7727, Val Acc: 0.7735
Epoch [8/30], Batch [39000/49583], Loss: 0.2680, Train Acc: 0.7727, Val Acc: 0.7731
Epoch [8/30], Batch [40000/49583], Loss: 0.2680, Train Acc: 0.7727, Val Acc: 0.7731
Epoch [8/30], Batch [41000/49583], Loss: 0.2680, Train Acc: 0.7726, Val Acc: 0.7727
Epoch [8/30], Batch [42000/49583], Loss: 0.2680, Train Acc: 0.7727, Val Acc: 0.7654
Epoch [8/30], Batch [43000/49583], Loss: 0.2680, Train Acc: 0.7727, Val Acc: 0.7737
Epoch [8/30], Batch [44000/49583], Loss: 0.2680, Train Acc: 0.7727, Val Acc: 0.7740
Epoch [8/30], Batch [45000/49583], Loss: 0.2680, Train Acc: 0.7727, Val Acc: 0.7731
Epoch [8/30], Batch [46000/49583], Loss: 0.2680, Train Acc: 0.7727, Val Acc: 0.7616
Epoch [8/30], Batch [47000/49583], Loss: 0.2679, Train Acc: 0.7727, Val Acc: 0.7723
Epoch [8/30], Batch [48000/49583], Loss: 0.2678, Train Acc: 0.7727, Val Acc: 0.7690
Epoch [8/30], Batch [49000/49583], Loss: 0.2678, Train Acc: 0.7727, Val Acc: 0.7709
Epoch [9/30], Batch [1000/49583], Loss: 0.2693, Train Acc: 0.7712, Val Acc: 0.7724
Epoch [9/30], Batch [2000/49583], Loss: 0.2686, Train Acc: 0.7712, Val Acc: 0.7713
Epoch [9/30], Batch [3000/49583], Loss: 0.2685, Train Acc: 0.7713, Val Acc: 0.7709
Epoch [9/30], Batch [4000/49583], Loss: 0.2685, Train Acc: 0.7714, Val Acc: 0.7702
Epoch [9/30], Batch [5000/49583], Loss: 0.2688, Train Acc: 0.7709, Val Acc: 0.7729
Epoch [9/30], Batch [6000/49583], Loss: 0.2688, Train Acc: 0.7712, Val Acc: 0.7744
Epoch [9/30], Batch [7000/49583], Loss: 0.2684, Train Acc: 0.7717, Val Acc: 0.7592
Epoch [9/30], Batch [8000/49583], Loss: 0.2684, Train Acc: 0.7719, Val Acc: 0.7743
Epoch [9/30], Batch [9000/49583], Loss: 0.2686, Train Acc: 0.7718, Val Acc: 0.7727
Epoch [9/30], Batch [10000/49583], Loss: 0.2684, Train Acc: 0.7717, Val Acc: 0.7716
Epoch [9/30], Batch [11000/49583], Loss: 0.2686, Train Acc: 0.7716, Val Acc: 0.7713
Epoch [9/30], Batch [12000/49583], Loss: 0.2685, Train Acc: 0.7715, Val Acc: 0.7682
Epoch [9/30], Batch [13000/49583], Loss: 0.2685, Train Acc: 0.7711, Val Acc: 0.7714
Epoch [9/30], Batch [14000/49583], Loss: 0.2683, Train Acc: 0.7712, Val Acc: 0.7723
Epoch [9/30], Batch [15000/49583], Loss: 0.2682, Train Acc: 0.7713, Val Acc: 0.7710
Epoch [9/30], Batch [16000/49583], Loss: 0.2682, Train Acc: 0.7713, Val Acc: 0.7578
Epoch [9/30], Batch [17000/49583], Loss: 0.2682, Train Acc: 0.7714, Val Acc: 0.7733
Epoch [9/30], Batch [18000/49583], Loss: 0.2681, Train Acc: 0.7714, Val Acc: 0.7744
Epoch [9/30], Batch [19000/49583], Loss: 0.2679, Train Acc: 0.7716, Val Acc: 0.7742
Epoch [9/30], Batch [20000/49583], Loss: 0.2679, Train Acc: 0.7717, Val Acc: 0.7693
Epoch [9/30], Batch [21000/49583], Loss: 0.2679, Train Acc: 0.7715, Val Acc: 0.7706
Epoch [9/30], Batch [22000/49583], Loss: 0.2679, Train Acc: 0.7715, Val Acc: 0.7538
Epoch [9/30], Batch [23000/49583], Loss: 0.2679, Train Acc: 0.7715, Val Acc: 0.7719
Epoch [9/30], Batch [24000/49583], Loss: 0.2679, Train Acc: 0.7716, Val Acc: 0.7718
Epoch [9/30], Batch [25000/49583], Loss: 0.2678, Train Acc: 0.7716, Val Acc: 0.7522
Epoch [9/30], Batch [26000/49583], Loss: 0.2678, Train Acc: 0.7716, Val Acc: 0.7736
Epoch [9/30], Batch [27000/49583], Loss: 0.2678, Train Acc: 0.7716, Val Acc: 0.7747
Epoch [9/30], Batch [28000/49583], Loss: 0.2679, Train Acc: 0.7716, Val Acc: 0.7748
Epoch [9/30], Batch [29000/49583], Loss: 0.2680, Train Acc: 0.7717, Val Acc: 0.7742
Epoch [9/30], Batch [30000/49583], Loss: 0.2679, Train Acc: 0.7718, Val Acc: 0.7733
Epoch [9/30], Batch [31000/49583], Loss: 0.2680, Train Acc: 0.7718, Val Acc: 0.7738
Epoch [9/30], Batch [32000/49583], Loss: 0.2681, Train Acc: 0.7717, Val Acc: 0.7728
Epoch [9/30], Batch [33000/49583], Loss: 0.2681, Train Acc: 0.7717, Val Acc: 0.7743
Epoch [9/30], Batch [34000/49583], Loss: 0.2682, Train Acc: 0.7717, Val Acc: 0.7701
Epoch [9/30], Batch [35000/49583], Loss: 0.2683, Train Acc: 0.7717, Val Acc: 0.7729
Epoch [9/30], Batch [36000/49583], Loss: 0.2682, Train Acc: 0.7718, Val Acc: 0.7726
Epoch [9/30], Batch [37000/49583], Loss: 0.2681, Train Acc: 0.7718, Val Acc: 0.7724
Epoch [9/30], Batch [38000/49583], Loss: 0.2681, Train Acc: 0.7718, Val Acc: 0.7741
Epoch [9/30], Batch [39000/49583], Loss: 0.2681, Train Acc: 0.7719, Val Acc: 0.7702
Epoch [9/30], Batch [40000/49583], Loss: 0.2681, Train Acc: 0.7720, Val Acc: 0.7727
Epoch [9/30], Batch [41000/49583], Loss: 0.2681, Train Acc: 0.7719, Val Acc: 0.7732
Epoch [9/30], Batch [42000/49583], Loss: 0.2680, Train Acc: 0.7720, Val Acc: 0.7789
Epoch [9/30], Batch [43000/49583], Loss: 0.2680, Train Acc: 0.7721, Val Acc: 0.7734
Epoch [9/30], Batch [44000/49583], Loss: 0.2680, Train Acc: 0.7721, Val Acc: 0.7743
Epoch [9/30], Batch [45000/49583], Loss: 0.2680, Train Acc: 0.7721, Val Acc: 0.7743
Epoch [9/30], Batch [46000/49583], Loss: 0.2680, Train Acc: 0.7721, Val Acc: 0.7672
Epoch [9/30], Batch [47000/49583], Loss: 0.2680, Train Acc: 0.7721, Val Acc: 0.7643
Epoch [9/30], Batch [48000/49583], Loss: 0.2680, Train Acc: 0.7721, Val Acc: 0.7724
Epoch [9/30], Batch [49000/49583], Loss: 0.2680, Train Acc: 0.7721, Val Acc: 0.7726
Epoch [10/30], Batch [1000/49583], Loss: 0.2669, Train Acc: 0.7730, Val Acc: 0.7710
Epoch [10/30], Batch [2000/49583], Loss: 0.2677, Train Acc: 0.7716, Val Acc: 0.7723
Epoch [10/30], Batch [3000/49583], Loss: 0.2680, Train Acc: 0.7710, Val Acc: 0.7745
Epoch [10/30], Batch [4000/49583], Loss: 0.2675, Train Acc: 0.7714, Val Acc: 0.7733
Epoch [10/30], Batch [5000/49583], Loss: 0.2675, Train Acc: 0.7720, Val Acc: 0.7740
Epoch [10/30], Batch [6000/49583], Loss: 0.2677, Train Acc: 0.7722, Val Acc: 0.7746
Epoch [10/30], Batch [7000/49583], Loss: 0.2678, Train Acc: 0.7724, Val Acc: 0.7701
Epoch [10/30], Batch [8000/49583], Loss: 0.2676, Train Acc: 0.7726, Val Acc: 0.7740
Epoch [10/30], Batch [9000/49583], Loss: 0.2678, Train Acc: 0.7727, Val Acc: 0.7730
Epoch [10/30], Batch [10000/49583], Loss: 0.2676, Train Acc: 0.7728, Val Acc: 0.7719
Epoch [10/30], Batch [11000/49583], Loss: 0.2676, Train Acc: 0.7728, Val Acc: 0.7716
Epoch [10/30], Batch [12000/49583], Loss: 0.2680, Train Acc: 0.7724, Val Acc: 0.7556
Epoch [10/30], Batch [13000/49583], Loss: 0.2682, Train Acc: 0.7721, Val Acc: 0.7648
Epoch [10/30], Batch [14000/49583], Loss: 0.2684, Train Acc: 0.7718, Val Acc: 0.7699
Epoch [10/30], Batch [15000/49583], Loss: 0.2683, Train Acc: 0.7716, Val Acc: 0.7711
Epoch [10/30], Batch [16000/49583], Loss: 0.2683, Train Acc: 0.7714, Val Acc: 0.7542
Epoch [10/30], Batch [17000/49583], Loss: 0.2681, Train Acc: 0.7716, Val Acc: 0.7733
Epoch [10/30], Batch [18000/49583], Loss: 0.2681, Train Acc: 0.7718, Val Acc: 0.7746
Epoch [10/30], Batch [19000/49583], Loss: 0.2680, Train Acc: 0.7717, Val Acc: 0.7707
Epoch [10/30], Batch [20000/49583], Loss: 0.2679, Train Acc: 0.7717, Val Acc: 0.7705
Epoch [10/30], Batch [21000/49583], Loss: 0.2678, Train Acc: 0.7718, Val Acc: 0.7723
Epoch [10/30], Batch [22000/49583], Loss: 0.2679, Train Acc: 0.7717, Val Acc: 0.7733
Epoch [10/30], Batch [23000/49583], Loss: 0.2679, Train Acc: 0.7717, Val Acc: 0.7539
Epoch [10/30], Batch [24000/49583], Loss: 0.2678, Train Acc: 0.7717, Val Acc: 0.7742
Epoch [10/30], Batch [25000/49583], Loss: 0.2677, Train Acc: 0.7718, Val Acc: 0.7570
Epoch [10/30], Batch [26000/49583], Loss: 0.2676, Train Acc: 0.7720, Val Acc: 0.7747
Epoch [10/30], Batch [27000/49583], Loss: 0.2677, Train Acc: 0.7720, Val Acc: 0.7734
Epoch [10/30], Batch [28000/49583], Loss: 0.2677, Train Acc: 0.7721, Val Acc: 0.7741
Epoch [10/30], Batch [29000/49583], Loss: 0.2677, Train Acc: 0.7721, Val Acc: 0.7742
Epoch [10/30], Batch [30000/49583], Loss: 0.2678, Train Acc: 0.7721, Val Acc: 0.7723
Epoch [10/30], Batch [31000/49583], Loss: 0.2677, Train Acc: 0.7721, Val Acc: 0.7716
Epoch [10/30], Batch [32000/49583], Loss: 0.2677, Train Acc: 0.7721, Val Acc: 0.7726
Epoch [10/30], Batch [33000/49583], Loss: 0.2677, Train Acc: 0.7722, Val Acc: 0.7745
Epoch [10/30], Batch [34000/49583], Loss: 0.2677, Train Acc: 0.7722, Val Acc: 0.7737
Epoch [10/30], Batch [35000/49583], Loss: 0.2677, Train Acc: 0.7723, Val Acc: 0.7741
Epoch [10/30], Batch [36000/49583], Loss: 0.2676, Train Acc: 0.7723, Val Acc: 0.7742
Epoch [10/30], Batch [37000/49583], Loss: 0.2677, Train Acc: 0.7723, Val Acc: 0.7752
Epoch [10/30], Batch [38000/49583], Loss: 0.2677, Train Acc: 0.7724, Val Acc: 0.7733
Epoch [10/30], Batch [39000/49583], Loss: 0.2678, Train Acc: 0.7723, Val Acc: 0.7635
Epoch [10/30], Batch [40000/49583], Loss: 0.2677, Train Acc: 0.7723, Val Acc: 0.7751
Epoch [10/30], Batch [41000/49583], Loss: 0.2678, Train Acc: 0.7723, Val Acc: 0.7743
Epoch [10/30], Batch [42000/49583], Loss: 0.2677, Train Acc: 0.7724, Val Acc: 0.7733
Epoch [10/30], Batch [43000/49583], Loss: 0.2677, Train Acc: 0.7724, Val Acc: 0.7757
Epoch [10/30], Batch [44000/49583], Loss: 0.2678, Train Acc: 0.7724, Val Acc: 0.7744
Epoch [10/30], Batch [45000/49583], Loss: 0.2678, Train Acc: 0.7724, Val Acc: 0.7715
Epoch [10/30], Batch [46000/49583], Loss: 0.2678, Train Acc: 0.7724, Val Acc: 0.7563
Epoch [10/30], Batch [47000/49583], Loss: 0.2678, Train Acc: 0.7724, Val Acc: 0.7724
Epoch [10/30], Batch [48000/49583], Loss: 0.2679, Train Acc: 0.7723, Val Acc: 0.7700
Epoch [10/30], Batch [49000/49583], Loss: 0.2679, Train Acc: 0.7722, Val Acc: 0.7629
Saving checkpoint at epoch 10...
Model saved to /home/sar0033/blindscrambler/scripts/models/models_ACC_epoch_10.onnx
Epoch [11/30], Batch [1000/49583], Loss: 0.2675, Train Acc: 0.7705, Val Acc: 0.7720
Epoch [11/30], Batch [2000/49583], Loss: 0.2656, Train Acc: 0.7720, Val Acc: 0.7716
Epoch [11/30], Batch [3000/49583], Loss: 0.2672, Train Acc: 0.7713, Val Acc: 0.7717
Epoch [11/30], Batch [4000/49583], Loss: 0.2676, Train Acc: 0.7715, Val Acc: 0.7724
Epoch [11/30], Batch [5000/49583], Loss: 0.2679, Train Acc: 0.7714, Val Acc: 0.7716
Epoch [11/30], Batch [6000/49583], Loss: 0.2680, Train Acc: 0.7711, Val Acc: 0.7710
Epoch [11/30], Batch [7000/49583], Loss: 0.2676, Train Acc: 0.7713, Val Acc: 0.7719
Epoch [11/30], Batch [8000/49583], Loss: 0.2677, Train Acc: 0.7711, Val Acc: 0.7723
Epoch [11/30], Batch [9000/49583], Loss: 0.2675, Train Acc: 0.7714, Val Acc: 0.7714
Epoch [11/30], Batch [10000/49583], Loss: 0.2676, Train Acc: 0.7714, Val Acc: 0.7724
Epoch [11/30], Batch [11000/49583], Loss: 0.2676, Train Acc: 0.7714, Val Acc: 0.7718
Epoch [11/30], Batch [12000/49583], Loss: 0.2672, Train Acc: 0.7716, Val Acc: 0.7715
Epoch [11/30], Batch [13000/49583], Loss: 0.2672, Train Acc: 0.7716, Val Acc: 0.7707
Epoch [11/30], Batch [14000/49583], Loss: 0.2673, Train Acc: 0.7716, Val Acc: 0.7712
Epoch [11/30], Batch [15000/49583], Loss: 0.2672, Train Acc: 0.7716, Val Acc: 0.7713
Epoch [11/30], Batch [16000/49583], Loss: 0.2673, Train Acc: 0.7716, Val Acc: 0.7722
Epoch [11/30], Batch [17000/49583], Loss: 0.2673, Train Acc: 0.7716, Val Acc: 0.7724
Epoch [11/30], Batch [18000/49583], Loss: 0.2673, Train Acc: 0.7715, Val Acc: 0.7723
Epoch [11/30], Batch [19000/49583], Loss: 0.2672, Train Acc: 0.7716, Val Acc: 0.7717
Epoch [11/30], Batch [20000/49583], Loss: 0.2672, Train Acc: 0.7716, Val Acc: 0.7729
Epoch [11/30], Batch [21000/49583], Loss: 0.2673, Train Acc: 0.7716, Val Acc: 0.7725
Epoch [11/30], Batch [22000/49583], Loss: 0.2672, Train Acc: 0.7716, Val Acc: 0.7729
Epoch [11/30], Batch [23000/49583], Loss: 0.2673, Train Acc: 0.7716, Val Acc: 0.7728
Epoch [11/30], Batch [24000/49583], Loss: 0.2674, Train Acc: 0.7716, Val Acc: 0.7730
Epoch [11/30], Batch [25000/49583], Loss: 0.2673, Train Acc: 0.7717, Val Acc: 0.7735
Epoch [11/30], Batch [26000/49583], Loss: 0.2673, Train Acc: 0.7717, Val Acc: 0.7728
Epoch [11/30], Batch [27000/49583], Loss: 0.2673, Train Acc: 0.7717, Val Acc: 0.7736
Epoch [11/30], Batch [28000/49583], Loss: 0.2673, Train Acc: 0.7718, Val Acc: 0.7729
Epoch [11/30], Batch [29000/49583], Loss: 0.2672, Train Acc: 0.7719, Val Acc: 0.7733
Epoch [11/30], Batch [30000/49583], Loss: 0.2672, Train Acc: 0.7719, Val Acc: 0.7734
Epoch [11/30], Batch [31000/49583], Loss: 0.2671, Train Acc: 0.7720, Val Acc: 0.7738
Epoch [11/30], Batch [32000/49583], Loss: 0.2672, Train Acc: 0.7720, Val Acc: 0.7731
Epoch [11/30], Batch [33000/49583], Loss: 0.2672, Train Acc: 0.7720, Val Acc: 0.7737
Epoch [11/30], Batch [34000/49583], Loss: 0.2671, Train Acc: 0.7721, Val Acc: 0.7734
Epoch [11/30], Batch [35000/49583], Loss: 0.2671, Train Acc: 0.7721, Val Acc: 0.7735
Epoch [11/30], Batch [36000/49583], Loss: 0.2671, Train Acc: 0.7721, Val Acc: 0.7730
Epoch [11/30], Batch [37000/49583], Loss: 0.2671, Train Acc: 0.7722, Val Acc: 0.7735
Epoch [11/30], Batch [38000/49583], Loss: 0.2672, Train Acc: 0.7721, Val Acc: 0.7736
Epoch [11/30], Batch [39000/49583], Loss: 0.2672, Train Acc: 0.7721, Val Acc: 0.7727
Epoch [11/30], Batch [40000/49583], Loss: 0.2672, Train Acc: 0.7721, Val Acc: 0.7732
Epoch [11/30], Batch [41000/49583], Loss: 0.2672, Train Acc: 0.7722, Val Acc: 0.7732
Epoch [11/30], Batch [42000/49583], Loss: 0.2672, Train Acc: 0.7722, Val Acc: 0.7733
Epoch [11/30], Batch [43000/49583], Loss: 0.2672, Train Acc: 0.7722, Val Acc: 0.7732
Epoch [11/30], Batch [44000/49583], Loss: 0.2671, Train Acc: 0.7723, Val Acc: 0.7726
Epoch [11/30], Batch [45000/49583], Loss: 0.2671, Train Acc: 0.7723, Val Acc: 0.7730
Epoch [11/30], Batch [46000/49583], Loss: 0.2671, Train Acc: 0.7724, Val Acc: 0.7718
Epoch [11/30], Batch [47000/49583], Loss: 0.2671, Train Acc: 0.7723, Val Acc: 0.7727
Epoch [11/30], Batch [48000/49583], Loss: 0.2671, Train Acc: 0.7723, Val Acc: 0.7724
Epoch [11/30], Batch [49000/49583], Loss: 0.2670, Train Acc: 0.7724, Val Acc: 0.7727
Epoch [12/30], Batch [1000/49583], Loss: 0.2668, Train Acc: 0.7731, Val Acc: 0.7733
Epoch [12/30], Batch [2000/49583], Loss: 0.2663, Train Acc: 0.7737, Val Acc: 0.7727
Epoch [12/30], Batch [3000/49583], Loss: 0.2671, Train Acc: 0.7729, Val Acc: 0.7728
Epoch [12/30], Batch [4000/49583], Loss: 0.2669, Train Acc: 0.7727, Val Acc: 0.7731
Epoch [12/30], Batch [5000/49583], Loss: 0.2668, Train Acc: 0.7730, Val Acc: 0.7731
Epoch [12/30], Batch [6000/49583], Loss: 0.2667, Train Acc: 0.7732, Val Acc: 0.7736
Epoch [12/30], Batch [7000/49583], Loss: 0.2670, Train Acc: 0.7728, Val Acc: 0.7724
Epoch [12/30], Batch [8000/49583], Loss: 0.2670, Train Acc: 0.7728, Val Acc: 0.7730
Epoch [12/30], Batch [9000/49583], Loss: 0.2669, Train Acc: 0.7728, Val Acc: 0.7734
Epoch [12/30], Batch [10000/49583], Loss: 0.2671, Train Acc: 0.7728, Val Acc: 0.7738
Epoch [12/30], Batch [11000/49583], Loss: 0.2669, Train Acc: 0.7729, Val Acc: 0.7738
Epoch [12/30], Batch [12000/49583], Loss: 0.2667, Train Acc: 0.7731, Val Acc: 0.7741
Epoch [12/30], Batch [13000/49583], Loss: 0.2668, Train Acc: 0.7731, Val Acc: 0.7732
Epoch [12/30], Batch [14000/49583], Loss: 0.2667, Train Acc: 0.7732, Val Acc: 0.7730
Epoch [12/30], Batch [15000/49583], Loss: 0.2667, Train Acc: 0.7731, Val Acc: 0.7735
Epoch [12/30], Batch [16000/49583], Loss: 0.2666, Train Acc: 0.7732, Val Acc: 0.7730
Epoch [12/30], Batch [17000/49583], Loss: 0.2667, Train Acc: 0.7732, Val Acc: 0.7738
Epoch [12/30], Batch [18000/49583], Loss: 0.2668, Train Acc: 0.7731, Val Acc: 0.7730
Epoch [12/30], Batch [19000/49583], Loss: 0.2667, Train Acc: 0.7732, Val Acc: 0.7733
Epoch [12/30], Batch [20000/49583], Loss: 0.2668, Train Acc: 0.7732, Val Acc: 0.7740
Epoch [12/30], Batch [21000/49583], Loss: 0.2667, Train Acc: 0.7732, Val Acc: 0.7739
Epoch [12/30], Batch [22000/49583], Loss: 0.2668, Train Acc: 0.7732, Val Acc: 0.7740
Epoch [12/30], Batch [23000/49583], Loss: 0.2668, Train Acc: 0.7732, Val Acc: 0.7741
Epoch [12/30], Batch [24000/49583], Loss: 0.2670, Train Acc: 0.7731, Val Acc: 0.7741
Epoch [12/30], Batch [25000/49583], Loss: 0.2670, Train Acc: 0.7732, Val Acc: 0.7743
Epoch [12/30], Batch [26000/49583], Loss: 0.2670, Train Acc: 0.7732, Val Acc: 0.7742
Epoch [12/30], Batch [27000/49583], Loss: 0.2669, Train Acc: 0.7733, Val Acc: 0.7739
Epoch [12/30], Batch [28000/49583], Loss: 0.2670, Train Acc: 0.7733, Val Acc: 0.7744
Epoch [12/30], Batch [29000/49583], Loss: 0.2670, Train Acc: 0.7733, Val Acc: 0.7727
Epoch [12/30], Batch [30000/49583], Loss: 0.2669, Train Acc: 0.7733, Val Acc: 0.7737
Epoch [12/30], Batch [31000/49583], Loss: 0.2669, Train Acc: 0.7733, Val Acc: 0.7737
Epoch [12/30], Batch [32000/49583], Loss: 0.2669, Train Acc: 0.7733, Val Acc: 0.7738
Epoch [12/30], Batch [33000/49583], Loss: 0.2669, Train Acc: 0.7733, Val Acc: 0.7741
Epoch [12/30], Batch [34000/49583], Loss: 0.2669, Train Acc: 0.7733, Val Acc: 0.7738
Epoch [12/30], Batch [35000/49583], Loss: 0.2670, Train Acc: 0.7733, Val Acc: 0.7737
Epoch [12/30], Batch [36000/49583], Loss: 0.2669, Train Acc: 0.7733, Val Acc: 0.7735
Epoch [12/30], Batch [37000/49583], Loss: 0.2669, Train Acc: 0.7733, Val Acc: 0.7732
Epoch [12/30], Batch [38000/49583], Loss: 0.2669, Train Acc: 0.7733, Val Acc: 0.7736
Epoch [12/30], Batch [39000/49583], Loss: 0.2669, Train Acc: 0.7733, Val Acc: 0.7737
Epoch [12/30], Batch [40000/49583], Loss: 0.2669, Train Acc: 0.7734, Val Acc: 0.7737
Epoch [12/30], Batch [41000/49583], Loss: 0.2669, Train Acc: 0.7734, Val Acc: 0.7735
Epoch [12/30], Batch [42000/49583], Loss: 0.2669, Train Acc: 0.7733, Val Acc: 0.7734
Epoch [12/30], Batch [43000/49583], Loss: 0.2669, Train Acc: 0.7733, Val Acc: 0.7739
Epoch [12/30], Batch [44000/49583], Loss: 0.2669, Train Acc: 0.7734, Val Acc: 0.7737
Epoch [12/30], Batch [45000/49583], Loss: 0.2668, Train Acc: 0.7734, Val Acc: 0.7740
Epoch [12/30], Batch [46000/49583], Loss: 0.2668, Train Acc: 0.7735, Val Acc: 0.7739
Epoch [12/30], Batch [47000/49583], Loss: 0.2668, Train Acc: 0.7735, Val Acc: 0.7732
Epoch [12/30], Batch [48000/49583], Loss: 0.2668, Train Acc: 0.7735, Val Acc: 0.7736
Epoch [12/30], Batch [49000/49583], Loss: 0.2668, Train Acc: 0.7735, Val Acc: 0.7738
Epoch [13/30], Batch [1000/49583], Loss: 0.2660, Train Acc: 0.7737, Val Acc: 0.7741
Epoch [13/30], Batch [2000/49583], Loss: 0.2671, Train Acc: 0.7732, Val Acc: 0.7731
Epoch [13/30], Batch [3000/49583], Loss: 0.2671, Train Acc: 0.7730, Val Acc: 0.7731
Epoch [13/30], Batch [4000/49583], Loss: 0.2669, Train Acc: 0.7731, Val Acc: 0.7737
Epoch [13/30], Batch [5000/49583], Loss: 0.2672, Train Acc: 0.7729, Val Acc: 0.7736
Epoch [13/30], Batch [6000/49583], Loss: 0.2672, Train Acc: 0.7729, Val Acc: 0.7732
Epoch [13/30], Batch [7000/49583], Loss: 0.2670, Train Acc: 0.7731, Val Acc: 0.7737
Epoch [13/30], Batch [8000/49583], Loss: 0.2670, Train Acc: 0.7732, Val Acc: 0.7731
Epoch [13/30], Batch [9000/49583], Loss: 0.2670, Train Acc: 0.7732, Val Acc: 0.7738
Epoch [13/30], Batch [10000/49583], Loss: 0.2672, Train Acc: 0.7732, Val Acc: 0.7736
Epoch [13/30], Batch [11000/49583], Loss: 0.2670, Train Acc: 0.7733, Val Acc: 0.7738
Epoch [13/30], Batch [12000/49583], Loss: 0.2668, Train Acc: 0.7734, Val Acc: 0.7738
Epoch [13/30], Batch [13000/49583], Loss: 0.2668, Train Acc: 0.7734, Val Acc: 0.7738
Epoch [13/30], Batch [14000/49583], Loss: 0.2667, Train Acc: 0.7734, Val Acc: 0.7739
Epoch [13/30], Batch [15000/49583], Loss: 0.2668, Train Acc: 0.7734, Val Acc: 0.7736
Epoch [13/30], Batch [16000/49583], Loss: 0.2667, Train Acc: 0.7735, Val Acc: 0.7737
Epoch [13/30], Batch [17000/49583], Loss: 0.2669, Train Acc: 0.7734, Val Acc: 0.7735
Epoch [13/30], Batch [18000/49583], Loss: 0.2668, Train Acc: 0.7735, Val Acc: 0.7734
Epoch [13/30], Batch [19000/49583], Loss: 0.2667, Train Acc: 0.7736, Val Acc: 0.7738
Epoch [13/30], Batch [20000/49583], Loss: 0.2667, Train Acc: 0.7736, Val Acc: 0.7732
Epoch [13/30], Batch [21000/49583], Loss: 0.2667, Train Acc: 0.7736, Val Acc: 0.7737
Epoch [13/30], Batch [22000/49583], Loss: 0.2667, Train Acc: 0.7735, Val Acc: 0.7737
Epoch [13/30], Batch [23000/49583], Loss: 0.2667, Train Acc: 0.7735, Val Acc: 0.7739
Epoch [13/30], Batch [24000/49583], Loss: 0.2668, Train Acc: 0.7735, Val Acc: 0.7739
Epoch [13/30], Batch [25000/49583], Loss: 0.2668, Train Acc: 0.7735, Val Acc: 0.7738
Epoch [13/30], Batch [26000/49583], Loss: 0.2668, Train Acc: 0.7736, Val Acc: 0.7741
Epoch [13/30], Batch [27000/49583], Loss: 0.2668, Train Acc: 0.7736, Val Acc: 0.7735
Epoch [13/30], Batch [28000/49583], Loss: 0.2667, Train Acc: 0.7736, Val Acc: 0.7733
Epoch [13/30], Batch [29000/49583], Loss: 0.2668, Train Acc: 0.7735, Val Acc: 0.7735
Epoch [13/30], Batch [30000/49583], Loss: 0.2669, Train Acc: 0.7735, Val Acc: 0.7734
Epoch [13/30], Batch [31000/49583], Loss: 0.2668, Train Acc: 0.7735, Val Acc: 0.7735
Epoch [13/30], Batch [32000/49583], Loss: 0.2669, Train Acc: 0.7735, Val Acc: 0.7737
Epoch [13/30], Batch [33000/49583], Loss: 0.2669, Train Acc: 0.7735, Val Acc: 0.7735
Epoch [13/30], Batch [34000/49583], Loss: 0.2669, Train Acc: 0.7734, Val Acc: 0.7738
Epoch [13/30], Batch [35000/49583], Loss: 0.2669, Train Acc: 0.7735, Val Acc: 0.7738
Epoch [13/30], Batch [36000/49583], Loss: 0.2669, Train Acc: 0.7735, Val Acc: 0.7738
Epoch [13/30], Batch [37000/49583], Loss: 0.2669, Train Acc: 0.7735, Val Acc: 0.7740
Epoch [13/30], Batch [38000/49583], Loss: 0.2669, Train Acc: 0.7735, Val Acc: 0.7741
Epoch [13/30], Batch [39000/49583], Loss: 0.2669, Train Acc: 0.7736, Val Acc: 0.7738
Epoch [13/30], Batch [40000/49583], Loss: 0.2669, Train Acc: 0.7736, Val Acc: 0.7738
Epoch [13/30], Batch [41000/49583], Loss: 0.2668, Train Acc: 0.7736, Val Acc: 0.7736
Epoch [13/30], Batch [42000/49583], Loss: 0.2668, Train Acc: 0.7736, Val Acc: 0.7740
Epoch [13/30], Batch [43000/49583], Loss: 0.2669, Train Acc: 0.7736, Val Acc: 0.7737
Epoch [13/30], Batch [44000/49583], Loss: 0.2668, Train Acc: 0.7736, Val Acc: 0.7737
Epoch [13/30], Batch [45000/49583], Loss: 0.2668, Train Acc: 0.7736, Val Acc: 0.7739
Epoch [13/30], Batch [46000/49583], Loss: 0.2668, Train Acc: 0.7736, Val Acc: 0.7735
Epoch [13/30], Batch [47000/49583], Loss: 0.2668, Train Acc: 0.7736, Val Acc: 0.7742
Epoch [13/30], Batch [48000/49583], Loss: 0.2668, Train Acc: 0.7736, Val Acc: 0.7740
Epoch [13/30], Batch [49000/49583], Loss: 0.2668, Train Acc: 0.7737, Val Acc: 0.7743
Epoch [14/30], Batch [1000/49583], Loss: 0.2647, Train Acc: 0.7748, Val Acc: 0.7739
Epoch [14/30], Batch [2000/49583], Loss: 0.2654, Train Acc: 0.7753, Val Acc: 0.7737
Epoch [14/30], Batch [3000/49583], Loss: 0.2661, Train Acc: 0.7747, Val Acc: 0.7736
Epoch [14/30], Batch [4000/49583], Loss: 0.2654, Train Acc: 0.7752, Val Acc: 0.7737
Epoch [14/30], Batch [5000/49583], Loss: 0.2658, Train Acc: 0.7751, Val Acc: 0.7740
Epoch [14/30], Batch [6000/49583], Loss: 0.2661, Train Acc: 0.7748, Val Acc: 0.7739
Epoch [14/30], Batch [7000/49583], Loss: 0.2663, Train Acc: 0.7747, Val Acc: 0.7735
Epoch [14/30], Batch [8000/49583], Loss: 0.2665, Train Acc: 0.7744, Val Acc: 0.7733
Epoch [14/30], Batch [9000/49583], Loss: 0.2663, Train Acc: 0.7744, Val Acc: 0.7736
Epoch [14/30], Batch [10000/49583], Loss: 0.2663, Train Acc: 0.7744, Val Acc: 0.7735
Epoch [14/30], Batch [11000/49583], Loss: 0.2664, Train Acc: 0.7744, Val Acc: 0.7739
Epoch [14/30], Batch [12000/49583], Loss: 0.2666, Train Acc: 0.7742, Val Acc: 0.7738
Epoch [14/30], Batch [13000/49583], Loss: 0.2668, Train Acc: 0.7741, Val Acc: 0.7735
Epoch [14/30], Batch [14000/49583], Loss: 0.2667, Train Acc: 0.7740, Val Acc: 0.7727
Epoch [14/30], Batch [15000/49583], Loss: 0.2668, Train Acc: 0.7740, Val Acc: 0.7741
Epoch [14/30], Batch [16000/49583], Loss: 0.2669, Train Acc: 0.7739, Val Acc: 0.7733
Epoch [14/30], Batch [17000/49583], Loss: 0.2669, Train Acc: 0.7738, Val Acc: 0.7733
Epoch [14/30], Batch [18000/49583], Loss: 0.2670, Train Acc: 0.7737, Val Acc: 0.7734
Epoch [14/30], Batch [19000/49583], Loss: 0.2669, Train Acc: 0.7738, Val Acc: 0.7737
Epoch [14/30], Batch [20000/49583], Loss: 0.2669, Train Acc: 0.7737, Val Acc: 0.7737
Epoch [14/30], Batch [21000/49583], Loss: 0.2669, Train Acc: 0.7737, Val Acc: 0.7734
Epoch [14/30], Batch [22000/49583], Loss: 0.2670, Train Acc: 0.7736, Val Acc: 0.7738
Epoch [14/30], Batch [23000/49583], Loss: 0.2670, Train Acc: 0.7736, Val Acc: 0.7739
Epoch [14/30], Batch [24000/49583], Loss: 0.2670, Train Acc: 0.7735, Val Acc: 0.7739
Epoch [14/30], Batch [25000/49583], Loss: 0.2670, Train Acc: 0.7736, Val Acc: 0.7740
Epoch [14/30], Batch [26000/49583], Loss: 0.2669, Train Acc: 0.7736, Val Acc: 0.7736
Epoch [14/30], Batch [27000/49583], Loss: 0.2669, Train Acc: 0.7736, Val Acc: 0.7735
Epoch [14/30], Batch [28000/49583], Loss: 0.2668, Train Acc: 0.7736, Val Acc: 0.7736
Epoch [14/30], Batch [29000/49583], Loss: 0.2668, Train Acc: 0.7737, Val Acc: 0.7737
Epoch [14/30], Batch [30000/49583], Loss: 0.2669, Train Acc: 0.7736, Val Acc: 0.7735
Epoch [14/30], Batch [31000/49583], Loss: 0.2668, Train Acc: 0.7737, Val Acc: 0.7739
Epoch [14/30], Batch [32000/49583], Loss: 0.2667, Train Acc: 0.7737, Val Acc: 0.7735
Epoch [14/30], Batch [33000/49583], Loss: 0.2667, Train Acc: 0.7737, Val Acc: 0.7736
Epoch [14/30], Batch [34000/49583], Loss: 0.2667, Train Acc: 0.7738, Val Acc: 0.7726
Epoch [14/30], Batch [35000/49583], Loss: 0.2667, Train Acc: 0.7737, Val Acc: 0.7734
Epoch [14/30], Batch [36000/49583], Loss: 0.2667, Train Acc: 0.7737, Val Acc: 0.7739
Epoch [14/30], Batch [37000/49583], Loss: 0.2667, Train Acc: 0.7736, Val Acc: 0.7738
Epoch [14/30], Batch [38000/49583], Loss: 0.2667, Train Acc: 0.7736, Val Acc: 0.7739
Epoch [14/30], Batch [39000/49583], Loss: 0.2667, Train Acc: 0.7736, Val Acc: 0.7738
Epoch [14/30], Batch [40000/49583], Loss: 0.2667, Train Acc: 0.7737, Val Acc: 0.7739
Epoch [14/30], Batch [41000/49583], Loss: 0.2667, Train Acc: 0.7737, Val Acc: 0.7735
Epoch [14/30], Batch [42000/49583], Loss: 0.2667, Train Acc: 0.7737, Val Acc: 0.7726
Epoch [14/30], Batch [43000/49583], Loss: 0.2667, Train Acc: 0.7736, Val Acc: 0.7732
Epoch [14/30], Batch [44000/49583], Loss: 0.2667, Train Acc: 0.7736, Val Acc: 0.7731
Epoch [14/30], Batch [45000/49583], Loss: 0.2667, Train Acc: 0.7736, Val Acc: 0.7725
Epoch [14/30], Batch [46000/49583], Loss: 0.2667, Train Acc: 0.7736, Val Acc: 0.7727
Epoch [14/30], Batch [47000/49583], Loss: 0.2667, Train Acc: 0.7736, Val Acc: 0.7733
Epoch [14/30], Batch [48000/49583], Loss: 0.2667, Train Acc: 0.7736, Val Acc: 0.7737
Epoch [14/30], Batch [49000/49583], Loss: 0.2667, Train Acc: 0.7736, Val Acc: 0.7733
Epoch [15/30], Batch [1000/49583], Loss: 0.2695, Train Acc: 0.7709, Val Acc: 0.7729
Epoch [15/30], Batch [2000/49583], Loss: 0.2684, Train Acc: 0.7718, Val Acc: 0.7732
Epoch [15/30], Batch [3000/49583], Loss: 0.2682, Train Acc: 0.7720, Val Acc: 0.7732
Epoch [15/30], Batch [4000/49583], Loss: 0.2679, Train Acc: 0.7720, Val Acc: 0.7735
Epoch [15/30], Batch [5000/49583], Loss: 0.2678, Train Acc: 0.7721, Val Acc: 0.7736
Epoch [15/30], Batch [6000/49583], Loss: 0.2677, Train Acc: 0.7724, Val Acc: 0.7737
Epoch [15/30], Batch [7000/49583], Loss: 0.2673, Train Acc: 0.7728, Val Acc: 0.7738
Epoch [15/30], Batch [8000/49583], Loss: 0.2672, Train Acc: 0.7729, Val Acc: 0.7739
Epoch [15/30], Batch [9000/49583], Loss: 0.2672, Train Acc: 0.7729, Val Acc: 0.7736
Epoch [15/30], Batch [10000/49583], Loss: 0.2670, Train Acc: 0.7730, Val Acc: 0.7735
Epoch [15/30], Batch [11000/49583], Loss: 0.2669, Train Acc: 0.7732, Val Acc: 0.7739
Epoch [15/30], Batch [12000/49583], Loss: 0.2669, Train Acc: 0.7732, Val Acc: 0.7736
Epoch [15/30], Batch [13000/49583], Loss: 0.2669, Train Acc: 0.7732, Val Acc: 0.7737
Epoch [15/30], Batch [14000/49583], Loss: 0.2668, Train Acc: 0.7733, Val Acc: 0.7733
Epoch [15/30], Batch [15000/49583], Loss: 0.2669, Train Acc: 0.7732, Val Acc: 0.7733
Epoch [15/30], Batch [16000/49583], Loss: 0.2669, Train Acc: 0.7732, Val Acc: 0.7733
Epoch [15/30], Batch [17000/49583], Loss: 0.2669, Train Acc: 0.7732, Val Acc: 0.7734
Epoch [15/30], Batch [18000/49583], Loss: 0.2669, Train Acc: 0.7732, Val Acc: 0.7737
Epoch [15/30], Batch [19000/49583], Loss: 0.2669, Train Acc: 0.7733, Val Acc: 0.7737
Epoch [15/30], Batch [20000/49583], Loss: 0.2668, Train Acc: 0.7734, Val Acc: 0.7738
Epoch [15/30], Batch [21000/49583], Loss: 0.2668, Train Acc: 0.7734, Val Acc: 0.7736
Epoch [15/30], Batch [22000/49583], Loss: 0.2667, Train Acc: 0.7735, Val Acc: 0.7734
Epoch [15/30], Batch [23000/49583], Loss: 0.2668, Train Acc: 0.7734, Val Acc: 0.7736
Epoch [15/30], Batch [24000/49583], Loss: 0.2668, Train Acc: 0.7734, Val Acc: 0.7732
Epoch [15/30], Batch [25000/49583], Loss: 0.2668, Train Acc: 0.7734, Val Acc: 0.7735
Epoch [15/30], Batch [26000/49583], Loss: 0.2669, Train Acc: 0.7734, Val Acc: 0.7732
Epoch [15/30], Batch [27000/49583], Loss: 0.2669, Train Acc: 0.7734, Val Acc: 0.7738
Epoch [15/30], Batch [28000/49583], Loss: 0.2669, Train Acc: 0.7734, Val Acc: 0.7736
Epoch [15/30], Batch [29000/49583], Loss: 0.2668, Train Acc: 0.7735, Val Acc: 0.7737
Epoch [15/30], Batch [30000/49583], Loss: 0.2667, Train Acc: 0.7736, Val Acc: 0.7735
Epoch [15/30], Batch [31000/49583], Loss: 0.2666, Train Acc: 0.7736, Val Acc: 0.7741
Epoch [15/30], Batch [32000/49583], Loss: 0.2666, Train Acc: 0.7737, Val Acc: 0.7740
Epoch [15/30], Batch [33000/49583], Loss: 0.2665, Train Acc: 0.7737, Val Acc: 0.7723
Epoch [15/30], Batch [34000/49583], Loss: 0.2665, Train Acc: 0.7737, Val Acc: 0.7738
Epoch [15/30], Batch [35000/49583], Loss: 0.2666, Train Acc: 0.7737, Val Acc: 0.7738
Epoch [15/30], Batch [36000/49583], Loss: 0.2666, Train Acc: 0.7737, Val Acc: 0.7736
Epoch [15/30], Batch [37000/49583], Loss: 0.2666, Train Acc: 0.7736, Val Acc: 0.7738
Epoch [15/30], Batch [38000/49583], Loss: 0.2666, Train Acc: 0.7736, Val Acc: 0.7735
Epoch [15/30], Batch [39000/49583], Loss: 0.2666, Train Acc: 0.7736, Val Acc: 0.7735
Epoch [15/30], Batch [40000/49583], Loss: 0.2667, Train Acc: 0.7735, Val Acc: 0.7732
Epoch [15/30], Batch [41000/49583], Loss: 0.2667, Train Acc: 0.7735, Val Acc: 0.7736
Epoch [15/30], Batch [42000/49583], Loss: 0.2667, Train Acc: 0.7735, Val Acc: 0.7737
Epoch [15/30], Batch [43000/49583], Loss: 0.2667, Train Acc: 0.7736, Val Acc: 0.7737
Epoch [15/30], Batch [44000/49583], Loss: 0.2667, Train Acc: 0.7735, Val Acc: 0.7736
Epoch [15/30], Batch [45000/49583], Loss: 0.2667, Train Acc: 0.7736, Val Acc: 0.7736
Epoch [15/30], Batch [46000/49583], Loss: 0.2667, Train Acc: 0.7736, Val Acc: 0.7737
Epoch [15/30], Batch [47000/49583], Loss: 0.2668, Train Acc: 0.7735, Val Acc: 0.7742
Epoch [15/30], Batch [48000/49583], Loss: 0.2668, Train Acc: 0.7736, Val Acc: 0.7738
Epoch [15/30], Batch [49000/49583], Loss: 0.2667, Train Acc: 0.7736, Val Acc: 0.7737
Epoch [16/30], Batch [1000/49583], Loss: 0.2656, Train Acc: 0.7731, Val Acc: 0.7730
Epoch [16/30], Batch [2000/49583], Loss: 0.2666, Train Acc: 0.7727, Val Acc: 0.7729
Epoch [16/30], Batch [3000/49583], Loss: 0.2665, Train Acc: 0.7729, Val Acc: 0.7736
Epoch [16/30], Batch [4000/49583], Loss: 0.2666, Train Acc: 0.7731, Val Acc: 0.7738
Epoch [16/30], Batch [5000/49583], Loss: 0.2667, Train Acc: 0.7732, Val Acc: 0.7744
Epoch [16/30], Batch [6000/49583], Loss: 0.2669, Train Acc: 0.7731, Val Acc: 0.7739
Epoch [16/30], Batch [7000/49583], Loss: 0.2669, Train Acc: 0.7732, Val Acc: 0.7739
Epoch [16/30], Batch [8000/49583], Loss: 0.2668, Train Acc: 0.7733, Val Acc: 0.7740
Epoch [16/30], Batch [9000/49583], Loss: 0.2669, Train Acc: 0.7732, Val Acc: 0.7738
Epoch [16/30], Batch [10000/49583], Loss: 0.2667, Train Acc: 0.7734, Val Acc: 0.7736
Epoch [16/30], Batch [11000/49583], Loss: 0.2666, Train Acc: 0.7735, Val Acc: 0.7733
Epoch [16/30], Batch [12000/49583], Loss: 0.2668, Train Acc: 0.7735, Val Acc: 0.7739
Epoch [16/30], Batch [13000/49583], Loss: 0.2668, Train Acc: 0.7735, Val Acc: 0.7736
Epoch [16/30], Batch [14000/49583], Loss: 0.2668, Train Acc: 0.7735, Val Acc: 0.7739
Epoch [16/30], Batch [15000/49583], Loss: 0.2669, Train Acc: 0.7734, Val Acc: 0.7736
Epoch [16/30], Batch [16000/49583], Loss: 0.2668, Train Acc: 0.7734, Val Acc: 0.7729
Epoch [16/30], Batch [17000/49583], Loss: 0.2669, Train Acc: 0.7733, Val Acc: 0.7732
Epoch [16/30], Batch [18000/49583], Loss: 0.2668, Train Acc: 0.7733, Val Acc: 0.7733
Epoch [16/30], Batch [19000/49583], Loss: 0.2668, Train Acc: 0.7734, Val Acc: 0.7735
Epoch [16/30], Batch [20000/49583], Loss: 0.2667, Train Acc: 0.7734, Val Acc: 0.7736
Epoch [16/30], Batch [21000/49583], Loss: 0.2668, Train Acc: 0.7733, Val Acc: 0.7739
Epoch [16/30], Batch [22000/49583], Loss: 0.2667, Train Acc: 0.7734, Val Acc: 0.7739
Epoch [16/30], Batch [23000/49583], Loss: 0.2668, Train Acc: 0.7734, Val Acc: 0.7740
Epoch [16/30], Batch [24000/49583], Loss: 0.2668, Train Acc: 0.7734, Val Acc: 0.7738
Epoch [16/30], Batch [25000/49583], Loss: 0.2669, Train Acc: 0.7733, Val Acc: 0.7737
Epoch [16/30], Batch [26000/49583], Loss: 0.2669, Train Acc: 0.7734, Val Acc: 0.7739
Epoch [16/30], Batch [27000/49583], Loss: 0.2668, Train Acc: 0.7734, Val Acc: 0.7739
Epoch [16/30], Batch [28000/49583], Loss: 0.2669, Train Acc: 0.7734, Val Acc: 0.7737
Epoch [16/30], Batch [29000/49583], Loss: 0.2668, Train Acc: 0.7735, Val Acc: 0.7740
Epoch [16/30], Batch [30000/49583], Loss: 0.2667, Train Acc: 0.7736, Val Acc: 0.7736
Epoch [16/30], Batch [31000/49583], Loss: 0.2668, Train Acc: 0.7735, Val Acc: 0.7725
Epoch [16/30], Batch [32000/49583], Loss: 0.2667, Train Acc: 0.7736, Val Acc: 0.7733
Epoch [16/30], Batch [33000/49583], Loss: 0.2667, Train Acc: 0.7736, Val Acc: 0.7739
Epoch [16/30], Batch [34000/49583], Loss: 0.2667, Train Acc: 0.7736, Val Acc: 0.7735
Epoch [16/30], Batch [35000/49583], Loss: 0.2668, Train Acc: 0.7735, Val Acc: 0.7739
Epoch [16/30], Batch [36000/49583], Loss: 0.2667, Train Acc: 0.7736, Val Acc: 0.7737
Epoch [16/30], Batch [37000/49583], Loss: 0.2668, Train Acc: 0.7735, Val Acc: 0.7738
Epoch [16/30], Batch [38000/49583], Loss: 0.2667, Train Acc: 0.7736, Val Acc: 0.7738
Epoch [16/30], Batch [39000/49583], Loss: 0.2667, Train Acc: 0.7736, Val Acc: 0.7735
Epoch [16/30], Batch [40000/49583], Loss: 0.2667, Train Acc: 0.7736, Val Acc: 0.7739
Epoch [16/30], Batch [41000/49583], Loss: 0.2667, Train Acc: 0.7736, Val Acc: 0.7742
Epoch [16/30], Batch [42000/49583], Loss: 0.2667, Train Acc: 0.7736, Val Acc: 0.7736
Epoch [16/30], Batch [43000/49583], Loss: 0.2667, Train Acc: 0.7737, Val Acc: 0.7742
Epoch [16/30], Batch [44000/49583], Loss: 0.2666, Train Acc: 0.7737, Val Acc: 0.7739
Epoch [16/30], Batch [45000/49583], Loss: 0.2667, Train Acc: 0.7737, Val Acc: 0.7735
Epoch [16/30], Batch [46000/49583], Loss: 0.2667, Train Acc: 0.7736, Val Acc: 0.7738
Epoch [16/30], Batch [47000/49583], Loss: 0.2667, Train Acc: 0.7736, Val Acc: 0.7739
Epoch [16/30], Batch [48000/49583], Loss: 0.2667, Train Acc: 0.7736, Val Acc: 0.7735
Epoch [16/30], Batch [49000/49583], Loss: 0.2667, Train Acc: 0.7737, Val Acc: 0.7736
Epoch [17/30], Batch [1000/49583], Loss: 0.2669, Train Acc: 0.7732, Val Acc: 0.7739
Epoch [17/30], Batch [2000/49583], Loss: 0.2647, Train Acc: 0.7744, Val Acc: 0.7739
Epoch [17/30], Batch [3000/49583], Loss: 0.2662, Train Acc: 0.7735, Val Acc: 0.7732
Epoch [17/30], Batch [4000/49583], Loss: 0.2670, Train Acc: 0.7731, Val Acc: 0.7742
Epoch [17/30], Batch [5000/49583], Loss: 0.2673, Train Acc: 0.7731, Val Acc: 0.7740
Epoch [17/30], Batch [6000/49583], Loss: 0.2671, Train Acc: 0.7733, Val Acc: 0.7738
Epoch [17/30], Batch [7000/49583], Loss: 0.2668, Train Acc: 0.7735, Val Acc: 0.7728
Epoch [17/30], Batch [8000/49583], Loss: 0.2670, Train Acc: 0.7734, Val Acc: 0.7733
Epoch [17/30], Batch [9000/49583], Loss: 0.2671, Train Acc: 0.7734, Val Acc: 0.7736
Epoch [17/30], Batch [10000/49583], Loss: 0.2669, Train Acc: 0.7734, Val Acc: 0.7739
Epoch [17/30], Batch [11000/49583], Loss: 0.2668, Train Acc: 0.7736, Val Acc: 0.7734
Epoch [17/30], Batch [12000/49583], Loss: 0.2668, Train Acc: 0.7736, Val Acc: 0.7738
Epoch [17/30], Batch [13000/49583], Loss: 0.2668, Train Acc: 0.7736, Val Acc: 0.7735
Epoch [17/30], Batch [14000/49583], Loss: 0.2668, Train Acc: 0.7736, Val Acc: 0.7736
Epoch [17/30], Batch [15000/49583], Loss: 0.2667, Train Acc: 0.7737, Val Acc: 0.7740
Epoch [17/30], Batch [16000/49583], Loss: 0.2668, Train Acc: 0.7736, Val Acc: 0.7739
Epoch [17/30], Batch [17000/49583], Loss: 0.2669, Train Acc: 0.7736, Val Acc: 0.7741
Epoch [17/30], Batch [18000/49583], Loss: 0.2671, Train Acc: 0.7735, Val Acc: 0.7735
Epoch [17/30], Batch [19000/49583], Loss: 0.2670, Train Acc: 0.7736, Val Acc: 0.7738
Epoch [17/30], Batch [20000/49583], Loss: 0.2669, Train Acc: 0.7737, Val Acc: 0.7737
Epoch [17/30], Batch [21000/49583], Loss: 0.2668, Train Acc: 0.7737, Val Acc: 0.7733
Epoch [17/30], Batch [22000/49583], Loss: 0.2667, Train Acc: 0.7738, Val Acc: 0.7733
Epoch [17/30], Batch [23000/49583], Loss: 0.2667, Train Acc: 0.7738, Val Acc: 0.7735
Epoch [17/30], Batch [24000/49583], Loss: 0.2667, Train Acc: 0.7737, Val Acc: 0.7738
Epoch [17/30], Batch [25000/49583], Loss: 0.2668, Train Acc: 0.7738, Val Acc: 0.7738
Epoch [17/30], Batch [26000/49583], Loss: 0.2668, Train Acc: 0.7737, Val Acc: 0.7741
Epoch [17/30], Batch [27000/49583], Loss: 0.2668, Train Acc: 0.7737, Val Acc: 0.7742
Epoch [17/30], Batch [28000/49583], Loss: 0.2669, Train Acc: 0.7737, Val Acc: 0.7739
Epoch [17/30], Batch [29000/49583], Loss: 0.2668, Train Acc: 0.7737, Val Acc: 0.7737
Epoch [17/30], Batch [30000/49583], Loss: 0.2668, Train Acc: 0.7737, Val Acc: 0.7736
Epoch [17/30], Batch [31000/49583], Loss: 0.2668, Train Acc: 0.7737, Val Acc: 0.7729
Epoch [17/30], Batch [32000/49583], Loss: 0.2669, Train Acc: 0.7736, Val Acc: 0.7730
Epoch [17/30], Batch [33000/49583], Loss: 0.2668, Train Acc: 0.7736, Val Acc: 0.7732
Epoch [17/30], Batch [34000/49583], Loss: 0.2668, Train Acc: 0.7736, Val Acc: 0.7738
Epoch [17/30], Batch [35000/49583], Loss: 0.2668, Train Acc: 0.7736, Val Acc: 0.7734
Epoch [17/30], Batch [36000/49583], Loss: 0.2668, Train Acc: 0.7736, Val Acc: 0.7736
Epoch [17/30], Batch [37000/49583], Loss: 0.2668, Train Acc: 0.7736, Val Acc: 0.7735
Epoch [17/30], Batch [38000/49583], Loss: 0.2668, Train Acc: 0.7736, Val Acc: 0.7737
Epoch [17/30], Batch [39000/49583], Loss: 0.2668, Train Acc: 0.7736, Val Acc: 0.7739
Epoch [17/30], Batch [40000/49583], Loss: 0.2668, Train Acc: 0.7736, Val Acc: 0.7739
Epoch [17/30], Batch [41000/49583], Loss: 0.2668, Train Acc: 0.7736, Val Acc: 0.7738
Epoch [17/30], Batch [42000/49583], Loss: 0.2667, Train Acc: 0.7737, Val Acc: 0.7741
Epoch [17/30], Batch [43000/49583], Loss: 0.2668, Train Acc: 0.7736, Val Acc: 0.7742
Epoch [17/30], Batch [44000/49583], Loss: 0.2668, Train Acc: 0.7736, Val Acc: 0.7736
Epoch [17/30], Batch [45000/49583], Loss: 0.2668, Train Acc: 0.7736, Val Acc: 0.7738
Epoch [17/30], Batch [46000/49583], Loss: 0.2668, Train Acc: 0.7736, Val Acc: 0.7735
Epoch [17/30], Batch [47000/49583], Loss: 0.2668, Train Acc: 0.7736, Val Acc: 0.7734
Epoch [17/30], Batch [48000/49583], Loss: 0.2668, Train Acc: 0.7736, Val Acc: 0.7739
Epoch [17/30], Batch [49000/49583], Loss: 0.2668, Train Acc: 0.7736, Val Acc: 0.7736
Epoch [18/30], Batch [1000/49583], Loss: 0.2678, Train Acc: 0.7726, Val Acc: 0.7739
Epoch [18/30], Batch [2000/49583], Loss: 0.2678, Train Acc: 0.7729, Val Acc: 0.7725
Epoch [18/30], Batch [3000/49583], Loss: 0.2680, Train Acc: 0.7724, Val Acc: 0.7733
Epoch [18/30], Batch [4000/49583], Loss: 0.2678, Train Acc: 0.7728, Val Acc: 0.7734
Epoch [18/30], Batch [5000/49583], Loss: 0.2675, Train Acc: 0.7730, Val Acc: 0.7737
Epoch [18/30], Batch [6000/49583], Loss: 0.2674, Train Acc: 0.7731, Val Acc: 0.7734
Epoch [18/30], Batch [7000/49583], Loss: 0.2667, Train Acc: 0.7734, Val Acc: 0.7735
Epoch [18/30], Batch [8000/49583], Loss: 0.2667, Train Acc: 0.7735, Val Acc: 0.7738
Epoch [18/30], Batch [9000/49583], Loss: 0.2666, Train Acc: 0.7736, Val Acc: 0.7730
Epoch [18/30], Batch [10000/49583], Loss: 0.2666, Train Acc: 0.7735, Val Acc: 0.7736
Epoch [18/30], Batch [11000/49583], Loss: 0.2668, Train Acc: 0.7734, Val Acc: 0.7733
Epoch [18/30], Batch [12000/49583], Loss: 0.2668, Train Acc: 0.7734, Val Acc: 0.7719
Epoch [18/30], Batch [13000/49583], Loss: 0.2668, Train Acc: 0.7734, Val Acc: 0.7733
Epoch [18/30], Batch [14000/49583], Loss: 0.2667, Train Acc: 0.7735, Val Acc: 0.7739
Epoch [18/30], Batch [15000/49583], Loss: 0.2665, Train Acc: 0.7737, Val Acc: 0.7738
Epoch [18/30], Batch [16000/49583], Loss: 0.2664, Train Acc: 0.7738, Val Acc: 0.7741
Epoch [18/30], Batch [17000/49583], Loss: 0.2664, Train Acc: 0.7738, Val Acc: 0.7738
Epoch [18/30], Batch [18000/49583], Loss: 0.2665, Train Acc: 0.7738, Val Acc: 0.7737
Epoch [18/30], Batch [19000/49583], Loss: 0.2665, Train Acc: 0.7737, Val Acc: 0.7737
Epoch [18/30], Batch [20000/49583], Loss: 0.2666, Train Acc: 0.7737, Val Acc: 0.7739
Epoch [18/30], Batch [21000/49583], Loss: 0.2667, Train Acc: 0.7737, Val Acc: 0.7740
Epoch [18/30], Batch [22000/49583], Loss: 0.2667, Train Acc: 0.7737, Val Acc: 0.7740
Epoch [18/30], Batch [23000/49583], Loss: 0.2666, Train Acc: 0.7737, Val Acc: 0.7737
Epoch [18/30], Batch [24000/49583], Loss: 0.2666, Train Acc: 0.7737, Val Acc: 0.7740
Epoch [18/30], Batch [25000/49583], Loss: 0.2667, Train Acc: 0.7737, Val Acc: 0.7733
Epoch [18/30], Batch [26000/49583], Loss: 0.2667, Train Acc: 0.7737, Val Acc: 0.7739
Epoch [18/30], Batch [27000/49583], Loss: 0.2668, Train Acc: 0.7736, Val Acc: 0.7740
Epoch [18/30], Batch [28000/49583], Loss: 0.2667, Train Acc: 0.7736, Val Acc: 0.7738
Epoch [18/30], Batch [29000/49583], Loss: 0.2667, Train Acc: 0.7737, Val Acc: 0.7737
Epoch [18/30], Batch [30000/49583], Loss: 0.2667, Train Acc: 0.7737, Val Acc: 0.7737
Epoch [18/30], Batch [31000/49583], Loss: 0.2667, Train Acc: 0.7737, Val Acc: 0.7739
Epoch [18/30], Batch [32000/49583], Loss: 0.2667, Train Acc: 0.7736, Val Acc: 0.7731
Epoch [18/30], Batch [33000/49583], Loss: 0.2668, Train Acc: 0.7736, Val Acc: 0.7737
Epoch [18/30], Batch [34000/49583], Loss: 0.2667, Train Acc: 0.7737, Val Acc: 0.7737
Epoch [18/30], Batch [35000/49583], Loss: 0.2667, Train Acc: 0.7736, Val Acc: 0.7737
Epoch [18/30], Batch [36000/49583], Loss: 0.2668, Train Acc: 0.7736, Val Acc: 0.7737
Epoch [18/30], Batch [37000/49583], Loss: 0.2668, Train Acc: 0.7736, Val Acc: 0.7725
Epoch [18/30], Batch [38000/49583], Loss: 0.2667, Train Acc: 0.7737, Val Acc: 0.7736
Epoch [18/30], Batch [39000/49583], Loss: 0.2668, Train Acc: 0.7736, Val Acc: 0.7741
Epoch [18/30], Batch [40000/49583], Loss: 0.2668, Train Acc: 0.7736, Val Acc: 0.7741
Epoch [18/30], Batch [41000/49583], Loss: 0.2668, Train Acc: 0.7736, Val Acc: 0.7741
Epoch [18/30], Batch [42000/49583], Loss: 0.2668, Train Acc: 0.7736, Val Acc: 0.7739
Epoch [18/30], Batch [43000/49583], Loss: 0.2668, Train Acc: 0.7736, Val Acc: 0.7736
Epoch [18/30], Batch [44000/49583], Loss: 0.2668, Train Acc: 0.7736, Val Acc: 0.7736
Epoch [18/30], Batch [45000/49583], Loss: 0.2667, Train Acc: 0.7737, Val Acc: 0.7738
Epoch [18/30], Batch [46000/49583], Loss: 0.2667, Train Acc: 0.7737, Val Acc: 0.7738
Epoch [18/30], Batch [47000/49583], Loss: 0.2667, Train Acc: 0.7737, Val Acc: 0.7732
Epoch [18/30], Batch [48000/49583], Loss: 0.2667, Train Acc: 0.7737, Val Acc: 0.7738
Epoch [18/30], Batch [49000/49583], Loss: 0.2666, Train Acc: 0.7738, Val Acc: 0.7738
Epoch [19/30], Batch [1000/49583], Loss: 0.2678, Train Acc: 0.7732, Val Acc: 0.7736
Epoch [19/30], Batch [2000/49583], Loss: 0.2674, Train Acc: 0.7730, Val Acc: 0.7738
Epoch [19/30], Batch [3000/49583], Loss: 0.2674, Train Acc: 0.7731, Val Acc: 0.7737
Epoch [19/30], Batch [4000/49583], Loss: 0.2666, Train Acc: 0.7735, Val Acc: 0.7735
Epoch [19/30], Batch [5000/49583], Loss: 0.2668, Train Acc: 0.7734, Val Acc: 0.7736
Epoch [19/30], Batch [6000/49583], Loss: 0.2668, Train Acc: 0.7735, Val Acc: 0.7739
Epoch [19/30], Batch [7000/49583], Loss: 0.2667, Train Acc: 0.7737, Val Acc: 0.7733
Epoch [19/30], Batch [8000/49583], Loss: 0.2666, Train Acc: 0.7737, Val Acc: 0.7735
Epoch [19/30], Batch [9000/49583], Loss: 0.2668, Train Acc: 0.7736, Val Acc: 0.7737
Epoch [19/30], Batch [10000/49583], Loss: 0.2668, Train Acc: 0.7736, Val Acc: 0.7738
Epoch [19/30], Batch [11000/49583], Loss: 0.2665, Train Acc: 0.7737, Val Acc: 0.7737
Epoch [19/30], Batch [12000/49583], Loss: 0.2667, Train Acc: 0.7736, Val Acc: 0.7741
Epoch [19/30], Batch [13000/49583], Loss: 0.2666, Train Acc: 0.7736, Val Acc: 0.7740
Epoch [19/30], Batch [14000/49583], Loss: 0.2666, Train Acc: 0.7736, Val Acc: 0.7740
Epoch [19/30], Batch [15000/49583], Loss: 0.2665, Train Acc: 0.7738, Val Acc: 0.7734
Epoch [19/30], Batch [16000/49583], Loss: 0.2667, Train Acc: 0.7737, Val Acc: 0.7740
Epoch [19/30], Batch [17000/49583], Loss: 0.2667, Train Acc: 0.7737, Val Acc: 0.7740
Epoch [19/30], Batch [18000/49583], Loss: 0.2667, Train Acc: 0.7737, Val Acc: 0.7741
Epoch [19/30], Batch [19000/49583], Loss: 0.2667, Train Acc: 0.7737, Val Acc: 0.7739
Epoch [19/30], Batch [20000/49583], Loss: 0.2666, Train Acc: 0.7738, Val Acc: 0.7736
Epoch [19/30], Batch [21000/49583], Loss: 0.2666, Train Acc: 0.7737, Val Acc: 0.7735
Epoch [19/30], Batch [22000/49583], Loss: 0.2666, Train Acc: 0.7737, Val Acc: 0.7740
Epoch [19/30], Batch [23000/49583], Loss: 0.2666, Train Acc: 0.7737, Val Acc: 0.7740
Epoch [19/30], Batch [24000/49583], Loss: 0.2667, Train Acc: 0.7736, Val Acc: 0.7740
Epoch [19/30], Batch [25000/49583], Loss: 0.2667, Train Acc: 0.7737, Val Acc: 0.7741
Epoch [19/30], Batch [26000/49583], Loss: 0.2667, Train Acc: 0.7737, Val Acc: 0.7739
Epoch [19/30], Batch [27000/49583], Loss: 0.2667, Train Acc: 0.7737, Val Acc: 0.7740
Epoch [19/30], Batch [28000/49583], Loss: 0.2668, Train Acc: 0.7737, Val Acc: 0.7732
Epoch [19/30], Batch [29000/49583], Loss: 0.2668, Train Acc: 0.7737, Val Acc: 0.7735
Epoch [19/30], Batch [30000/49583], Loss: 0.2669, Train Acc: 0.7737, Val Acc: 0.7738
Epoch [19/30], Batch [31000/49583], Loss: 0.2668, Train Acc: 0.7737, Val Acc: 0.7740
Epoch [19/30], Batch [32000/49583], Loss: 0.2668, Train Acc: 0.7737, Val Acc: 0.7735
Epoch [19/30], Batch [33000/49583], Loss: 0.2669, Train Acc: 0.7737, Val Acc: 0.7735
Epoch [19/30], Batch [34000/49583], Loss: 0.2670, Train Acc: 0.7736, Val Acc: 0.7738
Epoch [19/30], Batch [35000/49583], Loss: 0.2670, Train Acc: 0.7736, Val Acc: 0.7739
Epoch [19/30], Batch [36000/49583], Loss: 0.2669, Train Acc: 0.7737, Val Acc: 0.7736
Epoch [19/30], Batch [37000/49583], Loss: 0.2668, Train Acc: 0.7737, Val Acc: 0.7736
Epoch [19/30], Batch [38000/49583], Loss: 0.2668, Train Acc: 0.7737, Val Acc: 0.7739
Epoch [19/30], Batch [39000/49583], Loss: 0.2668, Train Acc: 0.7737, Val Acc: 0.7742
Epoch [19/30], Batch [40000/49583], Loss: 0.2668, Train Acc: 0.7737, Val Acc: 0.7739
Epoch [19/30], Batch [41000/49583], Loss: 0.2667, Train Acc: 0.7738, Val Acc: 0.7737
Epoch [19/30], Batch [42000/49583], Loss: 0.2667, Train Acc: 0.7738, Val Acc: 0.7735
Epoch [19/30], Batch [43000/49583], Loss: 0.2668, Train Acc: 0.7737, Val Acc: 0.7736
Epoch [19/30], Batch [44000/49583], Loss: 0.2668, Train Acc: 0.7737, Val Acc: 0.7736
Epoch [19/30], Batch [45000/49583], Loss: 0.2667, Train Acc: 0.7737, Val Acc: 0.7735
Epoch [19/30], Batch [46000/49583], Loss: 0.2668, Train Acc: 0.7737, Val Acc: 0.7743
Epoch [19/30], Batch [47000/49583], Loss: 0.2667, Train Acc: 0.7738, Val Acc: 0.7741
Epoch [19/30], Batch [48000/49583], Loss: 0.2667, Train Acc: 0.7738, Val Acc: 0.7743
Epoch [19/30], Batch [49000/49583], Loss: 0.2667, Train Acc: 0.7738, Val Acc: 0.7739
Epoch [20/30], Batch [1000/49583], Loss: 0.2669, Train Acc: 0.7747, Val Acc: 0.7739
Epoch [20/30], Batch [2000/49583], Loss: 0.2671, Train Acc: 0.7736, Val Acc: 0.7735
Epoch [20/30], Batch [3000/49583], Loss: 0.2670, Train Acc: 0.7738, Val Acc: 0.7741
Epoch [20/30], Batch [4000/49583], Loss: 0.2671, Train Acc: 0.7737, Val Acc: 0.7740
Epoch [20/30], Batch [5000/49583], Loss: 0.2672, Train Acc: 0.7735, Val Acc: 0.7738
Epoch [20/30], Batch [6000/49583], Loss: 0.2672, Train Acc: 0.7734, Val Acc: 0.7741
Epoch [20/30], Batch [7000/49583], Loss: 0.2675, Train Acc: 0.7734, Val Acc: 0.7733
Epoch [20/30], Batch [8000/49583], Loss: 0.2672, Train Acc: 0.7737, Val Acc: 0.7739
Epoch [20/30], Batch [9000/49583], Loss: 0.2674, Train Acc: 0.7737, Val Acc: 0.7737
Epoch [20/30], Batch [10000/49583], Loss: 0.2674, Train Acc: 0.7736, Val Acc: 0.7739
Epoch [20/30], Batch [11000/49583], Loss: 0.2674, Train Acc: 0.7735, Val Acc: 0.7739
Epoch [20/30], Batch [12000/49583], Loss: 0.2674, Train Acc: 0.7735, Val Acc: 0.7736
Epoch [20/30], Batch [13000/49583], Loss: 0.2673, Train Acc: 0.7735, Val Acc: 0.7736
Epoch [20/30], Batch [14000/49583], Loss: 0.2671, Train Acc: 0.7736, Val Acc: 0.7738
Epoch [20/30], Batch [15000/49583], Loss: 0.2671, Train Acc: 0.7736, Val Acc: 0.7736
Epoch [20/30], Batch [16000/49583], Loss: 0.2671, Train Acc: 0.7736, Val Acc: 0.7736
Epoch [20/30], Batch [17000/49583], Loss: 0.2670, Train Acc: 0.7737, Val Acc: 0.7740
Epoch [20/30], Batch [18000/49583], Loss: 0.2669, Train Acc: 0.7737, Val Acc: 0.7737
Epoch [20/30], Batch [19000/49583], Loss: 0.2668, Train Acc: 0.7738, Val Acc: 0.7738
Epoch [20/30], Batch [20000/49583], Loss: 0.2668, Train Acc: 0.7737, Val Acc: 0.7730
Epoch [20/30], Batch [21000/49583], Loss: 0.2669, Train Acc: 0.7736, Val Acc: 0.7735
Epoch [20/30], Batch [22000/49583], Loss: 0.2670, Train Acc: 0.7735, Val Acc: 0.7737
Epoch [20/30], Batch [23000/49583], Loss: 0.2669, Train Acc: 0.7736, Val Acc: 0.7740
Epoch [20/30], Batch [24000/49583], Loss: 0.2669, Train Acc: 0.7737, Val Acc: 0.7740
Epoch [20/30], Batch [25000/49583], Loss: 0.2669, Train Acc: 0.7737, Val Acc: 0.7739
Epoch [20/30], Batch [26000/49583], Loss: 0.2668, Train Acc: 0.7738, Val Acc: 0.7740
Epoch [20/30], Batch [27000/49583], Loss: 0.2668, Train Acc: 0.7738, Val Acc: 0.7739
Epoch [20/30], Batch [28000/49583], Loss: 0.2668, Train Acc: 0.7738, Val Acc: 0.7738
Epoch [20/30], Batch [29000/49583], Loss: 0.2668, Train Acc: 0.7738, Val Acc: 0.7740
Epoch [20/30], Batch [30000/49583], Loss: 0.2668, Train Acc: 0.7738, Val Acc: 0.7738
Epoch [20/30], Batch [31000/49583], Loss: 0.2668, Train Acc: 0.7738, Val Acc: 0.7739
Epoch [20/30], Batch [32000/49583], Loss: 0.2667, Train Acc: 0.7739, Val Acc: 0.7740
Epoch [20/30], Batch [33000/49583], Loss: 0.2668, Train Acc: 0.7738, Val Acc: 0.7738
Epoch [20/30], Batch [34000/49583], Loss: 0.2668, Train Acc: 0.7738, Val Acc: 0.7734
Epoch [20/30], Batch [35000/49583], Loss: 0.2668, Train Acc: 0.7738, Val Acc: 0.7738
Epoch [20/30], Batch [36000/49583], Loss: 0.2668, Train Acc: 0.7738, Val Acc: 0.7735
Epoch [20/30], Batch [37000/49583], Loss: 0.2668, Train Acc: 0.7738, Val Acc: 0.7735
Epoch [20/30], Batch [38000/49583], Loss: 0.2668, Train Acc: 0.7738, Val Acc: 0.7738
Epoch [20/30], Batch [39000/49583], Loss: 0.2669, Train Acc: 0.7738, Val Acc: 0.7734
Epoch [20/30], Batch [40000/49583], Loss: 0.2669, Train Acc: 0.7738, Val Acc: 0.7734
Epoch [20/30], Batch [41000/49583], Loss: 0.2668, Train Acc: 0.7738, Val Acc: 0.7739
Epoch [20/30], Batch [42000/49583], Loss: 0.2668, Train Acc: 0.7738, Val Acc: 0.7738
Epoch [20/30], Batch [43000/49583], Loss: 0.2668, Train Acc: 0.7738, Val Acc: 0.7741
Epoch [20/30], Batch [44000/49583], Loss: 0.2667, Train Acc: 0.7739, Val Acc: 0.7738
Epoch [20/30], Batch [45000/49583], Loss: 0.2668, Train Acc: 0.7738, Val Acc: 0.7739
Epoch [20/30], Batch [46000/49583], Loss: 0.2668, Train Acc: 0.7738, Val Acc: 0.7738
Epoch [20/30], Batch [47000/49583], Loss: 0.2667, Train Acc: 0.7738, Val Acc: 0.7739
Epoch [20/30], Batch [48000/49583], Loss: 0.2667, Train Acc: 0.7738, Val Acc: 0.7737
Epoch [20/30], Batch [49000/49583], Loss: 0.2667, Train Acc: 0.7738, Val Acc: 0.7733
Saving checkpoint at epoch 20...
Model saved to /home/sar0033/blindscrambler/scripts/models/models_ACC_epoch_20.onnx
Epoch [21/30], Batch [1000/49583], Loss: 0.2653, Train Acc: 0.7749, Val Acc: 0.7737
Epoch [21/30], Batch [2000/49583], Loss: 0.2668, Train Acc: 0.7734, Val Acc: 0.7733
Epoch [21/30], Batch [3000/49583], Loss: 0.2656, Train Acc: 0.7742, Val Acc: 0.7736
Epoch [21/30], Batch [4000/49583], Loss: 0.2656, Train Acc: 0.7746, Val Acc: 0.7736
Epoch [21/30], Batch [5000/49583], Loss: 0.2659, Train Acc: 0.7744, Val Acc: 0.7735
Epoch [21/30], Batch [6000/49583], Loss: 0.2659, Train Acc: 0.7743, Val Acc: 0.7735
Epoch [21/30], Batch [7000/49583], Loss: 0.2661, Train Acc: 0.7742, Val Acc: 0.7733
Epoch [21/30], Batch [8000/49583], Loss: 0.2663, Train Acc: 0.7740, Val Acc: 0.7736
Epoch [21/30], Batch [9000/49583], Loss: 0.2663, Train Acc: 0.7740, Val Acc: 0.7736
Epoch [21/30], Batch [10000/49583], Loss: 0.2662, Train Acc: 0.7740, Val Acc: 0.7733
Epoch [21/30], Batch [11000/49583], Loss: 0.2665, Train Acc: 0.7738, Val Acc: 0.7737
Epoch [21/30], Batch [12000/49583], Loss: 0.2663, Train Acc: 0.7740, Val Acc: 0.7738
Epoch [21/30], Batch [13000/49583], Loss: 0.2663, Train Acc: 0.7739, Val Acc: 0.7738
Epoch [21/30], Batch [14000/49583], Loss: 0.2661, Train Acc: 0.7740, Val Acc: 0.7737
Epoch [21/30], Batch [15000/49583], Loss: 0.2661, Train Acc: 0.7740, Val Acc: 0.7736
Epoch [21/30], Batch [16000/49583], Loss: 0.2663, Train Acc: 0.7738, Val Acc: 0.7737
Epoch [21/30], Batch [17000/49583], Loss: 0.2662, Train Acc: 0.7739, Val Acc: 0.7735
Epoch [21/30], Batch [18000/49583], Loss: 0.2661, Train Acc: 0.7740, Val Acc: 0.7735
Epoch [21/30], Batch [19000/49583], Loss: 0.2662, Train Acc: 0.7740, Val Acc: 0.7737
Epoch [21/30], Batch [20000/49583], Loss: 0.2664, Train Acc: 0.7739, Val Acc: 0.7737
Epoch [21/30], Batch [21000/49583], Loss: 0.2665, Train Acc: 0.7738, Val Acc: 0.7737
Epoch [21/30], Batch [22000/49583], Loss: 0.2663, Train Acc: 0.7740, Val Acc: 0.7737
Epoch [21/30], Batch [23000/49583], Loss: 0.2664, Train Acc: 0.7740, Val Acc: 0.7739
Epoch [21/30], Batch [24000/49583], Loss: 0.2665, Train Acc: 0.7739, Val Acc: 0.7736
Epoch [21/30], Batch [25000/49583], Loss: 0.2665, Train Acc: 0.7739, Val Acc: 0.7736
Epoch [21/30], Batch [26000/49583], Loss: 0.2666, Train Acc: 0.7738, Val Acc: 0.7739
Epoch [21/30], Batch [27000/49583], Loss: 0.2667, Train Acc: 0.7738, Val Acc: 0.7738
Epoch [21/30], Batch [28000/49583], Loss: 0.2667, Train Acc: 0.7737, Val Acc: 0.7738
Epoch [21/30], Batch [29000/49583], Loss: 0.2667, Train Acc: 0.7738, Val Acc: 0.7737
Epoch [21/30], Batch [30000/49583], Loss: 0.2667, Train Acc: 0.7738, Val Acc: 0.7737
Epoch [21/30], Batch [31000/49583], Loss: 0.2666, Train Acc: 0.7738, Val Acc: 0.7737
Epoch [21/30], Batch [32000/49583], Loss: 0.2666, Train Acc: 0.7738, Val Acc: 0.7735
Epoch [21/30], Batch [33000/49583], Loss: 0.2665, Train Acc: 0.7739, Val Acc: 0.7736
Epoch [21/30], Batch [34000/49583], Loss: 0.2665, Train Acc: 0.7739, Val Acc: 0.7736
Epoch [21/30], Batch [35000/49583], Loss: 0.2665, Train Acc: 0.7739, Val Acc: 0.7738
Epoch [21/30], Batch [36000/49583], Loss: 0.2665, Train Acc: 0.7739, Val Acc: 0.7736
Epoch [21/30], Batch [37000/49583], Loss: 0.2665, Train Acc: 0.7738, Val Acc: 0.7735
Epoch [21/30], Batch [38000/49583], Loss: 0.2665, Train Acc: 0.7738, Val Acc: 0.7736
Epoch [21/30], Batch [39000/49583], Loss: 0.2665, Train Acc: 0.7738, Val Acc: 0.7738
Epoch [21/30], Batch [40000/49583], Loss: 0.2665, Train Acc: 0.7738, Val Acc: 0.7737
Epoch [21/30], Batch [41000/49583], Loss: 0.2665, Train Acc: 0.7737, Val Acc: 0.7739
Epoch [21/30], Batch [42000/49583], Loss: 0.2666, Train Acc: 0.7737, Val Acc: 0.7733
Epoch [21/30], Batch [43000/49583], Loss: 0.2666, Train Acc: 0.7737, Val Acc: 0.7735
Epoch [21/30], Batch [44000/49583], Loss: 0.2666, Train Acc: 0.7737, Val Acc: 0.7734
Epoch [21/30], Batch [45000/49583], Loss: 0.2666, Train Acc: 0.7737, Val Acc: 0.7735
Epoch [21/30], Batch [46000/49583], Loss: 0.2666, Train Acc: 0.7736, Val Acc: 0.7735
Epoch [21/30], Batch [47000/49583], Loss: 0.2667, Train Acc: 0.7736, Val Acc: 0.7735
Epoch [21/30], Batch [48000/49583], Loss: 0.2666, Train Acc: 0.7736, Val Acc: 0.7734
Epoch [21/30], Batch [49000/49583], Loss: 0.2666, Train Acc: 0.7736, Val Acc: 0.7731
Epoch [22/30], Batch [1000/49583], Loss: 0.2665, Train Acc: 0.7740, Val Acc: 0.7735
Epoch [22/30], Batch [2000/49583], Loss: 0.2656, Train Acc: 0.7749, Val Acc: 0.7736
Epoch [22/30], Batch [3000/49583], Loss: 0.2652, Train Acc: 0.7748, Val Acc: 0.7735
Epoch [22/30], Batch [4000/49583], Loss: 0.2653, Train Acc: 0.7748, Val Acc: 0.7733
Epoch [22/30], Batch [5000/49583], Loss: 0.2651, Train Acc: 0.7746, Val Acc: 0.7736
Epoch [22/30], Batch [6000/49583], Loss: 0.2656, Train Acc: 0.7743, Val Acc: 0.7734
Epoch [22/30], Batch [7000/49583], Loss: 0.2658, Train Acc: 0.7742, Val Acc: 0.7732
Epoch [22/30], Batch [8000/49583], Loss: 0.2657, Train Acc: 0.7742, Val Acc: 0.7733
Epoch [22/30], Batch [9000/49583], Loss: 0.2658, Train Acc: 0.7742, Val Acc: 0.7734
Epoch [22/30], Batch [10000/49583], Loss: 0.2660, Train Acc: 0.7741, Val Acc: 0.7732
Epoch [22/30], Batch [11000/49583], Loss: 0.2659, Train Acc: 0.7741, Val Acc: 0.7736
Epoch [22/30], Batch [12000/49583], Loss: 0.2658, Train Acc: 0.7742, Val Acc: 0.7735
Epoch [22/30], Batch [13000/49583], Loss: 0.2659, Train Acc: 0.7741, Val Acc: 0.7732
Epoch [22/30], Batch [14000/49583], Loss: 0.2660, Train Acc: 0.7741, Val Acc: 0.7734
Epoch [22/30], Batch [15000/49583], Loss: 0.2660, Train Acc: 0.7741, Val Acc: 0.7736
Epoch [22/30], Batch [16000/49583], Loss: 0.2662, Train Acc: 0.7740, Val Acc: 0.7734
Epoch [22/30], Batch [17000/49583], Loss: 0.2664, Train Acc: 0.7739, Val Acc: 0.7734
Epoch [22/30], Batch [18000/49583], Loss: 0.2665, Train Acc: 0.7738, Val Acc: 0.7734
Epoch [22/30], Batch [19000/49583], Loss: 0.2664, Train Acc: 0.7738, Val Acc: 0.7734
Epoch [22/30], Batch [20000/49583], Loss: 0.2665, Train Acc: 0.7738, Val Acc: 0.7735
Epoch [22/30], Batch [21000/49583], Loss: 0.2665, Train Acc: 0.7738, Val Acc: 0.7736
Epoch [22/30], Batch [22000/49583], Loss: 0.2665, Train Acc: 0.7738, Val Acc: 0.7736
Epoch [22/30], Batch [23000/49583], Loss: 0.2665, Train Acc: 0.7738, Val Acc: 0.7736
Epoch [22/30], Batch [24000/49583], Loss: 0.2666, Train Acc: 0.7737, Val Acc: 0.7736
Epoch [22/30], Batch [25000/49583], Loss: 0.2666, Train Acc: 0.7737, Val Acc: 0.7737
Epoch [22/30], Batch [26000/49583], Loss: 0.2667, Train Acc: 0.7736, Val Acc: 0.7738
Epoch [22/30], Batch [27000/49583], Loss: 0.2668, Train Acc: 0.7735, Val Acc: 0.7737
Epoch [22/30], Batch [28000/49583], Loss: 0.2667, Train Acc: 0.7736, Val Acc: 0.7737
Epoch [22/30], Batch [29000/49583], Loss: 0.2667, Train Acc: 0.7736, Val Acc: 0.7736
Epoch [22/30], Batch [30000/49583], Loss: 0.2666, Train Acc: 0.7736, Val Acc: 0.7738
Epoch [22/30], Batch [31000/49583], Loss: 0.2666, Train Acc: 0.7736, Val Acc: 0.7735
Epoch [22/30], Batch [32000/49583], Loss: 0.2667, Train Acc: 0.7735, Val Acc: 0.7737
Epoch [22/30], Batch [33000/49583], Loss: 0.2666, Train Acc: 0.7736, Val Acc: 0.7737
Epoch [22/30], Batch [34000/49583], Loss: 0.2666, Train Acc: 0.7736, Val Acc: 0.7738
Epoch [22/30], Batch [35000/49583], Loss: 0.2665, Train Acc: 0.7736, Val Acc: 0.7738
Epoch [22/30], Batch [36000/49583], Loss: 0.2665, Train Acc: 0.7736, Val Acc: 0.7736
Epoch [22/30], Batch [37000/49583], Loss: 0.2664, Train Acc: 0.7737, Val Acc: 0.7737
Epoch [22/30], Batch [38000/49583], Loss: 0.2665, Train Acc: 0.7737, Val Acc: 0.7737
Epoch [22/30], Batch [39000/49583], Loss: 0.2665, Train Acc: 0.7737, Val Acc: 0.7737
Epoch [22/30], Batch [40000/49583], Loss: 0.2666, Train Acc: 0.7736, Val Acc: 0.7736
Epoch [22/30], Batch [41000/49583], Loss: 0.2666, Train Acc: 0.7736, Val Acc: 0.7736
Epoch [22/30], Batch [42000/49583], Loss: 0.2666, Train Acc: 0.7736, Val Acc: 0.7735
Epoch [22/30], Batch [43000/49583], Loss: 0.2665, Train Acc: 0.7736, Val Acc: 0.7737
Epoch [22/30], Batch [44000/49583], Loss: 0.2665, Train Acc: 0.7737, Val Acc: 0.7739
Epoch [22/30], Batch [45000/49583], Loss: 0.2665, Train Acc: 0.7736, Val Acc: 0.7737
Epoch [22/30], Batch [46000/49583], Loss: 0.2665, Train Acc: 0.7736, Val Acc: 0.7736
Epoch [22/30], Batch [47000/49583], Loss: 0.2665, Train Acc: 0.7737, Val Acc: 0.7736
Epoch [22/30], Batch [48000/49583], Loss: 0.2666, Train Acc: 0.7736, Val Acc: 0.7737
Epoch [22/30], Batch [49000/49583], Loss: 0.2666, Train Acc: 0.7736, Val Acc: 0.7738
Epoch [23/30], Batch [1000/49583], Loss: 0.2656, Train Acc: 0.7747, Val Acc: 0.7738
Epoch [23/30], Batch [2000/49583], Loss: 0.2661, Train Acc: 0.7743, Val Acc: 0.7737
Epoch [23/30], Batch [3000/49583], Loss: 0.2666, Train Acc: 0.7739, Val Acc: 0.7735
Epoch [23/30], Batch [4000/49583], Loss: 0.2666, Train Acc: 0.7738, Val Acc: 0.7737
Epoch [23/30], Batch [5000/49583], Loss: 0.2664, Train Acc: 0.7738, Val Acc: 0.7737
Epoch [23/30], Batch [6000/49583], Loss: 0.2668, Train Acc: 0.7737, Val Acc: 0.7736
Epoch [23/30], Batch [7000/49583], Loss: 0.2669, Train Acc: 0.7737, Val Acc: 0.7737
Epoch [23/30], Batch [8000/49583], Loss: 0.2668, Train Acc: 0.7737, Val Acc: 0.7736
Epoch [23/30], Batch [9000/49583], Loss: 0.2669, Train Acc: 0.7736, Val Acc: 0.7738
Epoch [23/30], Batch [10000/49583], Loss: 0.2670, Train Acc: 0.7734, Val Acc: 0.7738
Epoch [23/30], Batch [11000/49583], Loss: 0.2670, Train Acc: 0.7734, Val Acc: 0.7731
Epoch [23/30], Batch [12000/49583], Loss: 0.2670, Train Acc: 0.7734, Val Acc: 0.7738
Epoch [23/30], Batch [13000/49583], Loss: 0.2671, Train Acc: 0.7735, Val Acc: 0.7736
Epoch [23/30], Batch [14000/49583], Loss: 0.2671, Train Acc: 0.7735, Val Acc: 0.7738
Epoch [23/30], Batch [15000/49583], Loss: 0.2671, Train Acc: 0.7736, Val Acc: 0.7738
Epoch [23/30], Batch [16000/49583], Loss: 0.2669, Train Acc: 0.7736, Val Acc: 0.7738
Epoch [23/30], Batch [17000/49583], Loss: 0.2668, Train Acc: 0.7737, Val Acc: 0.7738
Epoch [23/30], Batch [18000/49583], Loss: 0.2667, Train Acc: 0.7737, Val Acc: 0.7738
Epoch [23/30], Batch [19000/49583], Loss: 0.2666, Train Acc: 0.7738, Val Acc: 0.7736
Epoch [23/30], Batch [20000/49583], Loss: 0.2666, Train Acc: 0.7738, Val Acc: 0.7733
Epoch [23/30], Batch [21000/49583], Loss: 0.2667, Train Acc: 0.7738, Val Acc: 0.7737
Epoch [23/30], Batch [22000/49583], Loss: 0.2667, Train Acc: 0.7737, Val Acc: 0.7738
Epoch [23/30], Batch [23000/49583], Loss: 0.2667, Train Acc: 0.7738, Val Acc: 0.7735
Epoch [23/30], Batch [24000/49583], Loss: 0.2667, Train Acc: 0.7737, Val Acc: 0.7737
Epoch [23/30], Batch [25000/49583], Loss: 0.2666, Train Acc: 0.7738, Val Acc: 0.7736
Epoch [23/30], Batch [26000/49583], Loss: 0.2666, Train Acc: 0.7738, Val Acc: 0.7737
Epoch [23/30], Batch [27000/49583], Loss: 0.2666, Train Acc: 0.7738, Val Acc: 0.7737
Epoch [23/30], Batch [28000/49583], Loss: 0.2666, Train Acc: 0.7738, Val Acc: 0.7738
Epoch [23/30], Batch [29000/49583], Loss: 0.2666, Train Acc: 0.7738, Val Acc: 0.7737
Epoch [23/30], Batch [30000/49583], Loss: 0.2666, Train Acc: 0.7738, Val Acc: 0.7737
Epoch [23/30], Batch [31000/49583], Loss: 0.2666, Train Acc: 0.7738, Val Acc: 0.7741
Epoch [23/30], Batch [32000/49583], Loss: 0.2665, Train Acc: 0.7738, Val Acc: 0.7738
Epoch [23/30], Batch [33000/49583], Loss: 0.2666, Train Acc: 0.7738, Val Acc: 0.7740
Epoch [23/30], Batch [34000/49583], Loss: 0.2666, Train Acc: 0.7737, Val Acc: 0.7739
Epoch [23/30], Batch [35000/49583], Loss: 0.2665, Train Acc: 0.7738, Val Acc: 0.7737
Epoch [23/30], Batch [36000/49583], Loss: 0.2666, Train Acc: 0.7737, Val Acc: 0.7739
Epoch [23/30], Batch [37000/49583], Loss: 0.2665, Train Acc: 0.7737, Val Acc: 0.7737
Epoch [23/30], Batch [38000/49583], Loss: 0.2665, Train Acc: 0.7738, Val Acc: 0.7736
Epoch [23/30], Batch [39000/49583], Loss: 0.2665, Train Acc: 0.7738, Val Acc: 0.7737
Epoch [23/30], Batch [40000/49583], Loss: 0.2665, Train Acc: 0.7738, Val Acc: 0.7736
Epoch [23/30], Batch [41000/49583], Loss: 0.2664, Train Acc: 0.7738, Val Acc: 0.7738
Epoch [23/30], Batch [42000/49583], Loss: 0.2664, Train Acc: 0.7738, Val Acc: 0.7738
Epoch [23/30], Batch [43000/49583], Loss: 0.2665, Train Acc: 0.7738, Val Acc: 0.7735
Epoch [23/30], Batch [44000/49583], Loss: 0.2665, Train Acc: 0.7738, Val Acc: 0.7734
Epoch [23/30], Batch [45000/49583], Loss: 0.2665, Train Acc: 0.7738, Val Acc: 0.7736
Epoch [23/30], Batch [46000/49583], Loss: 0.2664, Train Acc: 0.7738, Val Acc: 0.7736
Epoch [23/30], Batch [47000/49583], Loss: 0.2665, Train Acc: 0.7738, Val Acc: 0.7736
Epoch [23/30], Batch [48000/49583], Loss: 0.2665, Train Acc: 0.7738, Val Acc: 0.7736
Epoch [23/30], Batch [49000/49583], Loss: 0.2665, Train Acc: 0.7738, Val Acc: 0.7736
Epoch [24/30], Batch [1000/49583], Loss: 0.2659, Train Acc: 0.7746, Val Acc: 0.7735
Epoch [24/30], Batch [2000/49583], Loss: 0.2655, Train Acc: 0.7749, Val Acc: 0.7734
Epoch [24/30], Batch [3000/49583], Loss: 0.2658, Train Acc: 0.7748, Val Acc: 0.7737
Epoch [24/30], Batch [4000/49583], Loss: 0.2658, Train Acc: 0.7747, Val Acc: 0.7735
Epoch [24/30], Batch [5000/49583], Loss: 0.2655, Train Acc: 0.7748, Val Acc: 0.7737
Epoch [24/30], Batch [6000/49583], Loss: 0.2656, Train Acc: 0.7747, Val Acc: 0.7736
Epoch [24/30], Batch [7000/49583], Loss: 0.2658, Train Acc: 0.7744, Val Acc: 0.7734
Epoch [24/30], Batch [8000/49583], Loss: 0.2657, Train Acc: 0.7746, Val Acc: 0.7735
Epoch [24/30], Batch [9000/49583], Loss: 0.2659, Train Acc: 0.7744, Val Acc: 0.7735
Epoch [24/30], Batch [10000/49583], Loss: 0.2661, Train Acc: 0.7742, Val Acc: 0.7736
Epoch [24/30], Batch [11000/49583], Loss: 0.2661, Train Acc: 0.7742, Val Acc: 0.7735
Epoch [24/30], Batch [12000/49583], Loss: 0.2660, Train Acc: 0.7743, Val Acc: 0.7736
Epoch [24/30], Batch [13000/49583], Loss: 0.2659, Train Acc: 0.7743, Val Acc: 0.7736
Epoch [24/30], Batch [14000/49583], Loss: 0.2660, Train Acc: 0.7742, Val Acc: 0.7737
Epoch [24/30], Batch [15000/49583], Loss: 0.2661, Train Acc: 0.7741, Val Acc: 0.7738
Epoch [24/30], Batch [16000/49583], Loss: 0.2661, Train Acc: 0.7741, Val Acc: 0.7737
Epoch [24/30], Batch [17000/49583], Loss: 0.2662, Train Acc: 0.7741, Val Acc: 0.7738
Epoch [24/30], Batch [18000/49583], Loss: 0.2663, Train Acc: 0.7741, Val Acc: 0.7738
Epoch [24/30], Batch [19000/49583], Loss: 0.2663, Train Acc: 0.7741, Val Acc: 0.7738
Epoch [24/30], Batch [20000/49583], Loss: 0.2663, Train Acc: 0.7741, Val Acc: 0.7736
Epoch [24/30], Batch [21000/49583], Loss: 0.2664, Train Acc: 0.7740, Val Acc: 0.7736
Epoch [24/30], Batch [22000/49583], Loss: 0.2662, Train Acc: 0.7741, Val Acc: 0.7738
Epoch [24/30], Batch [23000/49583], Loss: 0.2662, Train Acc: 0.7742, Val Acc: 0.7736
Epoch [24/30], Batch [24000/49583], Loss: 0.2662, Train Acc: 0.7741, Val Acc: 0.7736
Epoch [24/30], Batch [25000/49583], Loss: 0.2662, Train Acc: 0.7741, Val Acc: 0.7739
Epoch [24/30], Batch [26000/49583], Loss: 0.2663, Train Acc: 0.7741, Val Acc: 0.7737
Epoch [24/30], Batch [27000/49583], Loss: 0.2663, Train Acc: 0.7740, Val Acc: 0.7738
Epoch [24/30], Batch [28000/49583], Loss: 0.2664, Train Acc: 0.7739, Val Acc: 0.7736
Epoch [24/30], Batch [29000/49583], Loss: 0.2665, Train Acc: 0.7739, Val Acc: 0.7737
Epoch [24/30], Batch [30000/49583], Loss: 0.2664, Train Acc: 0.7740, Val Acc: 0.7734
Epoch [24/30], Batch [31000/49583], Loss: 0.2664, Train Acc: 0.7739, Val Acc: 0.7736
Epoch [24/30], Batch [32000/49583], Loss: 0.2665, Train Acc: 0.7739, Val Acc: 0.7737
Epoch [24/30], Batch [33000/49583], Loss: 0.2664, Train Acc: 0.7739, Val Acc: 0.7736
Epoch [24/30], Batch [34000/49583], Loss: 0.2664, Train Acc: 0.7739, Val Acc: 0.7734
Epoch [24/30], Batch [35000/49583], Loss: 0.2664, Train Acc: 0.7740, Val Acc: 0.7732
Epoch [24/30], Batch [36000/49583], Loss: 0.2663, Train Acc: 0.7740, Val Acc: 0.7737
Epoch [24/30], Batch [37000/49583], Loss: 0.2664, Train Acc: 0.7739, Val Acc: 0.7735
Epoch [24/30], Batch [38000/49583], Loss: 0.2664, Train Acc: 0.7739, Val Acc: 0.7737
Epoch [24/30], Batch [39000/49583], Loss: 0.2664, Train Acc: 0.7739, Val Acc: 0.7734
Epoch [24/30], Batch [40000/49583], Loss: 0.2664, Train Acc: 0.7739, Val Acc: 0.7737
Epoch [24/30], Batch [41000/49583], Loss: 0.2665, Train Acc: 0.7738, Val Acc: 0.7735
Epoch [24/30], Batch [42000/49583], Loss: 0.2665, Train Acc: 0.7738, Val Acc: 0.7737
Epoch [24/30], Batch [43000/49583], Loss: 0.2665, Train Acc: 0.7738, Val Acc: 0.7735
Epoch [24/30], Batch [44000/49583], Loss: 0.2665, Train Acc: 0.7738, Val Acc: 0.7736
Epoch [24/30], Batch [45000/49583], Loss: 0.2666, Train Acc: 0.7737, Val Acc: 0.7738
Epoch [24/30], Batch [46000/49583], Loss: 0.2665, Train Acc: 0.7738, Val Acc: 0.7737
Epoch [24/30], Batch [47000/49583], Loss: 0.2666, Train Acc: 0.7738, Val Acc: 0.7736
Epoch [24/30], Batch [48000/49583], Loss: 0.2666, Train Acc: 0.7737, Val Acc: 0.7739
Epoch [24/30], Batch [49000/49583], Loss: 0.2666, Train Acc: 0.7737, Val Acc: 0.7736
Epoch [25/30], Batch [1000/49583], Loss: 0.2654, Train Acc: 0.7747, Val Acc: 0.7738
Epoch [25/30], Batch [2000/49583], Loss: 0.2660, Train Acc: 0.7741, Val Acc: 0.7736
Epoch [25/30], Batch [3000/49583], Loss: 0.2657, Train Acc: 0.7738, Val Acc: 0.7739
Epoch [25/30], Batch [4000/49583], Loss: 0.2659, Train Acc: 0.7739, Val Acc: 0.7738
Epoch [25/30], Batch [5000/49583], Loss: 0.2663, Train Acc: 0.7737, Val Acc: 0.7735
Epoch [25/30], Batch [6000/49583], Loss: 0.2660, Train Acc: 0.7740, Val Acc: 0.7736
Epoch [25/30], Batch [7000/49583], Loss: 0.2663, Train Acc: 0.7738, Val Acc: 0.7738
Epoch [25/30], Batch [8000/49583], Loss: 0.2666, Train Acc: 0.7736, Val Acc: 0.7736
Epoch [25/30], Batch [9000/49583], Loss: 0.2667, Train Acc: 0.7735, Val Acc: 0.7735
Epoch [25/30], Batch [10000/49583], Loss: 0.2669, Train Acc: 0.7733, Val Acc: 0.7735
Epoch [25/30], Batch [11000/49583], Loss: 0.2669, Train Acc: 0.7733, Val Acc: 0.7737
Epoch [25/30], Batch [12000/49583], Loss: 0.2669, Train Acc: 0.7734, Val Acc: 0.7736
Epoch [25/30], Batch [13000/49583], Loss: 0.2670, Train Acc: 0.7734, Val Acc: 0.7738
Epoch [25/30], Batch [14000/49583], Loss: 0.2670, Train Acc: 0.7734, Val Acc: 0.7738
Epoch [25/30], Batch [15000/49583], Loss: 0.2669, Train Acc: 0.7735, Val Acc: 0.7735
Epoch [25/30], Batch [16000/49583], Loss: 0.2670, Train Acc: 0.7734, Val Acc: 0.7738
Epoch [25/30], Batch [17000/49583], Loss: 0.2669, Train Acc: 0.7734, Val Acc: 0.7735
Epoch [25/30], Batch [18000/49583], Loss: 0.2669, Train Acc: 0.7734, Val Acc: 0.7737
Epoch [25/30], Batch [19000/49583], Loss: 0.2669, Train Acc: 0.7734, Val Acc: 0.7738
Epoch [25/30], Batch [20000/49583], Loss: 0.2670, Train Acc: 0.7733, Val Acc: 0.7735
Epoch [25/30], Batch [21000/49583], Loss: 0.2671, Train Acc: 0.7733, Val Acc: 0.7738
Epoch [25/30], Batch [22000/49583], Loss: 0.2670, Train Acc: 0.7733, Val Acc: 0.7735
Epoch [25/30], Batch [23000/49583], Loss: 0.2671, Train Acc: 0.7733, Val Acc: 0.7736
Epoch [25/30], Batch [24000/49583], Loss: 0.2670, Train Acc: 0.7733, Val Acc: 0.7737
Epoch [25/30], Batch [25000/49583], Loss: 0.2670, Train Acc: 0.7734, Val Acc: 0.7737
Epoch [25/30], Batch [26000/49583], Loss: 0.2669, Train Acc: 0.7735, Val Acc: 0.7736
Epoch [25/30], Batch [27000/49583], Loss: 0.2668, Train Acc: 0.7735, Val Acc: 0.7736
Epoch [25/30], Batch [28000/49583], Loss: 0.2669, Train Acc: 0.7735, Val Acc: 0.7736
Epoch [25/30], Batch [29000/49583], Loss: 0.2669, Train Acc: 0.7734, Val Acc: 0.7736
Epoch [25/30], Batch [30000/49583], Loss: 0.2669, Train Acc: 0.7735, Val Acc: 0.7735
Epoch [25/30], Batch [31000/49583], Loss: 0.2668, Train Acc: 0.7735, Val Acc: 0.7738
Epoch [25/30], Batch [32000/49583], Loss: 0.2668, Train Acc: 0.7736, Val Acc: 0.7736
Epoch [25/30], Batch [33000/49583], Loss: 0.2668, Train Acc: 0.7735, Val Acc: 0.7736
Epoch [25/30], Batch [34000/49583], Loss: 0.2668, Train Acc: 0.7735, Val Acc: 0.7736
Epoch [25/30], Batch [35000/49583], Loss: 0.2668, Train Acc: 0.7735, Val Acc: 0.7734
Epoch [25/30], Batch [36000/49583], Loss: 0.2667, Train Acc: 0.7736, Val Acc: 0.7737
Epoch [25/30], Batch [37000/49583], Loss: 0.2667, Train Acc: 0.7736, Val Acc: 0.7732
Epoch [25/30], Batch [38000/49583], Loss: 0.2666, Train Acc: 0.7736, Val Acc: 0.7735
Epoch [25/30], Batch [39000/49583], Loss: 0.2666, Train Acc: 0.7736, Val Acc: 0.7737
Epoch [25/30], Batch [40000/49583], Loss: 0.2666, Train Acc: 0.7737, Val Acc: 0.7738
Epoch [25/30], Batch [41000/49583], Loss: 0.2666, Train Acc: 0.7737, Val Acc: 0.7739
Epoch [25/30], Batch [42000/49583], Loss: 0.2666, Train Acc: 0.7737, Val Acc: 0.7736
Epoch [25/30], Batch [43000/49583], Loss: 0.2666, Train Acc: 0.7737, Val Acc: 0.7735
Epoch [25/30], Batch [44000/49583], Loss: 0.2666, Train Acc: 0.7737, Val Acc: 0.7738
Epoch [25/30], Batch [45000/49583], Loss: 0.2666, Train Acc: 0.7737, Val Acc: 0.7739
Epoch [25/30], Batch [46000/49583], Loss: 0.2666, Train Acc: 0.7737, Val Acc: 0.7735
Epoch [25/30], Batch [47000/49583], Loss: 0.2666, Train Acc: 0.7737, Val Acc: 0.7737
Epoch [25/30], Batch [48000/49583], Loss: 0.2666, Train Acc: 0.7738, Val Acc: 0.7735
Epoch [25/30], Batch [49000/49583], Loss: 0.2666, Train Acc: 0.7737, Val Acc: 0.7739
Epoch [26/30], Batch [1000/49583], Loss: 0.2669, Train Acc: 0.7736, Val Acc: 0.7738
Epoch [26/30], Batch [2000/49583], Loss: 0.2671, Train Acc: 0.7737, Val Acc: 0.7739
Epoch [26/30], Batch [3000/49583], Loss: 0.2668, Train Acc: 0.7734, Val Acc: 0.7737
Epoch [26/30], Batch [4000/49583], Loss: 0.2670, Train Acc: 0.7732, Val Acc: 0.7736
Epoch [26/30], Batch [5000/49583], Loss: 0.2665, Train Acc: 0.7735, Val Acc: 0.7738
Epoch [26/30], Batch [6000/49583], Loss: 0.2664, Train Acc: 0.7736, Val Acc: 0.7738
Epoch [26/30], Batch [7000/49583], Loss: 0.2665, Train Acc: 0.7737, Val Acc: 0.7736
Epoch [26/30], Batch [8000/49583], Loss: 0.2665, Train Acc: 0.7736, Val Acc: 0.7734
Epoch [26/30], Batch [9000/49583], Loss: 0.2665, Train Acc: 0.7736, Val Acc: 0.7735
Epoch [26/30], Batch [10000/49583], Loss: 0.2665, Train Acc: 0.7736, Val Acc: 0.7735
Epoch [26/30], Batch [11000/49583], Loss: 0.2667, Train Acc: 0.7735, Val Acc: 0.7737
Epoch [26/30], Batch [12000/49583], Loss: 0.2667, Train Acc: 0.7735, Val Acc: 0.7737
Epoch [26/30], Batch [13000/49583], Loss: 0.2669, Train Acc: 0.7735, Val Acc: 0.7736
Epoch [26/30], Batch [14000/49583], Loss: 0.2669, Train Acc: 0.7734, Val Acc: 0.7735
Epoch [26/30], Batch [15000/49583], Loss: 0.2670, Train Acc: 0.7734, Val Acc: 0.7737
Epoch [26/30], Batch [16000/49583], Loss: 0.2669, Train Acc: 0.7734, Val Acc: 0.7737
Epoch [26/30], Batch [17000/49583], Loss: 0.2667, Train Acc: 0.7736, Val Acc: 0.7736
Epoch [26/30], Batch [18000/49583], Loss: 0.2668, Train Acc: 0.7735, Val Acc: 0.7731
Epoch [26/30], Batch [19000/49583], Loss: 0.2667, Train Acc: 0.7736, Val Acc: 0.7734
Epoch [26/30], Batch [20000/49583], Loss: 0.2667, Train Acc: 0.7736, Val Acc: 0.7736
Epoch [26/30], Batch [21000/49583], Loss: 0.2667, Train Acc: 0.7736, Val Acc: 0.7736
Epoch [26/30], Batch [22000/49583], Loss: 0.2666, Train Acc: 0.7737, Val Acc: 0.7736
Epoch [26/30], Batch [23000/49583], Loss: 0.2668, Train Acc: 0.7736, Val Acc: 0.7737
Epoch [26/30], Batch [24000/49583], Loss: 0.2668, Train Acc: 0.7736, Val Acc: 0.7739
Epoch [26/30], Batch [25000/49583], Loss: 0.2669, Train Acc: 0.7735, Val Acc: 0.7735
Epoch [26/30], Batch [26000/49583], Loss: 0.2668, Train Acc: 0.7736, Val Acc: 0.7736
Epoch [26/30], Batch [27000/49583], Loss: 0.2668, Train Acc: 0.7735, Val Acc: 0.7735
Epoch [26/30], Batch [28000/49583], Loss: 0.2668, Train Acc: 0.7735, Val Acc: 0.7736
Epoch [26/30], Batch [29000/49583], Loss: 0.2669, Train Acc: 0.7735, Val Acc: 0.7736
Epoch [26/30], Batch [30000/49583], Loss: 0.2668, Train Acc: 0.7735, Val Acc: 0.7733
Epoch [26/30], Batch [31000/49583], Loss: 0.2667, Train Acc: 0.7736, Val Acc: 0.7737
Epoch [26/30], Batch [32000/49583], Loss: 0.2667, Train Acc: 0.7736, Val Acc: 0.7735
Epoch [26/30], Batch [33000/49583], Loss: 0.2668, Train Acc: 0.7735, Val Acc: 0.7735
Epoch [26/30], Batch [34000/49583], Loss: 0.2667, Train Acc: 0.7736, Val Acc: 0.7737
Epoch [26/30], Batch [35000/49583], Loss: 0.2667, Train Acc: 0.7736, Val Acc: 0.7736
Epoch [26/30], Batch [36000/49583], Loss: 0.2667, Train Acc: 0.7736, Val Acc: 0.7737
Epoch [26/30], Batch [37000/49583], Loss: 0.2667, Train Acc: 0.7736, Val Acc: 0.7738
Epoch [26/30], Batch [38000/49583], Loss: 0.2666, Train Acc: 0.7737, Val Acc: 0.7740
Epoch [26/30], Batch [39000/49583], Loss: 0.2666, Train Acc: 0.7737, Val Acc: 0.7736
Epoch [26/30], Batch [40000/49583], Loss: 0.2666, Train Acc: 0.7737, Val Acc: 0.7736
Epoch [26/30], Batch [41000/49583], Loss: 0.2666, Train Acc: 0.7737, Val Acc: 0.7734
Epoch [26/30], Batch [42000/49583], Loss: 0.2666, Train Acc: 0.7737, Val Acc: 0.7738
Epoch [26/30], Batch [43000/49583], Loss: 0.2666, Train Acc: 0.7736, Val Acc: 0.7737
Epoch [26/30], Batch [44000/49583], Loss: 0.2666, Train Acc: 0.7737, Val Acc: 0.7735
Epoch [26/30], Batch [45000/49583], Loss: 0.2666, Train Acc: 0.7737, Val Acc: 0.7738
Epoch [26/30], Batch [46000/49583], Loss: 0.2666, Train Acc: 0.7737, Val Acc: 0.7737
Epoch [26/30], Batch [47000/49583], Loss: 0.2665, Train Acc: 0.7737, Val Acc: 0.7738
Epoch [26/30], Batch [48000/49583], Loss: 0.2666, Train Acc: 0.7737, Val Acc: 0.7735
Epoch [26/30], Batch [49000/49583], Loss: 0.2665, Train Acc: 0.7738, Val Acc: 0.7736
Epoch [27/30], Batch [1000/49583], Loss: 0.2678, Train Acc: 0.7726, Val Acc: 0.7738
Epoch [27/30], Batch [2000/49583], Loss: 0.2669, Train Acc: 0.7735, Val Acc: 0.7735
Epoch [27/30], Batch [3000/49583], Loss: 0.2672, Train Acc: 0.7735, Val Acc: 0.7737
Epoch [27/30], Batch [4000/49583], Loss: 0.2668, Train Acc: 0.7735, Val Acc: 0.7737
Epoch [27/30], Batch [5000/49583], Loss: 0.2665, Train Acc: 0.7737, Val Acc: 0.7735
Epoch [27/30], Batch [6000/49583], Loss: 0.2668, Train Acc: 0.7735, Val Acc: 0.7736
Epoch [27/30], Batch [7000/49583], Loss: 0.2664, Train Acc: 0.7737, Val Acc: 0.7738
Epoch [27/30], Batch [8000/49583], Loss: 0.2664, Train Acc: 0.7737, Val Acc: 0.7730
Epoch [27/30], Batch [9000/49583], Loss: 0.2665, Train Acc: 0.7737, Val Acc: 0.7732
Epoch [27/30], Batch [10000/49583], Loss: 0.2664, Train Acc: 0.7736, Val Acc: 0.7736
Epoch [27/30], Batch [11000/49583], Loss: 0.2664, Train Acc: 0.7738, Val Acc: 0.7736
Epoch [27/30], Batch [12000/49583], Loss: 0.2665, Train Acc: 0.7737, Val Acc: 0.7736
Epoch [27/30], Batch [13000/49583], Loss: 0.2665, Train Acc: 0.7737, Val Acc: 0.7739
Epoch [27/30], Batch [14000/49583], Loss: 0.2666, Train Acc: 0.7737, Val Acc: 0.7736
Epoch [27/30], Batch [15000/49583], Loss: 0.2665, Train Acc: 0.7738, Val Acc: 0.7738
Epoch [27/30], Batch [16000/49583], Loss: 0.2665, Train Acc: 0.7737, Val Acc: 0.7737
Epoch [27/30], Batch [17000/49583], Loss: 0.2666, Train Acc: 0.7738, Val Acc: 0.7734
Epoch [27/30], Batch [18000/49583], Loss: 0.2666, Train Acc: 0.7737, Val Acc: 0.7733
Epoch [27/30], Batch [19000/49583], Loss: 0.2666, Train Acc: 0.7737, Val Acc: 0.7735
Epoch [27/30], Batch [20000/49583], Loss: 0.2666, Train Acc: 0.7737, Val Acc: 0.7734
Epoch [27/30], Batch [21000/49583], Loss: 0.2666, Train Acc: 0.7737, Val Acc: 0.7736
Epoch [27/30], Batch [22000/49583], Loss: 0.2666, Train Acc: 0.7736, Val Acc: 0.7735
Epoch [27/30], Batch [23000/49583], Loss: 0.2667, Train Acc: 0.7736, Val Acc: 0.7737
Epoch [27/30], Batch [24000/49583], Loss: 0.2666, Train Acc: 0.7737, Val Acc: 0.7736
Epoch [27/30], Batch [25000/49583], Loss: 0.2666, Train Acc: 0.7737, Val Acc: 0.7737
Epoch [27/30], Batch [26000/49583], Loss: 0.2666, Train Acc: 0.7738, Val Acc: 0.7739
Epoch [27/30], Batch [27000/49583], Loss: 0.2666, Train Acc: 0.7737, Val Acc: 0.7738
Epoch [27/30], Batch [28000/49583], Loss: 0.2666, Train Acc: 0.7737, Val Acc: 0.7736
Epoch [27/30], Batch [29000/49583], Loss: 0.2667, Train Acc: 0.7736, Val Acc: 0.7734
Epoch [27/30], Batch [30000/49583], Loss: 0.2667, Train Acc: 0.7736, Val Acc: 0.7735
Epoch [27/30], Batch [31000/49583], Loss: 0.2668, Train Acc: 0.7735, Val Acc: 0.7738
Epoch [27/30], Batch [32000/49583], Loss: 0.2668, Train Acc: 0.7736, Val Acc: 0.7736
Epoch [27/30], Batch [33000/49583], Loss: 0.2668, Train Acc: 0.7735, Val Acc: 0.7737
Epoch [27/30], Batch [34000/49583], Loss: 0.2668, Train Acc: 0.7735, Val Acc: 0.7737
Epoch [27/30], Batch [35000/49583], Loss: 0.2668, Train Acc: 0.7736, Val Acc: 0.7737
Epoch [27/30], Batch [36000/49583], Loss: 0.2668, Train Acc: 0.7736, Val Acc: 0.7734
Epoch [27/30], Batch [37000/49583], Loss: 0.2667, Train Acc: 0.7736, Val Acc: 0.7737
Epoch [27/30], Batch [38000/49583], Loss: 0.2667, Train Acc: 0.7736, Val Acc: 0.7732
Epoch [27/30], Batch [39000/49583], Loss: 0.2666, Train Acc: 0.7737, Val Acc: 0.7736
Epoch [27/30], Batch [40000/49583], Loss: 0.2666, Train Acc: 0.7736, Val Acc: 0.7737
Epoch [27/30], Batch [41000/49583], Loss: 0.2666, Train Acc: 0.7737, Val Acc: 0.7739
Epoch [27/30], Batch [42000/49583], Loss: 0.2666, Train Acc: 0.7736, Val Acc: 0.7736
Epoch [27/30], Batch [43000/49583], Loss: 0.2666, Train Acc: 0.7737, Val Acc: 0.7735
Epoch [27/30], Batch [44000/49583], Loss: 0.2666, Train Acc: 0.7737, Val Acc: 0.7735
Epoch [27/30], Batch [45000/49583], Loss: 0.2666, Train Acc: 0.7737, Val Acc: 0.7738
Epoch [27/30], Batch [46000/49583], Loss: 0.2666, Train Acc: 0.7736, Val Acc: 0.7735
Epoch [27/30], Batch [47000/49583], Loss: 0.2666, Train Acc: 0.7737, Val Acc: 0.7736
Epoch [27/30], Batch [48000/49583], Loss: 0.2666, Train Acc: 0.7737, Val Acc: 0.7736
Epoch [27/30], Batch [49000/49583], Loss: 0.2665, Train Acc: 0.7737, Val Acc: 0.7738
Epoch [28/30], Batch [1000/49583], Loss: 0.2671, Train Acc: 0.7724, Val Acc: 0.7740
Epoch [28/30], Batch [2000/49583], Loss: 0.2676, Train Acc: 0.7723, Val Acc: 0.7736
Epoch [28/30], Batch [3000/49583], Loss: 0.2681, Train Acc: 0.7723, Val Acc: 0.7737
Epoch [28/30], Batch [4000/49583], Loss: 0.2679, Train Acc: 0.7726, Val Acc: 0.7734
Epoch [28/30], Batch [5000/49583], Loss: 0.2677, Train Acc: 0.7728, Val Acc: 0.7737
Epoch [28/30], Batch [6000/49583], Loss: 0.2674, Train Acc: 0.7732, Val Acc: 0.7737
Epoch [28/30], Batch [7000/49583], Loss: 0.2677, Train Acc: 0.7730, Val Acc: 0.7738
Epoch [28/30], Batch [8000/49583], Loss: 0.2677, Train Acc: 0.7731, Val Acc: 0.7736
Epoch [28/30], Batch [9000/49583], Loss: 0.2675, Train Acc: 0.7733, Val Acc: 0.7735
Epoch [28/30], Batch [10000/49583], Loss: 0.2672, Train Acc: 0.7734, Val Acc: 0.7737
Epoch [28/30], Batch [11000/49583], Loss: 0.2672, Train Acc: 0.7734, Val Acc: 0.7737
Epoch [28/30], Batch [12000/49583], Loss: 0.2669, Train Acc: 0.7736, Val Acc: 0.7736
Epoch [28/30], Batch [13000/49583], Loss: 0.2667, Train Acc: 0.7737, Val Acc: 0.7737
Epoch [28/30], Batch [14000/49583], Loss: 0.2667, Train Acc: 0.7737, Val Acc: 0.7738
Epoch [28/30], Batch [15000/49583], Loss: 0.2667, Train Acc: 0.7738, Val Acc: 0.7738
Epoch [28/30], Batch [16000/49583], Loss: 0.2666, Train Acc: 0.7738, Val Acc: 0.7737
Epoch [28/30], Batch [17000/49583], Loss: 0.2667, Train Acc: 0.7738, Val Acc: 0.7738
Epoch [28/30], Batch [18000/49583], Loss: 0.2667, Train Acc: 0.7738, Val Acc: 0.7736
Epoch [28/30], Batch [19000/49583], Loss: 0.2667, Train Acc: 0.7738, Val Acc: 0.7735
Epoch [28/30], Batch [20000/49583], Loss: 0.2667, Train Acc: 0.7737, Val Acc: 0.7738
Epoch [28/30], Batch [21000/49583], Loss: 0.2668, Train Acc: 0.7737, Val Acc: 0.7736
Epoch [28/30], Batch [22000/49583], Loss: 0.2666, Train Acc: 0.7738, Val Acc: 0.7736
Epoch [28/30], Batch [23000/49583], Loss: 0.2666, Train Acc: 0.7738, Val Acc: 0.7736
Epoch [28/30], Batch [24000/49583], Loss: 0.2666, Train Acc: 0.7739, Val Acc: 0.7732
Epoch [28/30], Batch [25000/49583], Loss: 0.2665, Train Acc: 0.7739, Val Acc: 0.7738
Epoch [28/30], Batch [26000/49583], Loss: 0.2666, Train Acc: 0.7738, Val Acc: 0.7737
Epoch [28/30], Batch [27000/49583], Loss: 0.2667, Train Acc: 0.7738, Val Acc: 0.7738
Epoch [28/30], Batch [28000/49583], Loss: 0.2667, Train Acc: 0.7738, Val Acc: 0.7738
Epoch [28/30], Batch [29000/49583], Loss: 0.2667, Train Acc: 0.7738, Val Acc: 0.7739
Epoch [28/30], Batch [30000/49583], Loss: 0.2667, Train Acc: 0.7738, Val Acc: 0.7739
Epoch [28/30], Batch [31000/49583], Loss: 0.2667, Train Acc: 0.7737, Val Acc: 0.7738
Epoch [28/30], Batch [32000/49583], Loss: 0.2667, Train Acc: 0.7738, Val Acc: 0.7737
Epoch [28/30], Batch [33000/49583], Loss: 0.2667, Train Acc: 0.7737, Val Acc: 0.7737
Epoch [28/30], Batch [34000/49583], Loss: 0.2667, Train Acc: 0.7737, Val Acc: 0.7740
Epoch [28/30], Batch [35000/49583], Loss: 0.2668, Train Acc: 0.7737, Val Acc: 0.7737
Epoch [28/30], Batch [36000/49583], Loss: 0.2668, Train Acc: 0.7736, Val Acc: 0.7737
Epoch [28/30], Batch [37000/49583], Loss: 0.2667, Train Acc: 0.7736, Val Acc: 0.7737
Epoch [28/30], Batch [38000/49583], Loss: 0.2667, Train Acc: 0.7737, Val Acc: 0.7739
Epoch [28/30], Batch [39000/49583], Loss: 0.2668, Train Acc: 0.7737, Val Acc: 0.7737
Epoch [28/30], Batch [40000/49583], Loss: 0.2667, Train Acc: 0.7737, Val Acc: 0.7739
Epoch [28/30], Batch [41000/49583], Loss: 0.2667, Train Acc: 0.7737, Val Acc: 0.7737
Epoch [28/30], Batch [42000/49583], Loss: 0.2667, Train Acc: 0.7737, Val Acc: 0.7739
Epoch [28/30], Batch [43000/49583], Loss: 0.2667, Train Acc: 0.7737, Val Acc: 0.7738
Epoch [28/30], Batch [44000/49583], Loss: 0.2667, Train Acc: 0.7737, Val Acc: 0.7736
Epoch [28/30], Batch [45000/49583], Loss: 0.2667, Train Acc: 0.7737, Val Acc: 0.7740
Epoch [28/30], Batch [46000/49583], Loss: 0.2667, Train Acc: 0.7737, Val Acc: 0.7738
Epoch [28/30], Batch [47000/49583], Loss: 0.2667, Train Acc: 0.7737, Val Acc: 0.7737
Epoch [28/30], Batch [48000/49583], Loss: 0.2667, Train Acc: 0.7737, Val Acc: 0.7738
Epoch [28/30], Batch [49000/49583], Loss: 0.2666, Train Acc: 0.7738, Val Acc: 0.7736
Epoch [29/30], Batch [1000/49583], Loss: 0.2685, Train Acc: 0.7733, Val Acc: 0.7737
Epoch [29/30], Batch [2000/49583], Loss: 0.2687, Train Acc: 0.7726, Val Acc: 0.7737
Epoch [29/30], Batch [3000/49583], Loss: 0.2681, Train Acc: 0.7730, Val Acc: 0.7738
Epoch [29/30], Batch [4000/49583], Loss: 0.2671, Train Acc: 0.7736, Val Acc: 0.7736
Epoch [29/30], Batch [5000/49583], Loss: 0.2672, Train Acc: 0.7736, Val Acc: 0.7735
Epoch [29/30], Batch [6000/49583], Loss: 0.2673, Train Acc: 0.7734, Val Acc: 0.7737
Epoch [29/30], Batch [7000/49583], Loss: 0.2670, Train Acc: 0.7737, Val Acc: 0.7737
Epoch [29/30], Batch [8000/49583], Loss: 0.2669, Train Acc: 0.7737, Val Acc: 0.7737
Epoch [29/30], Batch [9000/49583], Loss: 0.2673, Train Acc: 0.7735, Val Acc: 0.7734
Epoch [29/30], Batch [10000/49583], Loss: 0.2674, Train Acc: 0.7734, Val Acc: 0.7738
Epoch [29/30], Batch [11000/49583], Loss: 0.2673, Train Acc: 0.7734, Val Acc: 0.7738
Epoch [29/30], Batch [12000/49583], Loss: 0.2672, Train Acc: 0.7734, Val Acc: 0.7739
Epoch [29/30], Batch [13000/49583], Loss: 0.2672, Train Acc: 0.7733, Val Acc: 0.7735
Epoch [29/30], Batch [14000/49583], Loss: 0.2671, Train Acc: 0.7734, Val Acc: 0.7738
Epoch [29/30], Batch [15000/49583], Loss: 0.2670, Train Acc: 0.7734, Val Acc: 0.7741
Epoch [29/30], Batch [16000/49583], Loss: 0.2669, Train Acc: 0.7735, Val Acc: 0.7737
Epoch [29/30], Batch [17000/49583], Loss: 0.2670, Train Acc: 0.7735, Val Acc: 0.7736
Epoch [29/30], Batch [18000/49583], Loss: 0.2669, Train Acc: 0.7735, Val Acc: 0.7738
Epoch [29/30], Batch [19000/49583], Loss: 0.2668, Train Acc: 0.7736, Val Acc: 0.7739
Epoch [29/30], Batch [20000/49583], Loss: 0.2669, Train Acc: 0.7736, Val Acc: 0.7735
Epoch [29/30], Batch [21000/49583], Loss: 0.2668, Train Acc: 0.7736, Val Acc: 0.7738
Epoch [29/30], Batch [22000/49583], Loss: 0.2668, Train Acc: 0.7735, Val Acc: 0.7738
Epoch [29/30], Batch [23000/49583], Loss: 0.2669, Train Acc: 0.7735, Val Acc: 0.7738
Epoch [29/30], Batch [24000/49583], Loss: 0.2669, Train Acc: 0.7735, Val Acc: 0.7735
Epoch [29/30], Batch [25000/49583], Loss: 0.2668, Train Acc: 0.7735, Val Acc: 0.7737
Epoch [29/30], Batch [26000/49583], Loss: 0.2668, Train Acc: 0.7735, Val Acc: 0.7736
Epoch [29/30], Batch [27000/49583], Loss: 0.2668, Train Acc: 0.7735, Val Acc: 0.7737
Epoch [29/30], Batch [28000/49583], Loss: 0.2668, Train Acc: 0.7736, Val Acc: 0.7736
Epoch [29/30], Batch [29000/49583], Loss: 0.2668, Train Acc: 0.7735, Val Acc: 0.7736
Epoch [29/30], Batch [30000/49583], Loss: 0.2667, Train Acc: 0.7736, Val Acc: 0.7737
Epoch [29/30], Batch [31000/49583], Loss: 0.2667, Train Acc: 0.7736, Val Acc: 0.7737
Epoch [29/30], Batch [32000/49583], Loss: 0.2666, Train Acc: 0.7737, Val Acc: 0.7736
Epoch [29/30], Batch [33000/49583], Loss: 0.2667, Train Acc: 0.7737, Val Acc: 0.7737
Epoch [29/30], Batch [34000/49583], Loss: 0.2666, Train Acc: 0.7738, Val Acc: 0.7735
Epoch [29/30], Batch [35000/49583], Loss: 0.2666, Train Acc: 0.7738, Val Acc: 0.7735
Epoch [29/30], Batch [36000/49583], Loss: 0.2666, Train Acc: 0.7738, Val Acc: 0.7738
Epoch [29/30], Batch [37000/49583], Loss: 0.2667, Train Acc: 0.7738, Val Acc: 0.7738
Epoch [29/30], Batch [38000/49583], Loss: 0.2666, Train Acc: 0.7738, Val Acc: 0.7738
Epoch [29/30], Batch [39000/49583], Loss: 0.2666, Train Acc: 0.7737, Val Acc: 0.7738
Epoch [29/30], Batch [40000/49583], Loss: 0.2666, Train Acc: 0.7738, Val Acc: 0.7739
Epoch [29/30], Batch [41000/49583], Loss: 0.2666, Train Acc: 0.7737, Val Acc: 0.7736
Epoch [29/30], Batch [42000/49583], Loss: 0.2666, Train Acc: 0.7738, Val Acc: 0.7736
Epoch [29/30], Batch [43000/49583], Loss: 0.2666, Train Acc: 0.7738, Val Acc: 0.7737
Epoch [29/30], Batch [44000/49583], Loss: 0.2667, Train Acc: 0.7738, Val Acc: 0.7734
Epoch [29/30], Batch [45000/49583], Loss: 0.2666, Train Acc: 0.7738, Val Acc: 0.7734
Epoch [29/30], Batch [46000/49583], Loss: 0.2666, Train Acc: 0.7738, Val Acc: 0.7735
Epoch [29/30], Batch [47000/49583], Loss: 0.2667, Train Acc: 0.7738, Val Acc: 0.7738
Epoch [29/30], Batch [48000/49583], Loss: 0.2666, Train Acc: 0.7737, Val Acc: 0.7741
Epoch [29/30], Batch [49000/49583], Loss: 0.2666, Train Acc: 0.7738, Val Acc: 0.7737
Epoch [30/30], Batch [1000/49583], Loss: 0.2676, Train Acc: 0.7726, Val Acc: 0.7737
Epoch [30/30], Batch [2000/49583], Loss: 0.2673, Train Acc: 0.7733, Val Acc: 0.7738
Epoch [30/30], Batch [3000/49583], Loss: 0.2675, Train Acc: 0.7731, Val Acc: 0.7740
Epoch [30/30], Batch [4000/49583], Loss: 0.2677, Train Acc: 0.7727, Val Acc: 0.7734
Epoch [30/30], Batch [5000/49583], Loss: 0.2673, Train Acc: 0.7733, Val Acc: 0.7737
Epoch [30/30], Batch [6000/49583], Loss: 0.2668, Train Acc: 0.7734, Val Acc: 0.7734
Epoch [30/30], Batch [7000/49583], Loss: 0.2670, Train Acc: 0.7733, Val Acc: 0.7739
Epoch [30/30], Batch [8000/49583], Loss: 0.2668, Train Acc: 0.7735, Val Acc: 0.7734
Epoch [30/30], Batch [9000/49583], Loss: 0.2669, Train Acc: 0.7734, Val Acc: 0.7735
Epoch [30/30], Batch [10000/49583], Loss: 0.2669, Train Acc: 0.7734, Val Acc: 0.7737
Epoch [30/30], Batch [11000/49583], Loss: 0.2667, Train Acc: 0.7736, Val Acc: 0.7735
Epoch [30/30], Batch [12000/49583], Loss: 0.2667, Train Acc: 0.7735, Val Acc: 0.7736
Epoch [30/30], Batch [13000/49583], Loss: 0.2668, Train Acc: 0.7736, Val Acc: 0.7735
Epoch [30/30], Batch [14000/49583], Loss: 0.2666, Train Acc: 0.7737, Val Acc: 0.7737
Epoch [30/30], Batch [15000/49583], Loss: 0.2666, Train Acc: 0.7737, Val Acc: 0.7733
Epoch [30/30], Batch [16000/49583], Loss: 0.2664, Train Acc: 0.7738, Val Acc: 0.7737
Epoch [30/30], Batch [17000/49583], Loss: 0.2664, Train Acc: 0.7739, Val Acc: 0.7737
Epoch [30/30], Batch [18000/49583], Loss: 0.2664, Train Acc: 0.7739, Val Acc: 0.7736
Epoch [30/30], Batch [19000/49583], Loss: 0.2665, Train Acc: 0.7738, Val Acc: 0.7737
Epoch [30/30], Batch [20000/49583], Loss: 0.2665, Train Acc: 0.7739, Val Acc: 0.7737
Epoch [30/30], Batch [21000/49583], Loss: 0.2664, Train Acc: 0.7738, Val Acc: 0.7738
Epoch [30/30], Batch [22000/49583], Loss: 0.2664, Train Acc: 0.7739, Val Acc: 0.7736
Epoch [30/30], Batch [23000/49583], Loss: 0.2664, Train Acc: 0.7739, Val Acc: 0.7737
Epoch [30/30], Batch [24000/49583], Loss: 0.2664, Train Acc: 0.7738, Val Acc: 0.7736
Epoch [30/30], Batch [25000/49583], Loss: 0.2665, Train Acc: 0.7737, Val Acc: 0.7736
Epoch [30/30], Batch [26000/49583], Loss: 0.2665, Train Acc: 0.7738, Val Acc: 0.7737
Epoch [30/30], Batch [27000/49583], Loss: 0.2665, Train Acc: 0.7738, Val Acc: 0.7735
Epoch [30/30], Batch [28000/49583], Loss: 0.2665, Train Acc: 0.7738, Val Acc: 0.7737
Epoch [30/30], Batch [29000/49583], Loss: 0.2665, Train Acc: 0.7738, Val Acc: 0.7735
Epoch [30/30], Batch [30000/49583], Loss: 0.2665, Train Acc: 0.7737, Val Acc: 0.7736
Epoch [30/30], Batch [31000/49583], Loss: 0.2664, Train Acc: 0.7738, Val Acc: 0.7734
Epoch [30/30], Batch [32000/49583], Loss: 0.2664, Train Acc: 0.7738, Val Acc: 0.7736
Epoch [30/30], Batch [33000/49583], Loss: 0.2664, Train Acc: 0.7738, Val Acc: 0.7736
Epoch [30/30], Batch [34000/49583], Loss: 0.2664, Train Acc: 0.7738, Val Acc: 0.7735
Epoch [30/30], Batch [35000/49583], Loss: 0.2665, Train Acc: 0.7738, Val Acc: 0.7736
Epoch [30/30], Batch [36000/49583], Loss: 0.2665, Train Acc: 0.7738, Val Acc: 0.7735
Epoch [30/30], Batch [37000/49583], Loss: 0.2665, Train Acc: 0.7738, Val Acc: 0.7737
Epoch [30/30], Batch [38000/49583], Loss: 0.2665, Train Acc: 0.7738, Val Acc: 0.7737
Epoch [30/30], Batch [39000/49583], Loss: 0.2665, Train Acc: 0.7737, Val Acc: 0.7738
Epoch [30/30], Batch [40000/49583], Loss: 0.2665, Train Acc: 0.7738, Val Acc: 0.7738
Epoch [30/30], Batch [41000/49583], Loss: 0.2665, Train Acc: 0.7738, Val Acc: 0.7736
Epoch [30/30], Batch [42000/49583], Loss: 0.2665, Train Acc: 0.7737, Val Acc: 0.7739
Epoch [30/30], Batch [43000/49583], Loss: 0.2665, Train Acc: 0.7738, Val Acc: 0.7740
Epoch [30/30], Batch [44000/49583], Loss: 0.2666, Train Acc: 0.7737, Val Acc: 0.7736
Epoch [30/30], Batch [45000/49583], Loss: 0.2666, Train Acc: 0.7737, Val Acc: 0.7736
Epoch [30/30], Batch [46000/49583], Loss: 0.2666, Train Acc: 0.7737, Val Acc: 0.7738
Epoch [30/30], Batch [47000/49583], Loss: 0.2665, Train Acc: 0.7738, Val Acc: 0.7737
Epoch [30/30], Batch [48000/49583], Loss: 0.2665, Train Acc: 0.7738, Val Acc: 0.7738
Epoch [30/30], Batch [49000/49583], Loss: 0.2666, Train Acc: 0.7737, Val Acc: 0.7737
Saving checkpoint at epoch 30...
Model saved to /home/sar0033/blindscrambler/scripts/models/models_ACC_epoch_30.onnx

Saving model to ONNX format...
Model saved to /home/sar0033/blindscrambler/scripts/models/models_ACC_epoch_30.onnx

Evaluating on test set...

Test Metrics:
  Accuracy: 0.7734
  Precision: 0.6445
  Recall: 0.8489
  F1 Score: 0.7327
  Confusion Matrix:
[[629304 232988]
 [ 75221 422475]]

Training metrics saved to acc_training_metrics.png