Selected GPU: 0
Number of classes: 1000
Training with 1000 epochs, train_ratio=0.01, val_ratio=0.005
Train size: 12811, Validation size: 250
Epoch [1/1000], Batch [10/201], Loss: 6.9062, Train Acc: 0.0000, Val Acc: 0.0000
Epoch [1/1000], Batch [20/201], Loss: 6.9687, Train Acc: 0.0000, Val Acc: 0.0000
Epoch [1/1000], Batch [30/201], Loss: 6.9102, Train Acc: 0.0000, Val Acc: 0.0000
Epoch [1/1000], Batch [40/201], Loss: 6.8960, Train Acc: 0.0000, Val Acc: 0.0000
Epoch [1/1000], Batch [50/201], Loss: 6.8630, Train Acc: 0.0000, Val Acc: 0.0000
Epoch [1/1000], Batch [60/201], Loss: 6.9243, Train Acc: 0.0000, Val Acc: 0.0040
Epoch [1/1000], Batch [70/201], Loss: 6.8996, Train Acc: 0.0000, Val Acc: 0.0000
Epoch [1/1000], Batch [80/201], Loss: 6.9181, Train Acc: 0.0000, Val Acc: 0.0000
Epoch [1/1000], Batch [90/201], Loss: 6.8621, Train Acc: 0.0000, Val Acc: 0.0000
Epoch [1/1000], Batch [100/201], Loss: 6.9016, Train Acc: 0.0000, Val Acc: 0.0000
Epoch [1/1000], Batch [110/201], Loss: 6.8721, Train Acc: 0.0000, Val Acc: 0.0000
Epoch [1/1000], Batch [120/201], Loss: 6.9264, Train Acc: 0.0000, Val Acc: 0.0080
Epoch [1/1000], Batch [130/201], Loss: 6.8139, Train Acc: 0.0156, Val Acc: 0.0080
Epoch [1/1000], Batch [140/201], Loss: 6.8252, Train Acc: 0.0000, Val Acc: 0.0040
Epoch [1/1000], Batch [150/201], Loss: 6.9116, Train Acc: 0.0000, Val Acc: 0.0040
Epoch [1/1000], Batch [160/201], Loss: 6.7510, Train Acc: 0.0000, Val Acc: 0.0000
Epoch [1/1000], Batch [170/201], Loss: 6.8404, Train Acc: 0.0000, Val Acc: 0.0000
Epoch [1/1000], Batch [180/201], Loss: 6.8979, Train Acc: 0.0000, Val Acc: 0.0000
Epoch [1/1000], Batch [190/201], Loss: 6.7390, Train Acc: 0.0000, Val Acc: 0.0000
Epoch [1/1000], Batch [200/201], Loss: 6.7063, Train Acc: 0.0000, Val Acc: 0.0000
Epoch [2/1000], Batch [10/201], Loss: 6.6380, Train Acc: 0.0000, Val Acc: 0.0000
Epoch [2/1000], Batch [20/201], Loss: 6.7073, Train Acc: 0.0000, Val Acc: 0.0000
Epoch [2/1000], Batch [30/201], Loss: 6.5535, Train Acc: 0.0000, Val Acc: 0.0040
Epoch [2/1000], Batch [40/201], Loss: 6.6450, Train Acc: 0.0000, Val Acc: 0.0000
Epoch [2/1000], Batch [50/201], Loss: 6.6426, Train Acc: 0.0000, Val Acc: 0.0000
Epoch [2/1000], Batch [60/201], Loss: 6.6288, Train Acc: 0.0000, Val Acc: 0.0000
Epoch [2/1000], Batch [70/201], Loss: 6.6228, Train Acc: 0.0000, Val Acc: 0.0040
Epoch [2/1000], Batch [80/201], Loss: 6.7744, Train Acc: 0.0000, Val Acc: 0.0040
Epoch [2/1000], Batch [90/201], Loss: 6.5796, Train Acc: 0.0312, Val Acc: 0.0080
Epoch [2/1000], Batch [100/201], Loss: 6.5798, Train Acc: 0.0156, Val Acc: 0.0080
Epoch [2/1000], Batch [110/201], Loss: 6.4798, Train Acc: 0.0000, Val Acc: 0.0000
Epoch [2/1000], Batch [120/201], Loss: 6.6758, Train Acc: 0.0000, Val Acc: 0.0040
Epoch [2/1000], Batch [130/201], Loss: 6.6101, Train Acc: 0.0156, Val Acc: 0.0000
Epoch [2/1000], Batch [140/201], Loss: 6.6321, Train Acc: 0.0000, Val Acc: 0.0080
Epoch [2/1000], Batch [150/201], Loss: 6.7132, Train Acc: 0.0000, Val Acc: 0.0080
Epoch [2/1000], Batch [160/201], Loss: 6.6178, Train Acc: 0.0156, Val Acc: 0.0000
Epoch [2/1000], Batch [170/201], Loss: 6.6722, Train Acc: 0.0000, Val Acc: 0.0000
Epoch [2/1000], Batch [180/201], Loss: 6.6341, Train Acc: 0.0000, Val Acc: 0.0080
Epoch [2/1000], Batch [190/201], Loss: 6.6162, Train Acc: 0.0000, Val Acc: 0.0040
Epoch [2/1000], Batch [200/201], Loss: 6.6480, Train Acc: 0.0156, Val Acc: 0.0040
Epoch [3/1000], Batch [10/201], Loss: 6.4911, Train Acc: 0.0312, Val Acc: 0.0040
Epoch [3/1000], Batch [20/201], Loss: 6.4965, Train Acc: 0.0000, Val Acc: 0.0040
Epoch [3/1000], Batch [30/201], Loss: 6.4747, Train Acc: 0.0312, Val Acc: 0.0040
Epoch [3/1000], Batch [40/201], Loss: 6.6217, Train Acc: 0.0000, Val Acc: 0.0040
Epoch [3/1000], Batch [50/201], Loss: 6.5509, Train Acc: 0.0156, Val Acc: 0.0000
Epoch [3/1000], Batch [60/201], Loss: 6.7303, Train Acc: 0.0000, Val Acc: 0.0040
Epoch [3/1000], Batch [70/201], Loss: 6.5593, Train Acc: 0.0156, Val Acc: 0.0000
Epoch [3/1000], Batch [80/201], Loss: 6.2413, Train Acc: 0.0156, Val Acc: 0.0080
Epoch [3/1000], Batch [90/201], Loss: 6.4537, Train Acc: 0.0156, Val Acc: 0.0120
Epoch [3/1000], Batch [100/201], Loss: 6.5482, Train Acc: 0.0000, Val Acc: 0.0080
Epoch [3/1000], Batch [110/201], Loss: 6.5171, Train Acc: 0.0156, Val Acc: 0.0000
Epoch [3/1000], Batch [120/201], Loss: 6.4916, Train Acc: 0.0000, Val Acc: 0.0040
Epoch [3/1000], Batch [130/201], Loss: 6.6114, Train Acc: 0.0156, Val Acc: 0.0120
Epoch [3/1000], Batch [140/201], Loss: 6.3643, Train Acc: 0.0000, Val Acc: 0.0080
Epoch [3/1000], Batch [150/201], Loss: 6.5195, Train Acc: 0.0156, Val Acc: 0.0120
Epoch [3/1000], Batch [160/201], Loss: 6.4204, Train Acc: 0.0156, Val Acc: 0.0120
Epoch [3/1000], Batch [170/201], Loss: 6.3459, Train Acc: 0.0000, Val Acc: 0.0080
Epoch [3/1000], Batch [180/201], Loss: 6.4414, Train Acc: 0.0156, Val Acc: 0.0040
Epoch [3/1000], Batch [190/201], Loss: 6.5414, Train Acc: 0.0000, Val Acc: 0.0080
Epoch [3/1000], Batch [200/201], Loss: 6.5428, Train Acc: 0.0000, Val Acc: 0.0120
Epoch [4/1000], Batch [10/201], Loss: 6.3575, Train Acc: 0.0156, Val Acc: 0.0080
Epoch [4/1000], Batch [20/201], Loss: 6.1468, Train Acc: 0.0312, Val Acc: 0.0040
Epoch [4/1000], Batch [30/201], Loss: 6.2422, Train Acc: 0.0312, Val Acc: 0.0080
Epoch [4/1000], Batch [40/201], Loss: 6.2108, Train Acc: 0.0156, Val Acc: 0.0080
Epoch [4/1000], Batch [50/201], Loss: 6.4656, Train Acc: 0.0000, Val Acc: 0.0040
Epoch [4/1000], Batch [60/201], Loss: 6.3717, Train Acc: 0.0000, Val Acc: 0.0040
Epoch [4/1000], Batch [70/201], Loss: 6.1262, Train Acc: 0.0625, Val Acc: 0.0120
Epoch [4/1000], Batch [80/201], Loss: 6.3337, Train Acc: 0.0000, Val Acc: 0.0000
Epoch [4/1000], Batch [90/201], Loss: 6.1332, Train Acc: 0.0000, Val Acc: 0.0080
Epoch [4/1000], Batch [100/201], Loss: 6.3635, Train Acc: 0.0156, Val Acc: 0.0040
Epoch [4/1000], Batch [110/201], Loss: 6.4252, Train Acc: 0.0000, Val Acc: 0.0040
Epoch [4/1000], Batch [120/201], Loss: 6.3621, Train Acc: 0.0000, Val Acc: 0.0120
Epoch [4/1000], Batch [130/201], Loss: 6.2330, Train Acc: 0.0312, Val Acc: 0.0120
Epoch [4/1000], Batch [140/201], Loss: 6.1259, Train Acc: 0.0156, Val Acc: 0.0120
Epoch [4/1000], Batch [150/201], Loss: 6.5909, Train Acc: 0.0000, Val Acc: 0.0080
Epoch [4/1000], Batch [160/201], Loss: 6.0779, Train Acc: 0.0156, Val Acc: 0.0080
Epoch [4/1000], Batch [170/201], Loss: 6.5128, Train Acc: 0.0000, Val Acc: 0.0160
Epoch [4/1000], Batch [180/201], Loss: 6.3917, Train Acc: 0.0000, Val Acc: 0.0080
Epoch [4/1000], Batch [190/201], Loss: 6.3818, Train Acc: 0.0156, Val Acc: 0.0120
Epoch [4/1000], Batch [200/201], Loss: 6.4678, Train Acc: 0.0000, Val Acc: 0.0200
Epoch [5/1000], Batch [10/201], Loss: 6.0206, Train Acc: 0.0000, Val Acc: 0.0120
Epoch [5/1000], Batch [20/201], Loss: 5.9285, Train Acc: 0.0312, Val Acc: 0.0120
Epoch [5/1000], Batch [30/201], Loss: 6.1323, Train Acc: 0.0312, Val Acc: 0.0040
Epoch [5/1000], Batch [40/201], Loss: 6.1738, Train Acc: 0.0156, Val Acc: 0.0120
Epoch [5/1000], Batch [50/201], Loss: 6.3046, Train Acc: 0.0000, Val Acc: 0.0040
Epoch [5/1000], Batch [60/201], Loss: 6.1378, Train Acc: 0.0312, Val Acc: 0.0040
Epoch [5/1000], Batch [70/201], Loss: 6.0386, Train Acc: 0.0312, Val Acc: 0.0120
Epoch [5/1000], Batch [80/201], Loss: 6.0530, Train Acc: 0.0469, Val Acc: 0.0160
Epoch [5/1000], Batch [90/201], Loss: 6.2801, Train Acc: 0.0000, Val Acc: 0.0200
Epoch [5/1000], Batch [100/201], Loss: 6.2624, Train Acc: 0.0156, Val Acc: 0.0080
Epoch [5/1000], Batch [110/201], Loss: 5.9906, Train Acc: 0.0312, Val Acc: 0.0160
Epoch [5/1000], Batch [120/201], Loss: 6.1334, Train Acc: 0.0156, Val Acc: 0.0040
Epoch [5/1000], Batch [130/201], Loss: 6.2116, Train Acc: 0.0156, Val Acc: 0.0120
Epoch [5/1000], Batch [140/201], Loss: 6.2842, Train Acc: 0.0000, Val Acc: 0.0120
Epoch [5/1000], Batch [150/201], Loss: 6.2874, Train Acc: 0.0156, Val Acc: 0.0040
Epoch [5/1000], Batch [160/201], Loss: 6.2166, Train Acc: 0.0000, Val Acc: 0.0200
Epoch [5/1000], Batch [170/201], Loss: 6.2963, Train Acc: 0.0000, Val Acc: 0.0120
Epoch [5/1000], Batch [180/201], Loss: 6.0800, Train Acc: 0.0625, Val Acc: 0.0120
Epoch [5/1000], Batch [190/201], Loss: 6.0568, Train Acc: 0.0156, Val Acc: 0.0080
Epoch [5/1000], Batch [200/201], Loss: 6.1575, Train Acc: 0.0156, Val Acc: 0.0040
Epoch [6/1000], Batch [10/201], Loss: 6.0434, Train Acc: 0.0000, Val Acc: 0.0080
Epoch [6/1000], Batch [20/201], Loss: 6.1451, Train Acc: 0.0000, Val Acc: 0.0080
Epoch [6/1000], Batch [30/201], Loss: 6.1488, Train Acc: 0.0156, Val Acc: 0.0080
Epoch [6/1000], Batch [40/201], Loss: 6.0878, Train Acc: 0.0312, Val Acc: 0.0040
Epoch [6/1000], Batch [50/201], Loss: 6.1094, Train Acc: 0.0000, Val Acc: 0.0080
Epoch [6/1000], Batch [60/201], Loss: 5.9546, Train Acc: 0.0469, Val Acc: 0.0080
Epoch [6/1000], Batch [70/201], Loss: 6.1180, Train Acc: 0.0000, Val Acc: 0.0120
Epoch [6/1000], Batch [80/201], Loss: 5.9977, Train Acc: 0.0312, Val Acc: 0.0120
Epoch [6/1000], Batch [90/201], Loss: 6.1965, Train Acc: 0.0000, Val Acc: 0.0040
Epoch [6/1000], Batch [100/201], Loss: 5.9413, Train Acc: 0.0156, Val Acc: 0.0160
Epoch [6/1000], Batch [110/201], Loss: 5.9446, Train Acc: 0.0156, Val Acc: 0.0080
Epoch [6/1000], Batch [120/201], Loss: 5.9215, Train Acc: 0.0156, Val Acc: 0.0080
Epoch [6/1000], Batch [130/201], Loss: 5.9772, Train Acc: 0.0312, Val Acc: 0.0200
Epoch [6/1000], Batch [140/201], Loss: 5.9674, Train Acc: 0.0156, Val Acc: 0.0240
Epoch [6/1000], Batch [150/201], Loss: 5.8701, Train Acc: 0.0156, Val Acc: 0.0240
Epoch [6/1000], Batch [160/201], Loss: 6.0508, Train Acc: 0.0156, Val Acc: 0.0200
Epoch [6/1000], Batch [170/201], Loss: 6.2410, Train Acc: 0.0000, Val Acc: 0.0200
Epoch [6/1000], Batch [180/201], Loss: 6.0761, Train Acc: 0.0156, Val Acc: 0.0160
Epoch [6/1000], Batch [190/201], Loss: 6.2456, Train Acc: 0.0156, Val Acc: 0.0160
Epoch [6/1000], Batch [200/201], Loss: 6.3058, Train Acc: 0.0000, Val Acc: 0.0120
Epoch [7/1000], Batch [10/201], Loss: 5.8561, Train Acc: 0.0000, Val Acc: 0.0240
Epoch [7/1000], Batch [20/201], Loss: 5.9705, Train Acc: 0.0469, Val Acc: 0.0160
Epoch [7/1000], Batch [30/201], Loss: 5.8096, Train Acc: 0.0156, Val Acc: 0.0080
Epoch [7/1000], Batch [40/201], Loss: 5.8490, Train Acc: 0.0312, Val Acc: 0.0080
Epoch [7/1000], Batch [50/201], Loss: 5.7938, Train Acc: 0.0156, Val Acc: 0.0080
Epoch [7/1000], Batch [60/201], Loss: 5.9888, Train Acc: 0.0469, Val Acc: 0.0240
Epoch [7/1000], Batch [70/201], Loss: 5.9539, Train Acc: 0.0469, Val Acc: 0.0080
Epoch [7/1000], Batch [80/201], Loss: 5.9038, Train Acc: 0.0312, Val Acc: 0.0160
Epoch [7/1000], Batch [90/201], Loss: 6.1582, Train Acc: 0.0312, Val Acc: 0.0280
Epoch [7/1000], Batch [100/201], Loss: 6.0471, Train Acc: 0.0781, Val Acc: 0.0200
Epoch [7/1000], Batch [110/201], Loss: 5.7927, Train Acc: 0.0156, Val Acc: 0.0200
Epoch [7/1000], Batch [120/201], Loss: 5.7430, Train Acc: 0.0312, Val Acc: 0.0160
Epoch [7/1000], Batch [130/201], Loss: 5.9938, Train Acc: 0.0000, Val Acc: 0.0120
Epoch [7/1000], Batch [140/201], Loss: 5.9487, Train Acc: 0.0156, Val Acc: 0.0200
Epoch [7/1000], Batch [150/201], Loss: 5.8800, Train Acc: 0.0469, Val Acc: 0.0200
Epoch [7/1000], Batch [160/201], Loss: 5.7912, Train Acc: 0.0156, Val Acc: 0.0200
Epoch [7/1000], Batch [170/201], Loss: 6.0159, Train Acc: 0.0312, Val Acc: 0.0080
Epoch [7/1000], Batch [180/201], Loss: 6.0185, Train Acc: 0.0312, Val Acc: 0.0080
Epoch [7/1000], Batch [190/201], Loss: 5.9701, Train Acc: 0.0469, Val Acc: 0.0040
Epoch [7/1000], Batch [200/201], Loss: 5.7738, Train Acc: 0.0312, Val Acc: 0.0080
Epoch [8/1000], Batch [10/201], Loss: 5.7469, Train Acc: 0.0469, Val Acc: 0.0200
Epoch [8/1000], Batch [20/201], Loss: 5.7340, Train Acc: 0.0156, Val Acc: 0.0200
Epoch [8/1000], Batch [30/201], Loss: 5.8508, Train Acc: 0.0156, Val Acc: 0.0240
Epoch [8/1000], Batch [40/201], Loss: 5.7553, Train Acc: 0.0156, Val Acc: 0.0280
Epoch [8/1000], Batch [50/201], Loss: 6.1319, Train Acc: 0.0000, Val Acc: 0.0200
Epoch [8/1000], Batch [60/201], Loss: 5.8174, Train Acc: 0.0312, Val Acc: 0.0200
Epoch [8/1000], Batch [70/201], Loss: 5.9403, Train Acc: 0.0312, Val Acc: 0.0160
Epoch [8/1000], Batch [80/201], Loss: 5.7517, Train Acc: 0.0156, Val Acc: 0.0200
Epoch [8/1000], Batch [90/201], Loss: 5.7494, Train Acc: 0.0156, Val Acc: 0.0160
Epoch [8/1000], Batch [100/201], Loss: 5.7809, Train Acc: 0.0000, Val Acc: 0.0160
Epoch [8/1000], Batch [110/201], Loss: 5.7343, Train Acc: 0.0625, Val Acc: 0.0200
Epoch [8/1000], Batch [120/201], Loss: 5.6208, Train Acc: 0.0312, Val Acc: 0.0240
Epoch [8/1000], Batch [130/201], Loss: 5.7664, Train Acc: 0.0156, Val Acc: 0.0280
Epoch [8/1000], Batch [140/201], Loss: 6.0083, Train Acc: 0.0000, Val Acc: 0.0160
Epoch [8/1000], Batch [150/201], Loss: 5.8528, Train Acc: 0.0156, Val Acc: 0.0200
Epoch [8/1000], Batch [160/201], Loss: 5.8805, Train Acc: 0.0312, Val Acc: 0.0200
Epoch [8/1000], Batch [170/201], Loss: 5.9308, Train Acc: 0.0312, Val Acc: 0.0080
Epoch [8/1000], Batch [180/201], Loss: 6.0468, Train Acc: 0.0312, Val Acc: 0.0120
Epoch [8/1000], Batch [190/201], Loss: 5.8951, Train Acc: 0.0469, Val Acc: 0.0160
Epoch [8/1000], Batch [200/201], Loss: 5.8186, Train Acc: 0.0156, Val Acc: 0.0160
Epoch [9/1000], Batch [10/201], Loss: 5.6361, Train Acc: 0.0312, Val Acc: 0.0080
Epoch [9/1000], Batch [20/201], Loss: 5.4230, Train Acc: 0.0469, Val Acc: 0.0120
Epoch [9/1000], Batch [30/201], Loss: 5.7862, Train Acc: 0.0312, Val Acc: 0.0200
Epoch [9/1000], Batch [40/201], Loss: 5.7912, Train Acc: 0.0469, Val Acc: 0.0080
Epoch [9/1000], Batch [50/201], Loss: 5.4588, Train Acc: 0.0625, Val Acc: 0.0120
Epoch [9/1000], Batch [60/201], Loss: 5.5592, Train Acc: 0.0625, Val Acc: 0.0040
Epoch [9/1000], Batch [70/201], Loss: 5.5013, Train Acc: 0.0625, Val Acc: 0.0040
Epoch [9/1000], Batch [80/201], Loss: 5.8756, Train Acc: 0.0000, Val Acc: 0.0240
Epoch [9/1000], Batch [90/201], Loss: 6.0107, Train Acc: 0.0000, Val Acc: 0.0080
Epoch [9/1000], Batch [100/201], Loss: 5.5983, Train Acc: 0.0312, Val Acc: 0.0200
Epoch [9/1000], Batch [110/201], Loss: 5.7529, Train Acc: 0.0469, Val Acc: 0.0160
Epoch [9/1000], Batch [120/201], Loss: 5.5471, Train Acc: 0.0312, Val Acc: 0.0080
Epoch [9/1000], Batch [130/201], Loss: 5.6350, Train Acc: 0.0625, Val Acc: 0.0160
Epoch [9/1000], Batch [140/201], Loss: 5.8421, Train Acc: 0.0156, Val Acc: 0.0120
Epoch [9/1000], Batch [150/201], Loss: 5.6390, Train Acc: 0.0469, Val Acc: 0.0120
Epoch [9/1000], Batch [160/201], Loss: 5.8477, Train Acc: 0.0781, Val Acc: 0.0160
Epoch [9/1000], Batch [170/201], Loss: 6.0313, Train Acc: 0.0312, Val Acc: 0.0280
Epoch [9/1000], Batch [180/201], Loss: 5.8007, Train Acc: 0.0312, Val Acc: 0.0160
Epoch [9/1000], Batch [190/201], Loss: 5.7714, Train Acc: 0.0312, Val Acc: 0.0160
Epoch [9/1000], Batch [200/201], Loss: 5.9379, Train Acc: 0.0000, Val Acc: 0.0200
Epoch [10/1000], Batch [10/201], Loss: 5.6668, Train Acc: 0.0156, Val Acc: 0.0080
Epoch [10/1000], Batch [20/201], Loss: 5.5192, Train Acc: 0.0469, Val Acc: 0.0160
Epoch [10/1000], Batch [30/201], Loss: 5.4725, Train Acc: 0.0625, Val Acc: 0.0080
Epoch [10/1000], Batch [40/201], Loss: 5.7184, Train Acc: 0.0312, Val Acc: 0.0240
Epoch [10/1000], Batch [50/201], Loss: 5.5227, Train Acc: 0.0469, Val Acc: 0.0240
Epoch [10/1000], Batch [60/201], Loss: 5.6265, Train Acc: 0.0312, Val Acc: 0.0120
Epoch [10/1000], Batch [70/201], Loss: 5.8891, Train Acc: 0.0156, Val Acc: 0.0120
Epoch [10/1000], Batch [80/201], Loss: 5.5160, Train Acc: 0.0312, Val Acc: 0.0200
Epoch [10/1000], Batch [90/201], Loss: 5.5275, Train Acc: 0.0469, Val Acc: 0.0320
Epoch [10/1000], Batch [100/201], Loss: 5.4946, Train Acc: 0.0312, Val Acc: 0.0280
Epoch [10/1000], Batch [110/201], Loss: 6.0107, Train Acc: 0.0000, Val Acc: 0.0240
Epoch [10/1000], Batch [120/201], Loss: 5.6395, Train Acc: 0.0625, Val Acc: 0.0200
Epoch [10/1000], Batch [130/201], Loss: 5.5094, Train Acc: 0.0625, Val Acc: 0.0280
Epoch [10/1000], Batch [140/201], Loss: 5.4996, Train Acc: 0.0625, Val Acc: 0.0160
Epoch [10/1000], Batch [150/201], Loss: 5.8042, Train Acc: 0.0000, Val Acc: 0.0200
Epoch [10/1000], Batch [160/201], Loss: 5.5158, Train Acc: 0.1250, Val Acc: 0.0200
Epoch [10/1000], Batch [170/201], Loss: 5.9890, Train Acc: 0.0156, Val Acc: 0.0240
Epoch [10/1000], Batch [180/201], Loss: 5.6987, Train Acc: 0.0312, Val Acc: 0.0160
Epoch [10/1000], Batch [190/201], Loss: 5.4659, Train Acc: 0.0781, Val Acc: 0.0200
Epoch [10/1000], Batch [200/201], Loss: 5.8278, Train Acc: 0.0312, Val Acc: 0.0280
Epoch [11/1000], Batch [10/201], Loss: 5.6400, Train Acc: 0.0469, Val Acc: 0.0200
Epoch [11/1000], Batch [20/201], Loss: 5.2506, Train Acc: 0.0938, Val Acc: 0.0240
Epoch [11/1000], Batch [30/201], Loss: 5.6106, Train Acc: 0.0469, Val Acc: 0.0240
Epoch [11/1000], Batch [40/201], Loss: 5.5698, Train Acc: 0.0312, Val Acc: 0.0240
Epoch [11/1000], Batch [50/201], Loss: 5.7339, Train Acc: 0.0156, Val Acc: 0.0400
Epoch [11/1000], Batch [60/201], Loss: 5.5046, Train Acc: 0.0312, Val Acc: 0.0320
Epoch [11/1000], Batch [70/201], Loss: 5.6821, Train Acc: 0.0469, Val Acc: 0.0280
Epoch [11/1000], Batch [80/201], Loss: 5.4906, Train Acc: 0.0312, Val Acc: 0.0280
Epoch [11/1000], Batch [90/201], Loss: 5.4676, Train Acc: 0.0781, Val Acc: 0.0320
Epoch [11/1000], Batch [100/201], Loss: 5.6072, Train Acc: 0.0781, Val Acc: 0.0080
Epoch [11/1000], Batch [110/201], Loss: 5.5907, Train Acc: 0.0469, Val Acc: 0.0200
Epoch [11/1000], Batch [120/201], Loss: 5.4597, Train Acc: 0.1094, Val Acc: 0.0240
Epoch [11/1000], Batch [130/201], Loss: 5.6642, Train Acc: 0.0156, Val Acc: 0.0280
Epoch [11/1000], Batch [140/201], Loss: 5.5867, Train Acc: 0.0312, Val Acc: 0.0200
Epoch [11/1000], Batch [150/201], Loss: 5.4085, Train Acc: 0.0469, Val Acc: 0.0080
Epoch [11/1000], Batch [160/201], Loss: 5.2849, Train Acc: 0.0312, Val Acc: 0.0360
Epoch [11/1000], Batch [170/201], Loss: 5.4659, Train Acc: 0.0469, Val Acc: 0.0240
Epoch [11/1000], Batch [180/201], Loss: 5.6585, Train Acc: 0.0469, Val Acc: 0.0120
Epoch [11/1000], Batch [190/201], Loss: 5.6072, Train Acc: 0.0781, Val Acc: 0.0120
Epoch [11/1000], Batch [200/201], Loss: 5.7151, Train Acc: 0.0781, Val Acc: 0.0120
Epoch [12/1000], Batch [10/201], Loss: 5.2953, Train Acc: 0.0781, Val Acc: 0.0280
Epoch [12/1000], Batch [20/201], Loss: 5.4346, Train Acc: 0.0469, Val Acc: 0.0160
Epoch [12/1000], Batch [30/201], Loss: 5.3369, Train Acc: 0.1094, Val Acc: 0.0160
Epoch [12/1000], Batch [40/201], Loss: 5.5199, Train Acc: 0.0156, Val Acc: 0.0120
Epoch [12/1000], Batch [50/201], Loss: 5.4148, Train Acc: 0.0000, Val Acc: 0.0240
Epoch [12/1000], Batch [60/201], Loss: 5.3851, Train Acc: 0.0938, Val Acc: 0.0160
Epoch [12/1000], Batch [70/201], Loss: 5.3910, Train Acc: 0.0312, Val Acc: 0.0160
Epoch [12/1000], Batch [80/201], Loss: 5.6928, Train Acc: 0.0156, Val Acc: 0.0280
Epoch [12/1000], Batch [90/201], Loss: 5.4395, Train Acc: 0.0625, Val Acc: 0.0320
Epoch [12/1000], Batch [100/201], Loss: 5.1134, Train Acc: 0.0625, Val Acc: 0.0280
Epoch [12/1000], Batch [110/201], Loss: 5.3058, Train Acc: 0.0938, Val Acc: 0.0280
Epoch [12/1000], Batch [120/201], Loss: 5.5115, Train Acc: 0.0625, Val Acc: 0.0320
Epoch [12/1000], Batch [130/201], Loss: 5.6249, Train Acc: 0.0469, Val Acc: 0.0320
Epoch [12/1000], Batch [140/201], Loss: 5.4854, Train Acc: 0.0000, Val Acc: 0.0360
Epoch [12/1000], Batch [150/201], Loss: 5.4552, Train Acc: 0.0469, Val Acc: 0.0200
Epoch [12/1000], Batch [160/201], Loss: 5.8326, Train Acc: 0.0469, Val Acc: 0.0320
Epoch [12/1000], Batch [170/201], Loss: 5.5693, Train Acc: 0.0469, Val Acc: 0.0320
Epoch [12/1000], Batch [180/201], Loss: 5.4286, Train Acc: 0.0625, Val Acc: 0.0440
Epoch [12/1000], Batch [190/201], Loss: 5.7802, Train Acc: 0.0000, Val Acc: 0.0160
Epoch [12/1000], Batch [200/201], Loss: 5.1554, Train Acc: 0.0781, Val Acc: 0.0160
Epoch [13/1000], Batch [10/201], Loss: 5.0912, Train Acc: 0.0781, Val Acc: 0.0280
Epoch [13/1000], Batch [20/201], Loss: 5.0099, Train Acc: 0.0781, Val Acc: 0.0240
Epoch [13/1000], Batch [30/201], Loss: 5.4117, Train Acc: 0.0625, Val Acc: 0.0320
Epoch [13/1000], Batch [40/201], Loss: 5.2911, Train Acc: 0.0469, Val Acc: 0.0160
Epoch [13/1000], Batch [50/201], Loss: 5.1512, Train Acc: 0.0625, Val Acc: 0.0120
Epoch [13/1000], Batch [60/201], Loss: 5.2642, Train Acc: 0.0469, Val Acc: 0.0280
Epoch [13/1000], Batch [70/201], Loss: 5.5722, Train Acc: 0.0469, Val Acc: 0.0080
Epoch [13/1000], Batch [80/201], Loss: 5.3329, Train Acc: 0.0781, Val Acc: 0.0240
Epoch [13/1000], Batch [90/201], Loss: 5.4998, Train Acc: 0.0625, Val Acc: 0.0280
Epoch [13/1000], Batch [100/201], Loss: 5.2116, Train Acc: 0.1094, Val Acc: 0.0160
Epoch [13/1000], Batch [110/201], Loss: 5.7085, Train Acc: 0.0781, Val Acc: 0.0240
Epoch [13/1000], Batch [120/201], Loss: 5.3083, Train Acc: 0.0469, Val Acc: 0.0200
Epoch [13/1000], Batch [130/201], Loss: 5.5151, Train Acc: 0.1094, Val Acc: 0.0160
Epoch [13/1000], Batch [140/201], Loss: 5.2730, Train Acc: 0.0938, Val Acc: 0.0360
Epoch [13/1000], Batch [150/201], Loss: 5.3560, Train Acc: 0.0469, Val Acc: 0.0320
Epoch [13/1000], Batch [160/201], Loss: 5.6686, Train Acc: 0.0312, Val Acc: 0.0320
Epoch [13/1000], Batch [170/201], Loss: 5.5716, Train Acc: 0.0469, Val Acc: 0.0280
Epoch [13/1000], Batch [180/201], Loss: 5.1529, Train Acc: 0.0312, Val Acc: 0.0160
Epoch [13/1000], Batch [190/201], Loss: 4.9998, Train Acc: 0.1094, Val Acc: 0.0280
Epoch [13/1000], Batch [200/201], Loss: 5.5381, Train Acc: 0.0469, Val Acc: 0.0320
Epoch [14/1000], Batch [10/201], Loss: 5.4701, Train Acc: 0.0469, Val Acc: 0.0200
Epoch [14/1000], Batch [20/201], Loss: 5.1279, Train Acc: 0.0469, Val Acc: 0.0160
Epoch [14/1000], Batch [30/201], Loss: 5.4681, Train Acc: 0.0469, Val Acc: 0.0200
Epoch [14/1000], Batch [40/201], Loss: 5.1032, Train Acc: 0.0625, Val Acc: 0.0240
Epoch [14/1000], Batch [50/201], Loss: 5.4583, Train Acc: 0.0156, Val Acc: 0.0200
Epoch [14/1000], Batch [60/201], Loss: 4.9752, Train Acc: 0.0781, Val Acc: 0.0160
Epoch [14/1000], Batch [70/201], Loss: 5.4147, Train Acc: 0.0469, Val Acc: 0.0160
Epoch [14/1000], Batch [80/201], Loss: 5.4830, Train Acc: 0.0781, Val Acc: 0.0240
Epoch [14/1000], Batch [90/201], Loss: 4.9106, Train Acc: 0.0781, Val Acc: 0.0320
Epoch [14/1000], Batch [100/201], Loss: 5.1209, Train Acc: 0.0938, Val Acc: 0.0400
Epoch [14/1000], Batch [110/201], Loss: 5.2112, Train Acc: 0.0469, Val Acc: 0.0360
Epoch [14/1000], Batch [120/201], Loss: 5.1580, Train Acc: 0.0625, Val Acc: 0.0400
Epoch [14/1000], Batch [130/201], Loss: 5.1822, Train Acc: 0.1250, Val Acc: 0.0240
Epoch [14/1000], Batch [140/201], Loss: 5.4825, Train Acc: 0.0938, Val Acc: 0.0200
Epoch [14/1000], Batch [150/201], Loss: 5.4858, Train Acc: 0.0156, Val Acc: 0.0120
Epoch [14/1000], Batch [160/201], Loss: 5.2709, Train Acc: 0.0625, Val Acc: 0.0320
Epoch [14/1000], Batch [170/201], Loss: 5.3646, Train Acc: 0.0312, Val Acc: 0.0400
Epoch [14/1000], Batch [180/201], Loss: 5.2254, Train Acc: 0.0625, Val Acc: 0.0360
Epoch [14/1000], Batch [190/201], Loss: 5.1010, Train Acc: 0.0938, Val Acc: 0.0240
Epoch [14/1000], Batch [200/201], Loss: 5.2260, Train Acc: 0.0938, Val Acc: 0.0240
Epoch [15/1000], Batch [10/201], Loss: 5.4607, Train Acc: 0.0312, Val Acc: 0.0240
Epoch [15/1000], Batch [20/201], Loss: 5.0289, Train Acc: 0.0625, Val Acc: 0.0160
Epoch [15/1000], Batch [30/201], Loss: 5.2839, Train Acc: 0.0469, Val Acc: 0.0080
Epoch [15/1000], Batch [40/201], Loss: 4.9321, Train Acc: 0.0781, Val Acc: 0.0280
Epoch [15/1000], Batch [50/201], Loss: 5.0930, Train Acc: 0.0781, Val Acc: 0.0200
Epoch [15/1000], Batch [60/201], Loss: 5.2248, Train Acc: 0.0938, Val Acc: 0.0120
Epoch [15/1000], Batch [70/201], Loss: 5.1940, Train Acc: 0.0312, Val Acc: 0.0240
Epoch [15/1000], Batch [80/201], Loss: 5.0940, Train Acc: 0.0312, Val Acc: 0.0240
Epoch [15/1000], Batch [90/201], Loss: 5.4074, Train Acc: 0.0469, Val Acc: 0.0240
Epoch [15/1000], Batch [100/201], Loss: 5.4067, Train Acc: 0.0781, Val Acc: 0.0360
Epoch [15/1000], Batch [110/201], Loss: 5.2849, Train Acc: 0.0469, Val Acc: 0.0200
Epoch [15/1000], Batch [120/201], Loss: 4.9603, Train Acc: 0.0625, Val Acc: 0.0320
Epoch [15/1000], Batch [130/201], Loss: 5.0016, Train Acc: 0.0469, Val Acc: 0.0200
Epoch [15/1000], Batch [140/201], Loss: 5.0128, Train Acc: 0.0781, Val Acc: 0.0160
Epoch [15/1000], Batch [150/201], Loss: 5.3965, Train Acc: 0.0469, Val Acc: 0.0280
Epoch [15/1000], Batch [160/201], Loss: 5.3649, Train Acc: 0.0469, Val Acc: 0.0320
Epoch [15/1000], Batch [170/201], Loss: 5.1310, Train Acc: 0.0312, Val Acc: 0.0320
Epoch [15/1000], Batch [180/201], Loss: 4.8574, Train Acc: 0.1094, Val Acc: 0.0200
Epoch [15/1000], Batch [190/201], Loss: 5.0688, Train Acc: 0.0625, Val Acc: 0.0200
Epoch [15/1000], Batch [200/201], Loss: 5.2622, Train Acc: 0.0469, Val Acc: 0.0240
Epoch [16/1000], Batch [10/201], Loss: 5.2423, Train Acc: 0.0781, Val Acc: 0.0240
Epoch [16/1000], Batch [20/201], Loss: 5.1703, Train Acc: 0.0312, Val Acc: 0.0240
Epoch [16/1000], Batch [30/201], Loss: 4.7697, Train Acc: 0.1250, Val Acc: 0.0280
Epoch [16/1000], Batch [40/201], Loss: 4.7755, Train Acc: 0.0781, Val Acc: 0.0240
Epoch [16/1000], Batch [50/201], Loss: 5.0304, Train Acc: 0.1719, Val Acc: 0.0160
Epoch [16/1000], Batch [60/201], Loss: 5.0875, Train Acc: 0.1562, Val Acc: 0.0160
Epoch [16/1000], Batch [70/201], Loss: 4.9253, Train Acc: 0.1250, Val Acc: 0.0160
Epoch [16/1000], Batch [80/201], Loss: 4.9409, Train Acc: 0.0312, Val Acc: 0.0240
Epoch [16/1000], Batch [90/201], Loss: 4.9836, Train Acc: 0.0781, Val Acc: 0.0320
Epoch [16/1000], Batch [100/201], Loss: 5.0363, Train Acc: 0.0469, Val Acc: 0.0160
Epoch [16/1000], Batch [110/201], Loss: 5.2177, Train Acc: 0.0469, Val Acc: 0.0240
Epoch [16/1000], Batch [120/201], Loss: 5.0744, Train Acc: 0.0625, Val Acc: 0.0240
Epoch [16/1000], Batch [130/201], Loss: 5.1294, Train Acc: 0.0938, Val Acc: 0.0240
Epoch [16/1000], Batch [140/201], Loss: 5.2714, Train Acc: 0.0938, Val Acc: 0.0280
Epoch [16/1000], Batch [150/201], Loss: 5.1563, Train Acc: 0.0312, Val Acc: 0.0240
Epoch [16/1000], Batch [160/201], Loss: 5.3469, Train Acc: 0.0312, Val Acc: 0.0320
Epoch [16/1000], Batch [170/201], Loss: 5.3922, Train Acc: 0.0312, Val Acc: 0.0400
Epoch [16/1000], Batch [180/201], Loss: 5.2904, Train Acc: 0.0938, Val Acc: 0.0200
Epoch [16/1000], Batch [190/201], Loss: 5.3272, Train Acc: 0.0781, Val Acc: 0.0280
Epoch [16/1000], Batch [200/201], Loss: 5.4420, Train Acc: 0.0312, Val Acc: 0.0360
Epoch [17/1000], Batch [10/201], Loss: 5.0596, Train Acc: 0.0938, Val Acc: 0.0120
Epoch [17/1000], Batch [20/201], Loss: 4.9257, Train Acc: 0.0781, Val Acc: 0.0200
Epoch [17/1000], Batch [30/201], Loss: 4.8889, Train Acc: 0.0625, Val Acc: 0.0240
Epoch [17/1000], Batch [40/201], Loss: 5.3168, Train Acc: 0.0312, Val Acc: 0.0360
Epoch [17/1000], Batch [50/201], Loss: 4.8262, Train Acc: 0.0938, Val Acc: 0.0320
Epoch [17/1000], Batch [60/201], Loss: 5.2443, Train Acc: 0.0469, Val Acc: 0.0320
Epoch [17/1000], Batch [70/201], Loss: 4.7956, Train Acc: 0.0938, Val Acc: 0.0280
Epoch [17/1000], Batch [80/201], Loss: 5.0417, Train Acc: 0.0625, Val Acc: 0.0440
Epoch [17/1000], Batch [90/201], Loss: 5.5541, Train Acc: 0.0625, Val Acc: 0.0320
Epoch [17/1000], Batch [100/201], Loss: 4.7094, Train Acc: 0.0781, Val Acc: 0.0320
Epoch [17/1000], Batch [110/201], Loss: 5.2874, Train Acc: 0.0781, Val Acc: 0.0120
Epoch [17/1000], Batch [120/201], Loss: 5.1728, Train Acc: 0.0625, Val Acc: 0.0360
Epoch [17/1000], Batch [130/201], Loss: 5.3171, Train Acc: 0.0625, Val Acc: 0.0360
Epoch [17/1000], Batch [140/201], Loss: 4.9006, Train Acc: 0.0625, Val Acc: 0.0200
Epoch [17/1000], Batch [150/201], Loss: 4.8765, Train Acc: 0.0938, Val Acc: 0.0320
Epoch [17/1000], Batch [160/201], Loss: 4.9005, Train Acc: 0.0938, Val Acc: 0.0360
Epoch [17/1000], Batch [170/201], Loss: 5.3329, Train Acc: 0.0625, Val Acc: 0.0240
Epoch [17/1000], Batch [180/201], Loss: 5.2983, Train Acc: 0.0938, Val Acc: 0.0280
Epoch [17/1000], Batch [190/201], Loss: 5.1825, Train Acc: 0.0000, Val Acc: 0.0360
Epoch [17/1000], Batch [200/201], Loss: 5.1456, Train Acc: 0.0469, Val Acc: 0.0280
Epoch [18/1000], Batch [10/201], Loss: 4.7055, Train Acc: 0.1875, Val Acc: 0.0280
Epoch [18/1000], Batch [20/201], Loss: 4.9177, Train Acc: 0.1094, Val Acc: 0.0240
Epoch [18/1000], Batch [30/201], Loss: 5.1385, Train Acc: 0.0469, Val Acc: 0.0520
Epoch [18/1000], Batch [40/201], Loss: 4.8072, Train Acc: 0.1250, Val Acc: 0.0440
Epoch [18/1000], Batch [50/201], Loss: 4.8130, Train Acc: 0.0625, Val Acc: 0.0320
Epoch [18/1000], Batch [60/201], Loss: 5.2006, Train Acc: 0.0625, Val Acc: 0.0440
Epoch [18/1000], Batch [70/201], Loss: 5.0611, Train Acc: 0.0625, Val Acc: 0.0400
Epoch [18/1000], Batch [80/201], Loss: 5.0125, Train Acc: 0.1250, Val Acc: 0.0400
Epoch [18/1000], Batch [90/201], Loss: 5.0178, Train Acc: 0.0312, Val Acc: 0.0360
Epoch [18/1000], Batch [100/201], Loss: 4.6986, Train Acc: 0.0938, Val Acc: 0.0280
Epoch [18/1000], Batch [110/201], Loss: 4.9122, Train Acc: 0.0781, Val Acc: 0.0440
Epoch [18/1000], Batch [120/201], Loss: 4.8703, Train Acc: 0.0781, Val Acc: 0.0280
Epoch [18/1000], Batch [130/201], Loss: 5.2484, Train Acc: 0.0625, Val Acc: 0.0280
Epoch [18/1000], Batch [140/201], Loss: 4.8694, Train Acc: 0.1562, Val Acc: 0.0440
Epoch [18/1000], Batch [150/201], Loss: 4.9671, Train Acc: 0.0781, Val Acc: 0.0200
Epoch [18/1000], Batch [160/201], Loss: 4.9095, Train Acc: 0.0625, Val Acc: 0.0200
Epoch [18/1000], Batch [170/201], Loss: 5.0140, Train Acc: 0.0469, Val Acc: 0.0280
Epoch [18/1000], Batch [180/201], Loss: 5.3450, Train Acc: 0.0312, Val Acc: 0.0280
Epoch [18/1000], Batch [190/201], Loss: 4.9275, Train Acc: 0.0625, Val Acc: 0.0440
Epoch [18/1000], Batch [200/201], Loss: 4.4808, Train Acc: 0.1250, Val Acc: 0.0400
Epoch [19/1000], Batch [10/201], Loss: 4.6714, Train Acc: 0.0469, Val Acc: 0.0200
Epoch [19/1000], Batch [20/201], Loss: 4.6361, Train Acc: 0.1406, Val Acc: 0.0360
Epoch [19/1000], Batch [30/201], Loss: 4.3650, Train Acc: 0.1719, Val Acc: 0.0320
Epoch [19/1000], Batch [40/201], Loss: 5.0869, Train Acc: 0.0781, Val Acc: 0.0520
Epoch [19/1000], Batch [50/201], Loss: 4.8000, Train Acc: 0.0781, Val Acc: 0.0160
Epoch [19/1000], Batch [60/201], Loss: 4.9428, Train Acc: 0.1250, Val Acc: 0.0200
Epoch [19/1000], Batch [70/201], Loss: 5.0116, Train Acc: 0.0938, Val Acc: 0.0360
Epoch [19/1000], Batch [80/201], Loss: 4.8402, Train Acc: 0.0938, Val Acc: 0.0560
Epoch [19/1000], Batch [90/201], Loss: 4.6447, Train Acc: 0.0625, Val Acc: 0.0360
Epoch [19/1000], Batch [100/201], Loss: 4.7320, Train Acc: 0.1250, Val Acc: 0.0360
Epoch [19/1000], Batch [110/201], Loss: 4.8754, Train Acc: 0.0938, Val Acc: 0.0240
Epoch [19/1000], Batch [120/201], Loss: 5.1023, Train Acc: 0.0469, Val Acc: 0.0240
Epoch [19/1000], Batch [130/201], Loss: 4.7402, Train Acc: 0.0625, Val Acc: 0.0240
Epoch [19/1000], Batch [140/201], Loss: 4.8176, Train Acc: 0.0469, Val Acc: 0.0320
Epoch [19/1000], Batch [150/201], Loss: 4.5353, Train Acc: 0.1094, Val Acc: 0.0360
Epoch [19/1000], Batch [160/201], Loss: 5.0373, Train Acc: 0.1719, Val Acc: 0.0320
Epoch [19/1000], Batch [170/201], Loss: 5.2772, Train Acc: 0.0312, Val Acc: 0.0280
Epoch [19/1000], Batch [180/201], Loss: 4.8991, Train Acc: 0.1250, Val Acc: 0.0320
Epoch [19/1000], Batch [190/201], Loss: 5.1811, Train Acc: 0.0469, Val Acc: 0.0480
Epoch [19/1000], Batch [200/201], Loss: 5.0635, Train Acc: 0.0781, Val Acc: 0.0360
Epoch [20/1000], Batch [10/201], Loss: 4.7001, Train Acc: 0.0469, Val Acc: 0.0240
Epoch [20/1000], Batch [20/201], Loss: 4.8133, Train Acc: 0.0938, Val Acc: 0.0400
Epoch [20/1000], Batch [30/201], Loss: 4.8612, Train Acc: 0.1406, Val Acc: 0.0360
Epoch [20/1000], Batch [40/201], Loss: 4.6490, Train Acc: 0.0781, Val Acc: 0.0400
Epoch [20/1000], Batch [50/201], Loss: 4.7234, Train Acc: 0.0938, Val Acc: 0.0360
Epoch [20/1000], Batch [60/201], Loss: 4.7625, Train Acc: 0.0312, Val Acc: 0.0360
Epoch [20/1000], Batch [70/201], Loss: 4.9982, Train Acc: 0.0781, Val Acc: 0.0360
Epoch [20/1000], Batch [80/201], Loss: 4.7520, Train Acc: 0.1094, Val Acc: 0.0360
Epoch [20/1000], Batch [90/201], Loss: 5.0362, Train Acc: 0.1094, Val Acc: 0.0440
Epoch [20/1000], Batch [100/201], Loss: 5.0041, Train Acc: 0.0625, Val Acc: 0.0240
Epoch [20/1000], Batch [110/201], Loss: 5.0815, Train Acc: 0.0312, Val Acc: 0.0280
Epoch [20/1000], Batch [120/201], Loss: 4.7387, Train Acc: 0.0938, Val Acc: 0.0440
Epoch [20/1000], Batch [130/201], Loss: 4.6338, Train Acc: 0.0938, Val Acc: 0.0360
Epoch [20/1000], Batch [140/201], Loss: 4.8542, Train Acc: 0.1094, Val Acc: 0.0280
Epoch [20/1000], Batch [150/201], Loss: 5.0063, Train Acc: 0.0312, Val Acc: 0.0200
Epoch [20/1000], Batch [160/201], Loss: 5.0486, Train Acc: 0.0469, Val Acc: 0.0200
Epoch [20/1000], Batch [170/201], Loss: 5.1016, Train Acc: 0.0938, Val Acc: 0.0320
Epoch [20/1000], Batch [180/201], Loss: 4.8695, Train Acc: 0.0312, Val Acc: 0.0240
Epoch [20/1000], Batch [190/201], Loss: 5.0244, Train Acc: 0.0938, Val Acc: 0.0280
Epoch [20/1000], Batch [200/201], Loss: 5.0261, Train Acc: 0.0938, Val Acc: 0.0280
Epoch [21/1000], Batch [10/201], Loss: 4.6222, Train Acc: 0.1094, Val Acc: 0.0240
Epoch [21/1000], Batch [20/201], Loss: 4.9375, Train Acc: 0.1250, Val Acc: 0.0200
Epoch [21/1000], Batch [30/201], Loss: 4.9758, Train Acc: 0.0469, Val Acc: 0.0400
Epoch [21/1000], Batch [40/201], Loss: 4.7892, Train Acc: 0.0938, Val Acc: 0.0360
Epoch [21/1000], Batch [50/201], Loss: 4.3869, Train Acc: 0.1562, Val Acc: 0.0200
Epoch [21/1000], Batch [60/201], Loss: 4.5148, Train Acc: 0.1250, Val Acc: 0.0160
Epoch [21/1000], Batch [70/201], Loss: 4.6014, Train Acc: 0.0781, Val Acc: 0.0160
Epoch [21/1000], Batch [80/201], Loss: 4.9845, Train Acc: 0.0938, Val Acc: 0.0240
Epoch [21/1000], Batch [90/201], Loss: 4.4148, Train Acc: 0.1250, Val Acc: 0.0240
Epoch [21/1000], Batch [100/201], Loss: 5.1267, Train Acc: 0.0938, Val Acc: 0.0240
Epoch [21/1000], Batch [110/201], Loss: 4.5786, Train Acc: 0.0781, Val Acc: 0.0400
Epoch [21/1000], Batch [120/201], Loss: 4.7844, Train Acc: 0.0781, Val Acc: 0.0200
Epoch [21/1000], Batch [130/201], Loss: 4.9519, Train Acc: 0.0781, Val Acc: 0.0280
Epoch [21/1000], Batch [140/201], Loss: 4.9408, Train Acc: 0.0781, Val Acc: 0.0400
Epoch [21/1000], Batch [150/201], Loss: 5.1051, Train Acc: 0.0781, Val Acc: 0.0200
Epoch [21/1000], Batch [160/201], Loss: 4.4221, Train Acc: 0.2500, Val Acc: 0.0320
Epoch [21/1000], Batch [170/201], Loss: 4.7523, Train Acc: 0.1406, Val Acc: 0.0360
Epoch [21/1000], Batch [180/201], Loss: 4.8662, Train Acc: 0.1250, Val Acc: 0.0400
Epoch [21/1000], Batch [190/201], Loss: 5.1209, Train Acc: 0.0781, Val Acc: 0.0200
Epoch [21/1000], Batch [200/201], Loss: 4.8808, Train Acc: 0.0625, Val Acc: 0.0440
Epoch [22/1000], Batch [10/201], Loss: 4.4316, Train Acc: 0.0625, Val Acc: 0.0440
Epoch [22/1000], Batch [20/201], Loss: 4.2334, Train Acc: 0.1562, Val Acc: 0.0400
Epoch [22/1000], Batch [30/201], Loss: 4.5889, Train Acc: 0.1094, Val Acc: 0.0360
Epoch [22/1000], Batch [40/201], Loss: 4.4963, Train Acc: 0.1562, Val Acc: 0.0320
Epoch [22/1000], Batch [50/201], Loss: 4.9227, Train Acc: 0.0156, Val Acc: 0.0360
Epoch [22/1000], Batch [60/201], Loss: 4.7284, Train Acc: 0.0938, Val Acc: 0.0280
Epoch [22/1000], Batch [70/201], Loss: 4.8794, Train Acc: 0.0625, Val Acc: 0.0360
Epoch [22/1000], Batch [80/201], Loss: 4.5896, Train Acc: 0.0938, Val Acc: 0.0360
Epoch [22/1000], Batch [90/201], Loss: 4.6592, Train Acc: 0.1406, Val Acc: 0.0520
Epoch [22/1000], Batch [100/201], Loss: 4.8019, Train Acc: 0.0938, Val Acc: 0.0440
Epoch [22/1000], Batch [110/201], Loss: 5.0164, Train Acc: 0.0625, Val Acc: 0.0360
Epoch [22/1000], Batch [120/201], Loss: 5.1060, Train Acc: 0.0781, Val Acc: 0.0440
Epoch [22/1000], Batch [130/201], Loss: 4.9457, Train Acc: 0.0312, Val Acc: 0.0360
Epoch [22/1000], Batch [140/201], Loss: 4.7023, Train Acc: 0.1094, Val Acc: 0.0320
Epoch [22/1000], Batch [150/201], Loss: 4.7558, Train Acc: 0.1406, Val Acc: 0.0240
Epoch [22/1000], Batch [160/201], Loss: 4.9801, Train Acc: 0.0938, Val Acc: 0.0160
Epoch [22/1000], Batch [170/201], Loss: 4.8977, Train Acc: 0.1094, Val Acc: 0.0360
Epoch [22/1000], Batch [180/201], Loss: 4.8930, Train Acc: 0.0625, Val Acc: 0.0480
Epoch [22/1000], Batch [190/201], Loss: 4.6957, Train Acc: 0.0938, Val Acc: 0.0360
Epoch [22/1000], Batch [200/201], Loss: 4.9397, Train Acc: 0.0781, Val Acc: 0.0320
Epoch [23/1000], Batch [10/201], Loss: 4.4953, Train Acc: 0.1250, Val Acc: 0.0320
Epoch [23/1000], Batch [20/201], Loss: 4.1394, Train Acc: 0.2500, Val Acc: 0.0320
Epoch [23/1000], Batch [30/201], Loss: 4.2692, Train Acc: 0.1406, Val Acc: 0.0240
Epoch [23/1000], Batch [40/201], Loss: 4.5497, Train Acc: 0.1406, Val Acc: 0.0360
Epoch [23/1000], Batch [50/201], Loss: 4.0219, Train Acc: 0.1875, Val Acc: 0.0360
Epoch [23/1000], Batch [60/201], Loss: 4.6674, Train Acc: 0.1094, Val Acc: 0.0280
Epoch [23/1000], Batch [70/201], Loss: 4.6367, Train Acc: 0.0469, Val Acc: 0.0440
Epoch [23/1000], Batch [80/201], Loss: 4.5655, Train Acc: 0.1250, Val Acc: 0.0320
Epoch [23/1000], Batch [90/201], Loss: 4.4631, Train Acc: 0.1250, Val Acc: 0.0240
Epoch [23/1000], Batch [100/201], Loss: 4.2753, Train Acc: 0.1250, Val Acc: 0.0280
Epoch [23/1000], Batch [110/201], Loss: 4.3955, Train Acc: 0.1406, Val Acc: 0.0480
Epoch [23/1000], Batch [120/201], Loss: 3.9076, Train Acc: 0.2344, Val Acc: 0.0200
Epoch [23/1000], Batch [130/201], Loss: 4.8177, Train Acc: 0.0625, Val Acc: 0.0360
Epoch [23/1000], Batch [140/201], Loss: 4.7137, Train Acc: 0.1562, Val Acc: 0.0360
Epoch [23/1000], Batch [150/201], Loss: 4.7531, Train Acc: 0.0781, Val Acc: 0.0320
Epoch [23/1000], Batch [160/201], Loss: 4.7581, Train Acc: 0.0781, Val Acc: 0.0240
Epoch [23/1000], Batch [170/201], Loss: 4.3716, Train Acc: 0.2031, Val Acc: 0.0360
Epoch [23/1000], Batch [180/201], Loss: 4.7240, Train Acc: 0.1250, Val Acc: 0.0360
Epoch [23/1000], Batch [190/201], Loss: 4.7277, Train Acc: 0.1250, Val Acc: 0.0440
Epoch [23/1000], Batch [200/201], Loss: 5.0635, Train Acc: 0.0781, Val Acc: 0.0360
Epoch [24/1000], Batch [10/201], Loss: 4.7149, Train Acc: 0.1094, Val Acc: 0.0440
Epoch [24/1000], Batch [20/201], Loss: 4.8018, Train Acc: 0.0938, Val Acc: 0.0360
Epoch [24/1000], Batch [30/201], Loss: 4.1960, Train Acc: 0.1875, Val Acc: 0.0240
Epoch [24/1000], Batch [40/201], Loss: 4.3477, Train Acc: 0.1562, Val Acc: 0.0360
Epoch [24/1000], Batch [50/201], Loss: 4.6263, Train Acc: 0.0625, Val Acc: 0.0560
Epoch [24/1000], Batch [60/201], Loss: 4.4574, Train Acc: 0.1562, Val Acc: 0.0280
Epoch [24/1000], Batch [70/201], Loss: 4.4706, Train Acc: 0.1094, Val Acc: 0.0280
Epoch [24/1000], Batch [80/201], Loss: 4.2888, Train Acc: 0.1094, Val Acc: 0.0320
Epoch [24/1000], Batch [90/201], Loss: 4.4839, Train Acc: 0.0938, Val Acc: 0.0320
Epoch [24/1000], Batch [100/201], Loss: 4.3922, Train Acc: 0.1094, Val Acc: 0.0240
Epoch [24/1000], Batch [110/201], Loss: 4.4931, Train Acc: 0.0938, Val Acc: 0.0320
Epoch [24/1000], Batch [120/201], Loss: 4.4439, Train Acc: 0.1562, Val Acc: 0.0400
Epoch [24/1000], Batch [130/201], Loss: 4.4174, Train Acc: 0.0938, Val Acc: 0.0400
Epoch [24/1000], Batch [140/201], Loss: 4.7934, Train Acc: 0.1094, Val Acc: 0.0360
Epoch [24/1000], Batch [150/201], Loss: 4.5391, Train Acc: 0.1094, Val Acc: 0.0360
Epoch [24/1000], Batch [160/201], Loss: 4.5757, Train Acc: 0.1250, Val Acc: 0.0280
Epoch [24/1000], Batch [170/201], Loss: 4.7190, Train Acc: 0.0312, Val Acc: 0.0280
Epoch [24/1000], Batch [180/201], Loss: 4.9156, Train Acc: 0.0781, Val Acc: 0.0200
Epoch [24/1000], Batch [190/201], Loss: 4.3532, Train Acc: 0.1562, Val Acc: 0.0280
Epoch [24/1000], Batch [200/201], Loss: 4.5969, Train Acc: 0.0781, Val Acc: 0.0360
Epoch [25/1000], Batch [10/201], Loss: 4.1359, Train Acc: 0.1719, Val Acc: 0.0320
Epoch [25/1000], Batch [20/201], Loss: 4.1347, Train Acc: 0.2188, Val Acc: 0.0240
Epoch [25/1000], Batch [30/201], Loss: 4.5439, Train Acc: 0.0625, Val Acc: 0.0240
Epoch [25/1000], Batch [40/201], Loss: 4.2569, Train Acc: 0.1094, Val Acc: 0.0320
Epoch [25/1000], Batch [50/201], Loss: 4.4923, Train Acc: 0.1250, Val Acc: 0.0240
Epoch [25/1000], Batch [60/201], Loss: 4.3828, Train Acc: 0.1562, Val Acc: 0.0240
Epoch [25/1000], Batch [70/201], Loss: 4.6735, Train Acc: 0.1562, Val Acc: 0.0280
Epoch [25/1000], Batch [80/201], Loss: 4.6884, Train Acc: 0.0625, Val Acc: 0.0160
Epoch [25/1000], Batch [90/201], Loss: 4.4817, Train Acc: 0.1250, Val Acc: 0.0360
Epoch [25/1000], Batch [100/201], Loss: 4.5409, Train Acc: 0.1406, Val Acc: 0.0360
Epoch [25/1000], Batch [110/201], Loss: 4.0439, Train Acc: 0.1875, Val Acc: 0.0320
Epoch [25/1000], Batch [120/201], Loss: 3.7098, Train Acc: 0.2344, Val Acc: 0.0320
Epoch [25/1000], Batch [130/201], Loss: 4.3986, Train Acc: 0.1719, Val Acc: 0.0400
Epoch [25/1000], Batch [140/201], Loss: 4.4190, Train Acc: 0.1094, Val Acc: 0.0360
Epoch [25/1000], Batch [150/201], Loss: 4.9043, Train Acc: 0.0625, Val Acc: 0.0480
Epoch [25/1000], Batch [160/201], Loss: 4.3031, Train Acc: 0.1250, Val Acc: 0.0240
Epoch [25/1000], Batch [170/201], Loss: 4.7777, Train Acc: 0.0781, Val Acc: 0.0080
Epoch [25/1000], Batch [180/201], Loss: 4.8088, Train Acc: 0.0469, Val Acc: 0.0400
Epoch [25/1000], Batch [190/201], Loss: 4.6164, Train Acc: 0.0938, Val Acc: 0.0360
Epoch [25/1000], Batch [200/201], Loss: 4.8147, Train Acc: 0.1094, Val Acc: 0.0320
Epoch [26/1000], Batch [10/201], Loss: 4.4498, Train Acc: 0.1875, Val Acc: 0.0480
Epoch [26/1000], Batch [20/201], Loss: 4.3252, Train Acc: 0.0781, Val Acc: 0.0360
Epoch [26/1000], Batch [30/201], Loss: 4.8169, Train Acc: 0.0469, Val Acc: 0.0120
Epoch [26/1000], Batch [40/201], Loss: 4.1404, Train Acc: 0.1094, Val Acc: 0.0280
Epoch [26/1000], Batch [50/201], Loss: 4.2000, Train Acc: 0.2344, Val Acc: 0.0440
Epoch [26/1000], Batch [60/201], Loss: 4.2798, Train Acc: 0.1094, Val Acc: 0.0200
Epoch [26/1000], Batch [70/201], Loss: 4.5384, Train Acc: 0.0625, Val Acc: 0.0280
Epoch [26/1000], Batch [80/201], Loss: 3.8839, Train Acc: 0.1406, Val Acc: 0.0280
Epoch [26/1000], Batch [90/201], Loss: 4.4312, Train Acc: 0.1094, Val Acc: 0.0320
Epoch [26/1000], Batch [100/201], Loss: 4.3778, Train Acc: 0.1250, Val Acc: 0.0560
Epoch [26/1000], Batch [110/201], Loss: 4.3680, Train Acc: 0.2031, Val Acc: 0.0280
Epoch [26/1000], Batch [120/201], Loss: 4.7455, Train Acc: 0.1094, Val Acc: 0.0400
Epoch [26/1000], Batch [130/201], Loss: 4.2732, Train Acc: 0.2031, Val Acc: 0.0400
Epoch [26/1000], Batch [140/201], Loss: 4.2914, Train Acc: 0.1406, Val Acc: 0.0360
Epoch [26/1000], Batch [150/201], Loss: 4.7026, Train Acc: 0.0625, Val Acc: 0.0320
Epoch [26/1000], Batch [160/201], Loss: 4.5416, Train Acc: 0.0781, Val Acc: 0.0440
Epoch [26/1000], Batch [170/201], Loss: 4.1431, Train Acc: 0.1875, Val Acc: 0.0360
Epoch [26/1000], Batch [180/201], Loss: 4.5585, Train Acc: 0.1719, Val Acc: 0.0480
Epoch [26/1000], Batch [190/201], Loss: 4.3846, Train Acc: 0.1406, Val Acc: 0.0280
Epoch [26/1000], Batch [200/201], Loss: 4.4971, Train Acc: 0.1406, Val Acc: 0.0200
Epoch [27/1000], Batch [10/201], Loss: 4.2268, Train Acc: 0.1875, Val Acc: 0.0440
Epoch [27/1000], Batch [20/201], Loss: 4.4603, Train Acc: 0.0781, Val Acc: 0.0480
Epoch [27/1000], Batch [30/201], Loss: 4.3577, Train Acc: 0.0938, Val Acc: 0.0360
Epoch [27/1000], Batch [40/201], Loss: 4.0354, Train Acc: 0.1250, Val Acc: 0.0360
Epoch [27/1000], Batch [50/201], Loss: 3.9939, Train Acc: 0.1562, Val Acc: 0.0240
Epoch [27/1000], Batch [60/201], Loss: 4.7641, Train Acc: 0.1250, Val Acc: 0.0280
Epoch [27/1000], Batch [70/201], Loss: 4.1201, Train Acc: 0.2188, Val Acc: 0.0280
Epoch [27/1000], Batch [80/201], Loss: 4.1865, Train Acc: 0.2344, Val Acc: 0.0360
Epoch [27/1000], Batch [90/201], Loss: 4.4373, Train Acc: 0.1719, Val Acc: 0.0400
Epoch [27/1000], Batch [100/201], Loss: 4.3865, Train Acc: 0.0938, Val Acc: 0.0280
Epoch [27/1000], Batch [110/201], Loss: 4.2873, Train Acc: 0.1562, Val Acc: 0.0280
Epoch [27/1000], Batch [120/201], Loss: 4.1131, Train Acc: 0.2031, Val Acc: 0.0200
Epoch [27/1000], Batch [130/201], Loss: 4.8784, Train Acc: 0.0781, Val Acc: 0.0360
Epoch [27/1000], Batch [140/201], Loss: 4.2465, Train Acc: 0.0625, Val Acc: 0.0400
Epoch [27/1000], Batch [150/201], Loss: 4.0822, Train Acc: 0.2031, Val Acc: 0.0440
Epoch [27/1000], Batch [160/201], Loss: 4.3655, Train Acc: 0.1250, Val Acc: 0.0440
Epoch [27/1000], Batch [170/201], Loss: 4.6060, Train Acc: 0.1719, Val Acc: 0.0240
Epoch [27/1000], Batch [180/201], Loss: 4.8894, Train Acc: 0.0938, Val Acc: 0.0240
Epoch [27/1000], Batch [190/201], Loss: 4.0777, Train Acc: 0.1562, Val Acc: 0.0320
Epoch [27/1000], Batch [200/201], Loss: 4.1135, Train Acc: 0.2188, Val Acc: 0.0360
Epoch [28/1000], Batch [10/201], Loss: 4.2341, Train Acc: 0.1094, Val Acc: 0.0400
Epoch [28/1000], Batch [20/201], Loss: 4.2674, Train Acc: 0.2031, Val Acc: 0.0560
Epoch [28/1000], Batch [30/201], Loss: 3.7677, Train Acc: 0.1719, Val Acc: 0.0280
Epoch [28/1000], Batch [40/201], Loss: 4.0643, Train Acc: 0.2031, Val Acc: 0.0200
Epoch [28/1000], Batch [50/201], Loss: 4.2622, Train Acc: 0.1719, Val Acc: 0.0120
Epoch [28/1000], Batch [60/201], Loss: 3.8701, Train Acc: 0.1562, Val Acc: 0.0320
Epoch [28/1000], Batch [70/201], Loss: 4.0926, Train Acc: 0.1875, Val Acc: 0.0240
Epoch [28/1000], Batch [80/201], Loss: 4.1943, Train Acc: 0.1406, Val Acc: 0.0360
Epoch [28/1000], Batch [90/201], Loss: 4.4066, Train Acc: 0.2188, Val Acc: 0.0440
Epoch [28/1000], Batch [100/201], Loss: 4.3469, Train Acc: 0.1719, Val Acc: 0.0400
Epoch [28/1000], Batch [110/201], Loss: 4.7312, Train Acc: 0.1094, Val Acc: 0.0360
Epoch [28/1000], Batch [120/201], Loss: 3.9488, Train Acc: 0.1719, Val Acc: 0.0440
Epoch [28/1000], Batch [130/201], Loss: 4.3303, Train Acc: 0.1562, Val Acc: 0.0280
Epoch [28/1000], Batch [140/201], Loss: 4.0885, Train Acc: 0.2344, Val Acc: 0.0360
Epoch [28/1000], Batch [150/201], Loss: 3.9114, Train Acc: 0.1719, Val Acc: 0.0360
Epoch [28/1000], Batch [160/201], Loss: 3.9836, Train Acc: 0.1719, Val Acc: 0.0280
Epoch [28/1000], Batch [170/201], Loss: 3.9942, Train Acc: 0.2500, Val Acc: 0.0280
Epoch [28/1000], Batch [180/201], Loss: 4.6184, Train Acc: 0.1250, Val Acc: 0.0280
Epoch [28/1000], Batch [190/201], Loss: 3.8951, Train Acc: 0.2031, Val Acc: 0.0320
Epoch [28/1000], Batch [200/201], Loss: 4.1269, Train Acc: 0.1406, Val Acc: 0.0200
Epoch [29/1000], Batch [10/201], Loss: 4.2582, Train Acc: 0.1562, Val Acc: 0.0280
Epoch [29/1000], Batch [20/201], Loss: 4.1597, Train Acc: 0.1562, Val Acc: 0.0400
Epoch [29/1000], Batch [30/201], Loss: 4.1632, Train Acc: 0.1719, Val Acc: 0.0440
Epoch [29/1000], Batch [40/201], Loss: 3.8756, Train Acc: 0.1406, Val Acc: 0.0240
Epoch [29/1000], Batch [50/201], Loss: 4.4193, Train Acc: 0.1406, Val Acc: 0.0200
Epoch [29/1000], Batch [60/201], Loss: 4.3720, Train Acc: 0.1406, Val Acc: 0.0320
Epoch [29/1000], Batch [70/201], Loss: 4.2438, Train Acc: 0.2031, Val Acc: 0.0440
Epoch [29/1000], Batch [80/201], Loss: 3.9798, Train Acc: 0.1562, Val Acc: 0.0200
Epoch [29/1000], Batch [90/201], Loss: 4.1901, Train Acc: 0.1406, Val Acc: 0.0360
Epoch [29/1000], Batch [100/201], Loss: 4.3906, Train Acc: 0.0938, Val Acc: 0.0280
Epoch [29/1000], Batch [110/201], Loss: 4.0159, Train Acc: 0.2656, Val Acc: 0.0200
Epoch [29/1000], Batch [120/201], Loss: 4.4059, Train Acc: 0.1562, Val Acc: 0.0240
Epoch [29/1000], Batch [130/201], Loss: 4.1342, Train Acc: 0.1562, Val Acc: 0.0400
Epoch [29/1000], Batch [140/201], Loss: 4.1363, Train Acc: 0.1406, Val Acc: 0.0320
Epoch [29/1000], Batch [150/201], Loss: 4.1977, Train Acc: 0.1250, Val Acc: 0.0360
Epoch [29/1000], Batch [160/201], Loss: 4.2636, Train Acc: 0.1406, Val Acc: 0.0480
Epoch [29/1000], Batch [170/201], Loss: 4.3229, Train Acc: 0.1875, Val Acc: 0.0440
Epoch [29/1000], Batch [180/201], Loss: 4.4177, Train Acc: 0.0938, Val Acc: 0.0320
Epoch [29/1000], Batch [190/201], Loss: 4.1936, Train Acc: 0.2031, Val Acc: 0.0240
Epoch [29/1000], Batch [200/201], Loss: 4.1387, Train Acc: 0.1406, Val Acc: 0.0440
Epoch [30/1000], Batch [10/201], Loss: 4.0204, Train Acc: 0.1562, Val Acc: 0.0400
Epoch [30/1000], Batch [20/201], Loss: 3.8937, Train Acc: 0.1250, Val Acc: 0.0440
Epoch [30/1000], Batch [30/201], Loss: 3.9639, Train Acc: 0.1875, Val Acc: 0.0400
Epoch [30/1000], Batch [40/201], Loss: 4.4165, Train Acc: 0.1094, Val Acc: 0.0200
Epoch [30/1000], Batch [50/201], Loss: 4.0041, Train Acc: 0.1719, Val Acc: 0.0440
Epoch [30/1000], Batch [60/201], Loss: 3.6095, Train Acc: 0.2344, Val Acc: 0.0440
Epoch [30/1000], Batch [70/201], Loss: 4.1769, Train Acc: 0.1406, Val Acc: 0.0440
Epoch [30/1000], Batch [80/201], Loss: 4.1070, Train Acc: 0.0938, Val Acc: 0.0280
Epoch [30/1000], Batch [90/201], Loss: 4.3772, Train Acc: 0.1250, Val Acc: 0.0320
Epoch [30/1000], Batch [100/201], Loss: 4.1114, Train Acc: 0.1562, Val Acc: 0.0240
Epoch [30/1000], Batch [110/201], Loss: 3.7958, Train Acc: 0.1719, Val Acc: 0.0280
Epoch [30/1000], Batch [120/201], Loss: 4.0390, Train Acc: 0.2188, Val Acc: 0.0360
Epoch [30/1000], Batch [130/201], Loss: 3.8521, Train Acc: 0.2188, Val Acc: 0.0240
Epoch [30/1000], Batch [140/201], Loss: 4.0342, Train Acc: 0.1562, Val Acc: 0.0280
Epoch [30/1000], Batch [150/201], Loss: 4.3994, Train Acc: 0.0938, Val Acc: 0.0240
Epoch [30/1000], Batch [160/201], Loss: 4.1724, Train Acc: 0.1250, Val Acc: 0.0320
Epoch [30/1000], Batch [170/201], Loss: 4.4713, Train Acc: 0.1094, Val Acc: 0.0280
Epoch [30/1000], Batch [180/201], Loss: 4.4089, Train Acc: 0.1250, Val Acc: 0.0320
Epoch [30/1000], Batch [190/201], Loss: 3.9916, Train Acc: 0.1406, Val Acc: 0.0400
Epoch [30/1000], Batch [200/201], Loss: 4.3809, Train Acc: 0.0938, Val Acc: 0.0280
Epoch [31/1000], Batch [10/201], Loss: 3.6850, Train Acc: 0.2969, Val Acc: 0.0280
Epoch [31/1000], Batch [20/201], Loss: 3.6205, Train Acc: 0.2344, Val Acc: 0.0360
Epoch [31/1000], Batch [30/201], Loss: 4.1540, Train Acc: 0.1562, Val Acc: 0.0360
Epoch [31/1000], Batch [40/201], Loss: 3.8897, Train Acc: 0.2188, Val Acc: 0.0320
Epoch [31/1000], Batch [50/201], Loss: 3.7910, Train Acc: 0.1406, Val Acc: 0.0320
Epoch [31/1000], Batch [60/201], Loss: 3.5927, Train Acc: 0.2500, Val Acc: 0.0320
Epoch [31/1000], Batch [70/201], Loss: 3.4411, Train Acc: 0.2656, Val Acc: 0.0320
Epoch [31/1000], Batch [80/201], Loss: 3.5834, Train Acc: 0.2969, Val Acc: 0.0320
Epoch [31/1000], Batch [90/201], Loss: 3.6866, Train Acc: 0.3281, Val Acc: 0.0320
Epoch [31/1000], Batch [100/201], Loss: 3.5378, Train Acc: 0.3281, Val Acc: 0.0400
Epoch [31/1000], Batch [110/201], Loss: 4.1156, Train Acc: 0.1875, Val Acc: 0.0360
Epoch [31/1000], Batch [120/201], Loss: 3.9573, Train Acc: 0.2344, Val Acc: 0.0280
Epoch [31/1000], Batch [130/201], Loss: 3.9934, Train Acc: 0.2188, Val Acc: 0.0360
Epoch [31/1000], Batch [140/201], Loss: 3.1795, Train Acc: 0.3750, Val Acc: 0.0320
Epoch [31/1000], Batch [150/201], Loss: 3.3437, Train Acc: 0.3750, Val Acc: 0.0280
Epoch [31/1000], Batch [160/201], Loss: 3.7697, Train Acc: 0.2656, Val Acc: 0.0320
Epoch [31/1000], Batch [170/201], Loss: 3.5498, Train Acc: 0.1875, Val Acc: 0.0240
Epoch [31/1000], Batch [180/201], Loss: 3.4045, Train Acc: 0.3125, Val Acc: 0.0280
Epoch [31/1000], Batch [190/201], Loss: 4.3926, Train Acc: 0.0938, Val Acc: 0.0280
Epoch [31/1000], Batch [200/201], Loss: 3.7477, Train Acc: 0.2188, Val Acc: 0.0320
Epoch [32/1000], Batch [10/201], Loss: 3.6432, Train Acc: 0.2812, Val Acc: 0.0320
Epoch [32/1000], Batch [20/201], Loss: 3.4254, Train Acc: 0.3125, Val Acc: 0.0320
Epoch [32/1000], Batch [30/201], Loss: 3.8132, Train Acc: 0.1719, Val Acc: 0.0320
Epoch [32/1000], Batch [40/201], Loss: 3.8397, Train Acc: 0.1094, Val Acc: 0.0320
Epoch [32/1000], Batch [50/201], Loss: 3.8498, Train Acc: 0.2344, Val Acc: 0.0280
Epoch [32/1000], Batch [60/201], Loss: 3.1484, Train Acc: 0.3594, Val Acc: 0.0240
Epoch [32/1000], Batch [70/201], Loss: 3.6713, Train Acc: 0.2031, Val Acc: 0.0280
Epoch [32/1000], Batch [80/201], Loss: 3.5351, Train Acc: 0.2344, Val Acc: 0.0320
Epoch [32/1000], Batch [90/201], Loss: 3.7446, Train Acc: 0.1719, Val Acc: 0.0320
Epoch [32/1000], Batch [100/201], Loss: 3.4442, Train Acc: 0.2656, Val Acc: 0.0320
Epoch [32/1000], Batch [110/201], Loss: 3.5457, Train Acc: 0.2656, Val Acc: 0.0400
Epoch [32/1000], Batch [120/201], Loss: 3.3784, Train Acc: 0.3438, Val Acc: 0.0360
Epoch [32/1000], Batch [130/201], Loss: 3.4545, Train Acc: 0.3594, Val Acc: 0.0320
Epoch [32/1000], Batch [140/201], Loss: 3.5191, Train Acc: 0.2500, Val Acc: 0.0400
Epoch [32/1000], Batch [150/201], Loss: 3.5398, Train Acc: 0.2812, Val Acc: 0.0400
Epoch [32/1000], Batch [160/201], Loss: 3.3542, Train Acc: 0.2812, Val Acc: 0.0360
Epoch [32/1000], Batch [170/201], Loss: 3.4614, Train Acc: 0.2812, Val Acc: 0.0480
Epoch [32/1000], Batch [180/201], Loss: 3.4255, Train Acc: 0.2344, Val Acc: 0.0480
Epoch [32/1000], Batch [190/201], Loss: 3.7171, Train Acc: 0.2344, Val Acc: 0.0360
Epoch [32/1000], Batch [200/201], Loss: 3.7038, Train Acc: 0.2344, Val Acc: 0.0360
Epoch [33/1000], Batch [10/201], Loss: 3.9600, Train Acc: 0.3125, Val Acc: 0.0400
Epoch [33/1000], Batch [20/201], Loss: 3.4279, Train Acc: 0.2812, Val Acc: 0.0400
Epoch [33/1000], Batch [30/201], Loss: 3.3541, Train Acc: 0.2656, Val Acc: 0.0320
Epoch [33/1000], Batch [40/201], Loss: 3.3611, Train Acc: 0.3125, Val Acc: 0.0280
Epoch [33/1000], Batch [50/201], Loss: 3.9385, Train Acc: 0.2344, Val Acc: 0.0320
Epoch [33/1000], Batch [60/201], Loss: 3.6988, Train Acc: 0.2656, Val Acc: 0.0240
Epoch [33/1000], Batch [70/201], Loss: 3.4620, Train Acc: 0.2969, Val Acc: 0.0240
Epoch [33/1000], Batch [80/201], Loss: 3.6732, Train Acc: 0.2500, Val Acc: 0.0320
Epoch [33/1000], Batch [90/201], Loss: 3.6196, Train Acc: 0.2188, Val Acc: 0.0280
Epoch [33/1000], Batch [100/201], Loss: 3.7705, Train Acc: 0.2812, Val Acc: 0.0320
Epoch [33/1000], Batch [110/201], Loss: 3.2482, Train Acc: 0.3438, Val Acc: 0.0280
Epoch [33/1000], Batch [120/201], Loss: 3.3848, Train Acc: 0.3438, Val Acc: 0.0240
Epoch [33/1000], Batch [130/201], Loss: 3.1869, Train Acc: 0.2344, Val Acc: 0.0320
Epoch [33/1000], Batch [140/201], Loss: 3.5665, Train Acc: 0.2656, Val Acc: 0.0320
Epoch [33/1000], Batch [150/201], Loss: 3.7040, Train Acc: 0.2344, Val Acc: 0.0320
Epoch [33/1000], Batch [160/201], Loss: 3.6418, Train Acc: 0.2969, Val Acc: 0.0440
Epoch [33/1000], Batch [170/201], Loss: 3.5209, Train Acc: 0.2656, Val Acc: 0.0360
Epoch [33/1000], Batch [180/201], Loss: 3.4278, Train Acc: 0.3125, Val Acc: 0.0280
Epoch [33/1000], Batch [190/201], Loss: 3.4426, Train Acc: 0.2344, Val Acc: 0.0360
Epoch [33/1000], Batch [200/201], Loss: 3.5257, Train Acc: 0.2344, Val Acc: 0.0440
Epoch [34/1000], Batch [10/201], Loss: 3.3262, Train Acc: 0.3125, Val Acc: 0.0400
Epoch [34/1000], Batch [20/201], Loss: 4.0569, Train Acc: 0.0938, Val Acc: 0.0400
Epoch [34/1000], Batch [30/201], Loss: 3.3551, Train Acc: 0.2812, Val Acc: 0.0360
Epoch [34/1000], Batch [40/201], Loss: 3.4933, Train Acc: 0.2656, Val Acc: 0.0280
Epoch [34/1000], Batch [50/201], Loss: 3.3967, Train Acc: 0.3125, Val Acc: 0.0320
Epoch [34/1000], Batch [60/201], Loss: 3.5274, Train Acc: 0.2812, Val Acc: 0.0320
Epoch [34/1000], Batch [70/201], Loss: 3.6616, Train Acc: 0.2031, Val Acc: 0.0440
Epoch [34/1000], Batch [80/201], Loss: 3.2960, Train Acc: 0.2344, Val Acc: 0.0400
Epoch [34/1000], Batch [90/201], Loss: 3.3399, Train Acc: 0.1719, Val Acc: 0.0400
Epoch [34/1000], Batch [100/201], Loss: 3.5682, Train Acc: 0.2344, Val Acc: 0.0480
Epoch [34/1000], Batch [110/201], Loss: 3.8943, Train Acc: 0.1875, Val Acc: 0.0440
Epoch [34/1000], Batch [120/201], Loss: 3.6687, Train Acc: 0.1875, Val Acc: 0.0440
Epoch [34/1000], Batch [130/201], Loss: 3.0443, Train Acc: 0.3438, Val Acc: 0.0400
Epoch [34/1000], Batch [140/201], Loss: 3.1474, Train Acc: 0.3125, Val Acc: 0.0480
Epoch [34/1000], Batch [150/201], Loss: 3.3090, Train Acc: 0.2344, Val Acc: 0.0400
Epoch [34/1000], Batch [160/201], Loss: 3.5964, Train Acc: 0.2812, Val Acc: 0.0400
Epoch [34/1000], Batch [170/201], Loss: 3.4042, Train Acc: 0.2656, Val Acc: 0.0480
Epoch [34/1000], Batch [180/201], Loss: 3.7312, Train Acc: 0.1562, Val Acc: 0.0480
Epoch [34/1000], Batch [190/201], Loss: 3.4957, Train Acc: 0.2031, Val Acc: 0.0440
Epoch [34/1000], Batch [200/201], Loss: 3.3182, Train Acc: 0.2500, Val Acc: 0.0440
Epoch [35/1000], Batch [10/201], Loss: 3.5548, Train Acc: 0.2656, Val Acc: 0.0440
Epoch [35/1000], Batch [20/201], Loss: 3.6903, Train Acc: 0.2344, Val Acc: 0.0400
Epoch [35/1000], Batch [30/201], Loss: 3.6873, Train Acc: 0.2500, Val Acc: 0.0400
Epoch [35/1000], Batch [40/201], Loss: 3.4639, Train Acc: 0.2500, Val Acc: 0.0360
Epoch [35/1000], Batch [50/201], Loss: 3.6737, Train Acc: 0.2812, Val Acc: 0.0440
Epoch [35/1000], Batch [60/201], Loss: 3.5162, Train Acc: 0.2656, Val Acc: 0.0400
Epoch [35/1000], Batch [70/201], Loss: 3.3452, Train Acc: 0.2812, Val Acc: 0.0320
Epoch [35/1000], Batch [80/201], Loss: 3.3588, Train Acc: 0.3125, Val Acc: 0.0400
Epoch [35/1000], Batch [90/201], Loss: 3.1483, Train Acc: 0.3750, Val Acc: 0.0360
Epoch [35/1000], Batch [100/201], Loss: 3.2686, Train Acc: 0.2500, Val Acc: 0.0320
Epoch [35/1000], Batch [110/201], Loss: 3.6897, Train Acc: 0.2500, Val Acc: 0.0440
Epoch [35/1000], Batch [120/201], Loss: 3.4833, Train Acc: 0.2656, Val Acc: 0.0400
Epoch [35/1000], Batch [130/201], Loss: 4.2393, Train Acc: 0.1875, Val Acc: 0.0520
Epoch [35/1000], Batch [140/201], Loss: 3.2870, Train Acc: 0.3281, Val Acc: 0.0520
Epoch [35/1000], Batch [150/201], Loss: 3.2043, Train Acc: 0.2969, Val Acc: 0.0520
Epoch [35/1000], Batch [160/201], Loss: 3.4520, Train Acc: 0.2344, Val Acc: 0.0480
Epoch [35/1000], Batch [170/201], Loss: 3.2360, Train Acc: 0.2656, Val Acc: 0.0360
Epoch [35/1000], Batch [180/201], Loss: 3.4434, Train Acc: 0.2812, Val Acc: 0.0400
Epoch [35/1000], Batch [190/201], Loss: 3.6190, Train Acc: 0.2031, Val Acc: 0.0440
Epoch [35/1000], Batch [200/201], Loss: 3.6200, Train Acc: 0.2344, Val Acc: 0.0480
Epoch [36/1000], Batch [10/201], Loss: 3.4377, Train Acc: 0.2500, Val Acc: 0.0480
Epoch [36/1000], Batch [20/201], Loss: 3.5168, Train Acc: 0.3281, Val Acc: 0.0440
Epoch [36/1000], Batch [30/201], Loss: 3.6060, Train Acc: 0.2500, Val Acc: 0.0440
Epoch [36/1000], Batch [40/201], Loss: 3.2624, Train Acc: 0.3594, Val Acc: 0.0400
Epoch [36/1000], Batch [50/201], Loss: 3.1510, Train Acc: 0.3438, Val Acc: 0.0400
Epoch [36/1000], Batch [60/201], Loss: 3.3544, Train Acc: 0.3281, Val Acc: 0.0440
Epoch [36/1000], Batch [70/201], Loss: 2.8719, Train Acc: 0.4062, Val Acc: 0.0480
Epoch [36/1000], Batch [80/201], Loss: 3.9121, Train Acc: 0.2344, Val Acc: 0.0400
Epoch [36/1000], Batch [90/201], Loss: 3.4259, Train Acc: 0.2656, Val Acc: 0.0320
Epoch [36/1000], Batch [100/201], Loss: 3.5827, Train Acc: 0.2344, Val Acc: 0.0320
Epoch [36/1000], Batch [110/201], Loss: 3.1964, Train Acc: 0.3125, Val Acc: 0.0280
Epoch [36/1000], Batch [120/201], Loss: 3.4794, Train Acc: 0.3125, Val Acc: 0.0400
Epoch [36/1000], Batch [130/201], Loss: 3.5536, Train Acc: 0.2656, Val Acc: 0.0480
Epoch [36/1000], Batch [140/201], Loss: 3.1809, Train Acc: 0.2969, Val Acc: 0.0360
Epoch [36/1000], Batch [150/201], Loss: 3.3841, Train Acc: 0.3125, Val Acc: 0.0360
Epoch [36/1000], Batch [160/201], Loss: 3.5013, Train Acc: 0.2344, Val Acc: 0.0440
Epoch [36/1000], Batch [170/201], Loss: 3.4521, Train Acc: 0.2500, Val Acc: 0.0440
Epoch [36/1000], Batch [180/201], Loss: 3.5909, Train Acc: 0.2344, Val Acc: 0.0440
Epoch [36/1000], Batch [190/201], Loss: 3.3858, Train Acc: 0.2812, Val Acc: 0.0440
Epoch [36/1000], Batch [200/201], Loss: 3.4763, Train Acc: 0.2500, Val Acc: 0.0440
Epoch [37/1000], Batch [10/201], Loss: 3.5227, Train Acc: 0.2188, Val Acc: 0.0440
Epoch [37/1000], Batch [20/201], Loss: 3.9711, Train Acc: 0.2656, Val Acc: 0.0480
Epoch [37/1000], Batch [30/201], Loss: 3.5694, Train Acc: 0.3281, Val Acc: 0.0440
Epoch [37/1000], Batch [40/201], Loss: 3.4019, Train Acc: 0.3281, Val Acc: 0.0560
Epoch [37/1000], Batch [50/201], Loss: 3.8126, Train Acc: 0.2188, Val Acc: 0.0400
Epoch [37/1000], Batch [60/201], Loss: 3.2566, Train Acc: 0.2188, Val Acc: 0.0440
Epoch [37/1000], Batch [70/201], Loss: 3.2882, Train Acc: 0.2344, Val Acc: 0.0440
Epoch [37/1000], Batch [80/201], Loss: 3.2290, Train Acc: 0.2812, Val Acc: 0.0440
Epoch [37/1000], Batch [90/201], Loss: 3.2652, Train Acc: 0.2656, Val Acc: 0.0400
Epoch [37/1000], Batch [100/201], Loss: 3.4017, Train Acc: 0.2656, Val Acc: 0.0400
Epoch [37/1000], Batch [110/201], Loss: 3.1646, Train Acc: 0.2969, Val Acc: 0.0360
Epoch [37/1000], Batch [120/201], Loss: 3.3873, Train Acc: 0.3594, Val Acc: 0.0440
Epoch [37/1000], Batch [130/201], Loss: 3.3442, Train Acc: 0.3125, Val Acc: 0.0440
Epoch [37/1000], Batch [140/201], Loss: 3.5026, Train Acc: 0.2344, Val Acc: 0.0440
Epoch [37/1000], Batch [150/201], Loss: 3.5835, Train Acc: 0.2969, Val Acc: 0.0400
Epoch [37/1000], Batch [160/201], Loss: 3.6344, Train Acc: 0.1875, Val Acc: 0.0400
Epoch [37/1000], Batch [170/201], Loss: 3.6995, Train Acc: 0.2188, Val Acc: 0.0400
Epoch [37/1000], Batch [180/201], Loss: 3.4790, Train Acc: 0.3125, Val Acc: 0.0440
Epoch [37/1000], Batch [190/201], Loss: 4.0750, Train Acc: 0.2031, Val Acc: 0.0440
Epoch [37/1000], Batch [200/201], Loss: 3.7303, Train Acc: 0.2812, Val Acc: 0.0320
Epoch [38/1000], Batch [10/201], Loss: 3.0138, Train Acc: 0.3594, Val Acc: 0.0400
Epoch [38/1000], Batch [20/201], Loss: 3.5514, Train Acc: 0.2031, Val Acc: 0.0320
Epoch [38/1000], Batch [30/201], Loss: 3.3932, Train Acc: 0.2656, Val Acc: 0.0320
Epoch [38/1000], Batch [40/201], Loss: 3.2400, Train Acc: 0.3281, Val Acc: 0.0360
Epoch [38/1000], Batch [50/201], Loss: 3.3391, Train Acc: 0.2812, Val Acc: 0.0320
Epoch [38/1000], Batch [60/201], Loss: 3.2948, Train Acc: 0.2656, Val Acc: 0.0360
Epoch [38/1000], Batch [70/201], Loss: 3.0754, Train Acc: 0.3125, Val Acc: 0.0400
Epoch [38/1000], Batch [80/201], Loss: 3.3640, Train Acc: 0.2344, Val Acc: 0.0280
Epoch [38/1000], Batch [90/201], Loss: 3.1152, Train Acc: 0.4062, Val Acc: 0.0360
Epoch [38/1000], Batch [100/201], Loss: 3.4050, Train Acc: 0.3125, Val Acc: 0.0440
Epoch [38/1000], Batch [110/201], Loss: 3.1440, Train Acc: 0.3438, Val Acc: 0.0480
Epoch [38/1000], Batch [120/201], Loss: 3.4671, Train Acc: 0.2500, Val Acc: 0.0480
Epoch [38/1000], Batch [130/201], Loss: 3.2931, Train Acc: 0.2969, Val Acc: 0.0400
Epoch [38/1000], Batch [140/201], Loss: 3.5356, Train Acc: 0.2656, Val Acc: 0.0400
Epoch [38/1000], Batch [150/201], Loss: 3.1682, Train Acc: 0.3594, Val Acc: 0.0360
Epoch [38/1000], Batch [160/201], Loss: 3.4965, Train Acc: 0.2812, Val Acc: 0.0360
Epoch [38/1000], Batch [170/201], Loss: 3.4066, Train Acc: 0.2812, Val Acc: 0.0400
Epoch [38/1000], Batch [180/201], Loss: 3.6742, Train Acc: 0.2344, Val Acc: 0.0400
Epoch [38/1000], Batch [190/201], Loss: 3.1396, Train Acc: 0.2500, Val Acc: 0.0560
Epoch [38/1000], Batch [200/201], Loss: 2.9745, Train Acc: 0.3281, Val Acc: 0.0440
Epoch [39/1000], Batch [10/201], Loss: 3.7028, Train Acc: 0.2812, Val Acc: 0.0400
Epoch [39/1000], Batch [20/201], Loss: 3.4825, Train Acc: 0.3125, Val Acc: 0.0440
Epoch [39/1000], Batch [30/201], Loss: 3.6929, Train Acc: 0.2500, Val Acc: 0.0520
Epoch [39/1000], Batch [40/201], Loss: 3.4092, Train Acc: 0.2500, Val Acc: 0.0440
Epoch [39/1000], Batch [50/201], Loss: 3.1157, Train Acc: 0.3594, Val Acc: 0.0360
Epoch [39/1000], Batch [60/201], Loss: 3.3362, Train Acc: 0.3594, Val Acc: 0.0360
Epoch [39/1000], Batch [70/201], Loss: 3.7153, Train Acc: 0.3281, Val Acc: 0.0360
Epoch [39/1000], Batch [80/201], Loss: 3.5373, Train Acc: 0.3594, Val Acc: 0.0240
Epoch [39/1000], Batch [90/201], Loss: 3.3622, Train Acc: 0.2969, Val Acc: 0.0400
Epoch [39/1000], Batch [100/201], Loss: 3.6074, Train Acc: 0.2500, Val Acc: 0.0400
Epoch [39/1000], Batch [110/201], Loss: 3.1477, Train Acc: 0.2969, Val Acc: 0.0520
Epoch [39/1000], Batch [120/201], Loss: 3.3801, Train Acc: 0.3438, Val Acc: 0.0480
Epoch [39/1000], Batch [130/201], Loss: 3.3212, Train Acc: 0.2500, Val Acc: 0.0320
Epoch [39/1000], Batch [140/201], Loss: 3.2366, Train Acc: 0.2656, Val Acc: 0.0400
Epoch [39/1000], Batch [150/201], Loss: 3.7482, Train Acc: 0.2344, Val Acc: 0.0320
Epoch [39/1000], Batch [160/201], Loss: 3.6937, Train Acc: 0.2500, Val Acc: 0.0320
Epoch [39/1000], Batch [170/201], Loss: 3.1919, Train Acc: 0.3281, Val Acc: 0.0360
Epoch [39/1000], Batch [180/201], Loss: 3.1768, Train Acc: 0.3281, Val Acc: 0.0360
Epoch [39/1000], Batch [190/201], Loss: 3.4253, Train Acc: 0.2656, Val Acc: 0.0360
Epoch [39/1000], Batch [200/201], Loss: 3.4317, Train Acc: 0.2969, Val Acc: 0.0320
Epoch [40/1000], Batch [10/201], Loss: 3.0010, Train Acc: 0.3750, Val Acc: 0.0400
Epoch [40/1000], Batch [20/201], Loss: 2.8778, Train Acc: 0.2969, Val Acc: 0.0480
Epoch [40/1000], Batch [30/201], Loss: 3.3293, Train Acc: 0.1562, Val Acc: 0.0520
Epoch [40/1000], Batch [40/201], Loss: 3.4746, Train Acc: 0.2344, Val Acc: 0.0440
Epoch [40/1000], Batch [50/201], Loss: 3.2921, Train Acc: 0.3281, Val Acc: 0.0440
Epoch [40/1000], Batch [60/201], Loss: 3.1659, Train Acc: 0.2656, Val Acc: 0.0320
Epoch [40/1000], Batch [70/201], Loss: 3.2895, Train Acc: 0.2656, Val Acc: 0.0360
Epoch [40/1000], Batch [80/201], Loss: 3.1206, Train Acc: 0.4062, Val Acc: 0.0400
Epoch [40/1000], Batch [90/201], Loss: 3.4647, Train Acc: 0.2188, Val Acc: 0.0400
Epoch [40/1000], Batch [100/201], Loss: 3.3099, Train Acc: 0.3438, Val Acc: 0.0360
Epoch [40/1000], Batch [110/201], Loss: 3.0211, Train Acc: 0.2969, Val Acc: 0.0440
Epoch [40/1000], Batch [120/201], Loss: 3.3124, Train Acc: 0.2344, Val Acc: 0.0400
Epoch [40/1000], Batch [130/201], Loss: 3.0792, Train Acc: 0.3438, Val Acc: 0.0320
Epoch [40/1000], Batch [140/201], Loss: 3.4268, Train Acc: 0.2656, Val Acc: 0.0440
Epoch [40/1000], Batch [150/201], Loss: 3.7191, Train Acc: 0.2500, Val Acc: 0.0400
Epoch [40/1000], Batch [160/201], Loss: 3.6162, Train Acc: 0.1719, Val Acc: 0.0400
Epoch [40/1000], Batch [170/201], Loss: 3.1991, Train Acc: 0.2812, Val Acc: 0.0360
Epoch [40/1000], Batch [180/201], Loss: 3.4785, Train Acc: 0.2812, Val Acc: 0.0320
Epoch [40/1000], Batch [190/201], Loss: 3.6629, Train Acc: 0.2969, Val Acc: 0.0400
Epoch [40/1000], Batch [200/201], Loss: 4.0726, Train Acc: 0.0938, Val Acc: 0.0360
Epoch [41/1000], Batch [10/201], Loss: 3.4999, Train Acc: 0.2969, Val Acc: 0.0360
Epoch [41/1000], Batch [20/201], Loss: 3.3145, Train Acc: 0.2656, Val Acc: 0.0440
Epoch [41/1000], Batch [30/201], Loss: 3.7171, Train Acc: 0.2031, Val Acc: 0.0440
Epoch [41/1000], Batch [40/201], Loss: 2.9568, Train Acc: 0.3125, Val Acc: 0.0440
Epoch [41/1000], Batch [50/201], Loss: 3.0676, Train Acc: 0.3594, Val Acc: 0.0360
Epoch [41/1000], Batch [60/201], Loss: 3.2630, Train Acc: 0.2656, Val Acc: 0.0400
Epoch [41/1000], Batch [70/201], Loss: 3.1784, Train Acc: 0.2969, Val Acc: 0.0440
Epoch [41/1000], Batch [80/201], Loss: 3.4804, Train Acc: 0.1875, Val Acc: 0.0440
Epoch [41/1000], Batch [90/201], Loss: 3.4083, Train Acc: 0.2344, Val Acc: 0.0560
Epoch [41/1000], Batch [100/201], Loss: 3.5920, Train Acc: 0.2969, Val Acc: 0.0560
Epoch [41/1000], Batch [110/201], Loss: 3.3929, Train Acc: 0.2812, Val Acc: 0.0560
Epoch [41/1000], Batch [120/201], Loss: 3.5958, Train Acc: 0.1719, Val Acc: 0.0480
Epoch [41/1000], Batch [130/201], Loss: 3.7096, Train Acc: 0.2500, Val Acc: 0.0400
Epoch [41/1000], Batch [140/201], Loss: 3.4519, Train Acc: 0.3125, Val Acc: 0.0520
Epoch [41/1000], Batch [150/201], Loss: 3.4163, Train Acc: 0.3125, Val Acc: 0.0440
Epoch [41/1000], Batch [160/201], Loss: 3.5667, Train Acc: 0.2656, Val Acc: 0.0640
Epoch [41/1000], Batch [170/201], Loss: 3.3677, Train Acc: 0.2812, Val Acc: 0.0480
Epoch [41/1000], Batch [180/201], Loss: 3.1301, Train Acc: 0.3438, Val Acc: 0.0440
Epoch [41/1000], Batch [190/201], Loss: 3.1817, Train Acc: 0.2656, Val Acc: 0.0520
Epoch [41/1000], Batch [200/201], Loss: 3.3812, Train Acc: 0.2188, Val Acc: 0.0480
Epoch [42/1000], Batch [10/201], Loss: 3.0596, Train Acc: 0.3281, Val Acc: 0.0520
Epoch [42/1000], Batch [20/201], Loss: 3.1361, Train Acc: 0.3125, Val Acc: 0.0560
Epoch [42/1000], Batch [30/201], Loss: 3.0984, Train Acc: 0.3750, Val Acc: 0.0400
Epoch [42/1000], Batch [40/201], Loss: 2.9116, Train Acc: 0.3438, Val Acc: 0.0360
Epoch [42/1000], Batch [50/201], Loss: 3.1145, Train Acc: 0.2969, Val Acc: 0.0440
Epoch [42/1000], Batch [60/201], Loss: 3.2885, Train Acc: 0.3438, Val Acc: 0.0480
Epoch [42/1000], Batch [70/201], Loss: 3.0405, Train Acc: 0.4375, Val Acc: 0.0440
Epoch [42/1000], Batch [80/201], Loss: 3.7946, Train Acc: 0.2188, Val Acc: 0.0480
Epoch [42/1000], Batch [90/201], Loss: 3.0214, Train Acc: 0.3906, Val Acc: 0.0360
Epoch [42/1000], Batch [100/201], Loss: 3.6067, Train Acc: 0.3125, Val Acc: 0.0400
Epoch [42/1000], Batch [110/201], Loss: 3.4123, Train Acc: 0.1719, Val Acc: 0.0400
Epoch [42/1000], Batch [120/201], Loss: 3.7092, Train Acc: 0.2500, Val Acc: 0.0320
Epoch [42/1000], Batch [130/201], Loss: 3.1981, Train Acc: 0.3125, Val Acc: 0.0440
Epoch [42/1000], Batch [140/201], Loss: 3.3847, Train Acc: 0.2969, Val Acc: 0.0560
Epoch [42/1000], Batch [150/201], Loss: 3.3357, Train Acc: 0.2969, Val Acc: 0.0440
Epoch [42/1000], Batch [160/201], Loss: 3.2856, Train Acc: 0.2812, Val Acc: 0.0360
Epoch [42/1000], Batch [170/201], Loss: 3.4316, Train Acc: 0.3594, Val Acc: 0.0400
Epoch [42/1000], Batch [180/201], Loss: 2.8342, Train Acc: 0.3281, Val Acc: 0.0440
Epoch [42/1000], Batch [190/201], Loss: 3.1023, Train Acc: 0.3594, Val Acc: 0.0400
Epoch [42/1000], Batch [200/201], Loss: 3.5950, Train Acc: 0.3125, Val Acc: 0.0480
Epoch [43/1000], Batch [10/201], Loss: 3.1517, Train Acc: 0.3281, Val Acc: 0.0320
Epoch [43/1000], Batch [20/201], Loss: 3.3197, Train Acc: 0.2812, Val Acc: 0.0400
Epoch [43/1000], Batch [30/201], Loss: 3.4938, Train Acc: 0.2500, Val Acc: 0.0360
Epoch [43/1000], Batch [40/201], Loss: 3.8991, Train Acc: 0.1562, Val Acc: 0.0440
Epoch [43/1000], Batch [50/201], Loss: 3.4020, Train Acc: 0.2344, Val Acc: 0.0480
Epoch [43/1000], Batch [60/201], Loss: 3.4976, Train Acc: 0.2188, Val Acc: 0.0400
Epoch [43/1000], Batch [70/201], Loss: 3.2131, Train Acc: 0.3125, Val Acc: 0.0440
Epoch [43/1000], Batch [80/201], Loss: 3.0115, Train Acc: 0.2812, Val Acc: 0.0320
Epoch [43/1000], Batch [90/201], Loss: 2.8614, Train Acc: 0.3438, Val Acc: 0.0360
Epoch [43/1000], Batch [100/201], Loss: 3.5267, Train Acc: 0.2969, Val Acc: 0.0360
Epoch [43/1000], Batch [110/201], Loss: 2.8154, Train Acc: 0.2969, Val Acc: 0.0400
Epoch [43/1000], Batch [120/201], Loss: 3.2206, Train Acc: 0.2344, Val Acc: 0.0520
Epoch [43/1000], Batch [130/201], Loss: 3.2012, Train Acc: 0.2812, Val Acc: 0.0400
Epoch [43/1000], Batch [140/201], Loss: 3.1229, Train Acc: 0.3125, Val Acc: 0.0400
Epoch [43/1000], Batch [150/201], Loss: 3.8834, Train Acc: 0.2188, Val Acc: 0.0480
Epoch [43/1000], Batch [160/201], Loss: 3.6376, Train Acc: 0.2344, Val Acc: 0.0520
Epoch [43/1000], Batch [170/201], Loss: 3.3883, Train Acc: 0.2969, Val Acc: 0.0560
Epoch [43/1000], Batch [180/201], Loss: 3.0705, Train Acc: 0.3125, Val Acc: 0.0600
Epoch [43/1000], Batch [190/201], Loss: 3.3226, Train Acc: 0.2656, Val Acc: 0.0520
Epoch [43/1000], Batch [200/201], Loss: 3.2401, Train Acc: 0.3281, Val Acc: 0.0480
Epoch [44/1000], Batch [10/201], Loss: 3.2432, Train Acc: 0.3438, Val Acc: 0.0680
Epoch [44/1000], Batch [20/201], Loss: 3.0938, Train Acc: 0.3281, Val Acc: 0.0600
Epoch [44/1000], Batch [30/201], Loss: 2.9738, Train Acc: 0.3125, Val Acc: 0.0520
Epoch [44/1000], Batch [40/201], Loss: 3.0927, Train Acc: 0.3594, Val Acc: 0.0520
Epoch [44/1000], Batch [50/201], Loss: 3.6626, Train Acc: 0.2188, Val Acc: 0.0520
Epoch [44/1000], Batch [60/201], Loss: 2.9205, Train Acc: 0.4062, Val Acc: 0.0560
Epoch [44/1000], Batch [70/201], Loss: 3.0641, Train Acc: 0.3438, Val Acc: 0.0400
Epoch [44/1000], Batch [80/201], Loss: 3.5143, Train Acc: 0.2656, Val Acc: 0.0400
Epoch [44/1000], Batch [90/201], Loss: 3.1296, Train Acc: 0.4062, Val Acc: 0.0480
Epoch [44/1000], Batch [100/201], Loss: 3.7415, Train Acc: 0.1719, Val Acc: 0.0400
Epoch [44/1000], Batch [110/201], Loss: 3.1510, Train Acc: 0.2969, Val Acc: 0.0320
Epoch [44/1000], Batch [120/201], Loss: 3.2059, Train Acc: 0.3281, Val Acc: 0.0400
Epoch [44/1000], Batch [130/201], Loss: 3.3543, Train Acc: 0.3906, Val Acc: 0.0360
Epoch [44/1000], Batch [140/201], Loss: 3.2582, Train Acc: 0.2344, Val Acc: 0.0480
Epoch [44/1000], Batch [150/201], Loss: 3.0812, Train Acc: 0.2656, Val Acc: 0.0480
Epoch [44/1000], Batch [160/201], Loss: 3.5743, Train Acc: 0.2031, Val Acc: 0.0400
Epoch [44/1000], Batch [170/201], Loss: 3.1640, Train Acc: 0.3906, Val Acc: 0.0400
Epoch [44/1000], Batch [180/201], Loss: 3.5816, Train Acc: 0.2188, Val Acc: 0.0560
Epoch [44/1000], Batch [190/201], Loss: 3.5869, Train Acc: 0.2031, Val Acc: 0.0520
Epoch [44/1000], Batch [200/201], Loss: 3.2491, Train Acc: 0.3438, Val Acc: 0.0440
Epoch [45/1000], Batch [10/201], Loss: 3.3582, Train Acc: 0.2969, Val Acc: 0.0600
Epoch [45/1000], Batch [20/201], Loss: 3.2968, Train Acc: 0.2969, Val Acc: 0.0520
Epoch [45/1000], Batch [30/201], Loss: 2.9087, Train Acc: 0.3438, Val Acc: 0.0440
Epoch [45/1000], Batch [40/201], Loss: 2.7855, Train Acc: 0.4375, Val Acc: 0.0520
Epoch [45/1000], Batch [50/201], Loss: 3.3751, Train Acc: 0.3281, Val Acc: 0.0400
Epoch [45/1000], Batch [60/201], Loss: 3.3286, Train Acc: 0.3438, Val Acc: 0.0560
Epoch [45/1000], Batch [70/201], Loss: 3.1740, Train Acc: 0.2500, Val Acc: 0.0440
Epoch [45/1000], Batch [80/201], Loss: 3.5796, Train Acc: 0.1875, Val Acc: 0.0520
Epoch [45/1000], Batch [90/201], Loss: 3.0518, Train Acc: 0.3750, Val Acc: 0.0360
Epoch [45/1000], Batch [100/201], Loss: 3.4573, Train Acc: 0.2656, Val Acc: 0.0360
Epoch [45/1000], Batch [110/201], Loss: 3.2167, Train Acc: 0.3125, Val Acc: 0.0400
Epoch [45/1000], Batch [120/201], Loss: 3.9218, Train Acc: 0.2500, Val Acc: 0.0480
Epoch [45/1000], Batch [130/201], Loss: 3.2401, Train Acc: 0.2500, Val Acc: 0.0320
Epoch [45/1000], Batch [140/201], Loss: 3.2065, Train Acc: 0.3125, Val Acc: 0.0320
Epoch [45/1000], Batch [150/201], Loss: 3.2316, Train Acc: 0.2344, Val Acc: 0.0400
Epoch [45/1000], Batch [160/201], Loss: 3.0511, Train Acc: 0.3125, Val Acc: 0.0480
Epoch [45/1000], Batch [170/201], Loss: 3.4279, Train Acc: 0.2500, Val Acc: 0.0520
Epoch [45/1000], Batch [180/201], Loss: 3.3114, Train Acc: 0.3125, Val Acc: 0.0520
Epoch [45/1000], Batch [190/201], Loss: 3.3742, Train Acc: 0.2812, Val Acc: 0.0520
Epoch [45/1000], Batch [200/201], Loss: 3.5140, Train Acc: 0.1875, Val Acc: 0.0560
Epoch [46/1000], Batch [10/201], Loss: 3.3633, Train Acc: 0.2812, Val Acc: 0.0520
Epoch [46/1000], Batch [20/201], Loss: 3.5264, Train Acc: 0.2344, Val Acc: 0.0480
Epoch [46/1000], Batch [30/201], Loss: 3.1961, Train Acc: 0.3438, Val Acc: 0.0560
Epoch [46/1000], Batch [40/201], Loss: 3.2689, Train Acc: 0.3438, Val Acc: 0.0480
Epoch [46/1000], Batch [50/201], Loss: 3.1499, Train Acc: 0.3750, Val Acc: 0.0560
Epoch [46/1000], Batch [60/201], Loss: 3.1747, Train Acc: 0.3594, Val Acc: 0.0440
Epoch [46/1000], Batch [70/201], Loss: 3.7496, Train Acc: 0.2812, Val Acc: 0.0320
Epoch [46/1000], Batch [80/201], Loss: 3.1884, Train Acc: 0.3906, Val Acc: 0.0360
Epoch [46/1000], Batch [90/201], Loss: 3.0732, Train Acc: 0.3906, Val Acc: 0.0480
Epoch [46/1000], Batch [100/201], Loss: 3.7152, Train Acc: 0.2812, Val Acc: 0.0360
Epoch [46/1000], Batch [110/201], Loss: 3.3452, Train Acc: 0.2812, Val Acc: 0.0360
Epoch [46/1000], Batch [120/201], Loss: 3.2080, Train Acc: 0.3125, Val Acc: 0.0520
Epoch [46/1000], Batch [130/201], Loss: 3.2293, Train Acc: 0.2656, Val Acc: 0.0440
Epoch [46/1000], Batch [140/201], Loss: 3.5433, Train Acc: 0.1875, Val Acc: 0.0400
Epoch [46/1000], Batch [150/201], Loss: 3.2264, Train Acc: 0.2812, Val Acc: 0.0440
Epoch [46/1000], Batch [160/201], Loss: 3.4301, Train Acc: 0.2656, Val Acc: 0.0440
Epoch [46/1000], Batch [170/201], Loss: 3.5952, Train Acc: 0.2656, Val Acc: 0.0400
Epoch [46/1000], Batch [180/201], Loss: 3.1636, Train Acc: 0.2656, Val Acc: 0.0480
Epoch [46/1000], Batch [190/201], Loss: 3.5177, Train Acc: 0.2188, Val Acc: 0.0520
Epoch [46/1000], Batch [200/201], Loss: 3.2102, Train Acc: 0.3125, Val Acc: 0.0520
Epoch [47/1000], Batch [10/201], Loss: 3.5520, Train Acc: 0.2969, Val Acc: 0.0400
Epoch [47/1000], Batch [20/201], Loss: 3.1239, Train Acc: 0.3281, Val Acc: 0.0520
Epoch [47/1000], Batch [30/201], Loss: 3.3072, Train Acc: 0.2812, Val Acc: 0.0440
Epoch [47/1000], Batch [40/201], Loss: 3.4737, Train Acc: 0.2344, Val Acc: 0.0440
Epoch [47/1000], Batch [50/201], Loss: 3.1065, Train Acc: 0.2500, Val Acc: 0.0440
Epoch [47/1000], Batch [60/201], Loss: 3.3928, Train Acc: 0.2344, Val Acc: 0.0480
Epoch [47/1000], Batch [70/201], Loss: 2.9168, Train Acc: 0.3594, Val Acc: 0.0400
Epoch [47/1000], Batch [80/201], Loss: 3.7524, Train Acc: 0.2031, Val Acc: 0.0440
Epoch [47/1000], Batch [90/201], Loss: 3.2685, Train Acc: 0.2812, Val Acc: 0.0440
Epoch [47/1000], Batch [100/201], Loss: 3.3591, Train Acc: 0.3125, Val Acc: 0.0320
Epoch [47/1000], Batch [110/201], Loss: 3.3256, Train Acc: 0.2969, Val Acc: 0.0400
Epoch [47/1000], Batch [120/201], Loss: 3.3412, Train Acc: 0.2812, Val Acc: 0.0520
Epoch [47/1000], Batch [130/201], Loss: 3.1733, Train Acc: 0.3281, Val Acc: 0.0520
Epoch [47/1000], Batch [140/201], Loss: 3.0527, Train Acc: 0.3281, Val Acc: 0.0440
Epoch [47/1000], Batch [150/201], Loss: 3.4128, Train Acc: 0.3125, Val Acc: 0.0520
Epoch [47/1000], Batch [160/201], Loss: 2.9514, Train Acc: 0.3906, Val Acc: 0.0520
Epoch [47/1000], Batch [170/201], Loss: 2.8965, Train Acc: 0.3594, Val Acc: 0.0520
Epoch [47/1000], Batch [180/201], Loss: 3.4365, Train Acc: 0.3281, Val Acc: 0.0520
Epoch [47/1000], Batch [190/201], Loss: 3.3620, Train Acc: 0.3281, Val Acc: 0.0560
Epoch [47/1000], Batch [200/201], Loss: 3.5037, Train Acc: 0.2969, Val Acc: 0.0480
Epoch [48/1000], Batch [10/201], Loss: 3.2549, Train Acc: 0.2812, Val Acc: 0.0400
Epoch [48/1000], Batch [20/201], Loss: 3.3737, Train Acc: 0.2969, Val Acc: 0.0400
Epoch [48/1000], Batch [30/201], Loss: 3.2771, Train Acc: 0.2812, Val Acc: 0.0520
Epoch [48/1000], Batch [40/201], Loss: 3.4284, Train Acc: 0.3438, Val Acc: 0.0520
Epoch [48/1000], Batch [50/201], Loss: 3.0688, Train Acc: 0.2500, Val Acc: 0.0440
Epoch [48/1000], Batch [60/201], Loss: 3.0286, Train Acc: 0.3594, Val Acc: 0.0440
Epoch [48/1000], Batch [70/201], Loss: 2.8230, Train Acc: 0.3906, Val Acc: 0.0400
Epoch [48/1000], Batch [80/201], Loss: 3.3767, Train Acc: 0.2969, Val Acc: 0.0480
Epoch [48/1000], Batch [90/201], Loss: 3.2497, Train Acc: 0.3125, Val Acc: 0.0480
Epoch [48/1000], Batch [100/201], Loss: 3.2438, Train Acc: 0.2812, Val Acc: 0.0520
Epoch [48/1000], Batch [110/201], Loss: 3.2629, Train Acc: 0.3438, Val Acc: 0.0520
Epoch [48/1000], Batch [120/201], Loss: 3.3887, Train Acc: 0.2500, Val Acc: 0.0560
Epoch [48/1000], Batch [130/201], Loss: 3.3641, Train Acc: 0.2656, Val Acc: 0.0520
Epoch [48/1000], Batch [140/201], Loss: 2.9872, Train Acc: 0.3906, Val Acc: 0.0480
Epoch [48/1000], Batch [150/201], Loss: 3.5613, Train Acc: 0.2500, Val Acc: 0.0520
Epoch [48/1000], Batch [160/201], Loss: 3.4814, Train Acc: 0.2188, Val Acc: 0.0560
Epoch [48/1000], Batch [170/201], Loss: 3.0717, Train Acc: 0.3125, Val Acc: 0.0600
Epoch [48/1000], Batch [180/201], Loss: 3.5229, Train Acc: 0.1875, Val Acc: 0.0600
Epoch [48/1000], Batch [190/201], Loss: 3.0950, Train Acc: 0.2812, Val Acc: 0.0440
Epoch [48/1000], Batch [200/201], Loss: 3.4161, Train Acc: 0.1562, Val Acc: 0.0360
Epoch [49/1000], Batch [10/201], Loss: 3.2634, Train Acc: 0.3125, Val Acc: 0.0440
Epoch [49/1000], Batch [20/201], Loss: 3.3789, Train Acc: 0.2969, Val Acc: 0.0400
Epoch [49/1000], Batch [30/201], Loss: 3.5581, Train Acc: 0.2656, Val Acc: 0.0360
Epoch [49/1000], Batch [40/201], Loss: 2.8291, Train Acc: 0.4688, Val Acc: 0.0400
Epoch [49/1000], Batch [50/201], Loss: 3.1412, Train Acc: 0.3125, Val Acc: 0.0320
Epoch [49/1000], Batch [60/201], Loss: 2.8972, Train Acc: 0.3750, Val Acc: 0.0360
Epoch [49/1000], Batch [70/201], Loss: 3.2026, Train Acc: 0.3125, Val Acc: 0.0240
Epoch [49/1000], Batch [80/201], Loss: 3.3563, Train Acc: 0.3125, Val Acc: 0.0320
Epoch [49/1000], Batch [90/201], Loss: 3.4423, Train Acc: 0.3125, Val Acc: 0.0480
Epoch [49/1000], Batch [100/201], Loss: 3.5499, Train Acc: 0.2500, Val Acc: 0.0440
Epoch [49/1000], Batch [110/201], Loss: 3.5441, Train Acc: 0.2969, Val Acc: 0.0440
Epoch [49/1000], Batch [120/201], Loss: 3.3202, Train Acc: 0.2969, Val Acc: 0.0400
Epoch [49/1000], Batch [130/201], Loss: 3.2657, Train Acc: 0.2656, Val Acc: 0.0440
Epoch [49/1000], Batch [140/201], Loss: 2.8806, Train Acc: 0.4062, Val Acc: 0.0480
Epoch [49/1000], Batch [150/201], Loss: 3.0105, Train Acc: 0.3438, Val Acc: 0.0440
Epoch [49/1000], Batch [160/201], Loss: 3.4463, Train Acc: 0.2969, Val Acc: 0.0520
Epoch [49/1000], Batch [170/201], Loss: 3.6509, Train Acc: 0.2188, Val Acc: 0.0520
Epoch [49/1000], Batch [180/201], Loss: 2.8375, Train Acc: 0.4062, Val Acc: 0.0440
Epoch [49/1000], Batch [190/201], Loss: 3.3164, Train Acc: 0.3281, Val Acc: 0.0480
Epoch [49/1000], Batch [200/201], Loss: 3.1737, Train Acc: 0.3594, Val Acc: 0.0480
Epoch [50/1000], Batch [10/201], Loss: 3.2064, Train Acc: 0.3281, Val Acc: 0.0480
Epoch [50/1000], Batch [20/201], Loss: 2.7763, Train Acc: 0.4219, Val Acc: 0.0520
Epoch [50/1000], Batch [30/201], Loss: 3.3886, Train Acc: 0.2500, Val Acc: 0.0480
Epoch [50/1000], Batch [40/201], Loss: 3.2451, Train Acc: 0.3281, Val Acc: 0.0520
Epoch [50/1000], Batch [50/201], Loss: 2.7211, Train Acc: 0.4844, Val Acc: 0.0520
Epoch [50/1000], Batch [60/201], Loss: 3.3627, Train Acc: 0.2969, Val Acc: 0.0400
Epoch [50/1000], Batch [70/201], Loss: 2.9946, Train Acc: 0.3594, Val Acc: 0.0400
Epoch [50/1000], Batch [80/201], Loss: 3.5481, Train Acc: 0.2031, Val Acc: 0.0400
Epoch [50/1000], Batch [90/201], Loss: 3.0221, Train Acc: 0.3281, Val Acc: 0.0480
Epoch [50/1000], Batch [100/201], Loss: 3.4418, Train Acc: 0.3281, Val Acc: 0.0520
Epoch [50/1000], Batch [110/201], Loss: 3.1678, Train Acc: 0.2812, Val Acc: 0.0560
Epoch [50/1000], Batch [120/201], Loss: 3.2950, Train Acc: 0.3281, Val Acc: 0.0520
Epoch [50/1000], Batch [130/201], Loss: 2.9339, Train Acc: 0.3594, Val Acc: 0.0560
Epoch [50/1000], Batch [140/201], Loss: 3.2644, Train Acc: 0.3594, Val Acc: 0.0480
Epoch [50/1000], Batch [150/201], Loss: 3.0688, Train Acc: 0.2656, Val Acc: 0.0560
Epoch [50/1000], Batch [160/201], Loss: 3.0894, Train Acc: 0.2344, Val Acc: 0.0480
Epoch [50/1000], Batch [170/201], Loss: 3.3175, Train Acc: 0.2656, Val Acc: 0.0520
Epoch [50/1000], Batch [180/201], Loss: 3.5410, Train Acc: 0.1719, Val Acc: 0.0440
Epoch [50/1000], Batch [190/201], Loss: 3.1788, Train Acc: 0.3281, Val Acc: 0.0440
Epoch [50/1000], Batch [200/201], Loss: 3.3245, Train Acc: 0.3125, Val Acc: 0.0320
Epoch [51/1000], Batch [10/201], Loss: 3.2554, Train Acc: 0.2812, Val Acc: 0.0400
Epoch [51/1000], Batch [20/201], Loss: 3.1452, Train Acc: 0.3125, Val Acc: 0.0400
Epoch [51/1000], Batch [30/201], Loss: 3.3127, Train Acc: 0.3125, Val Acc: 0.0440
Epoch [51/1000], Batch [40/201], Loss: 3.3778, Train Acc: 0.2500, Val Acc: 0.0440
Epoch [51/1000], Batch [50/201], Loss: 2.9894, Train Acc: 0.3906, Val Acc: 0.0400
Epoch [51/1000], Batch [60/201], Loss: 3.0637, Train Acc: 0.3281, Val Acc: 0.0400
Epoch [51/1000], Batch [70/201], Loss: 3.6463, Train Acc: 0.1562, Val Acc: 0.0440
Epoch [51/1000], Batch [80/201], Loss: 3.2067, Train Acc: 0.3750, Val Acc: 0.0480
Epoch [51/1000], Batch [90/201], Loss: 3.5214, Train Acc: 0.2812, Val Acc: 0.0360
Epoch [51/1000], Batch [100/201], Loss: 3.3480, Train Acc: 0.2500, Val Acc: 0.0360
Epoch [51/1000], Batch [110/201], Loss: 2.9790, Train Acc: 0.3125, Val Acc: 0.0320
Epoch [51/1000], Batch [120/201], Loss: 3.1902, Train Acc: 0.3594, Val Acc: 0.0440
Epoch [51/1000], Batch [130/201], Loss: 3.3650, Train Acc: 0.2656, Val Acc: 0.0520
Epoch [51/1000], Batch [140/201], Loss: 3.1727, Train Acc: 0.3906, Val Acc: 0.0480
Epoch [51/1000], Batch [150/201], Loss: 3.4068, Train Acc: 0.3750, Val Acc: 0.0440
Epoch [51/1000], Batch [160/201], Loss: 3.4807, Train Acc: 0.2656, Val Acc: 0.0480
Epoch [51/1000], Batch [170/201], Loss: 3.2615, Train Acc: 0.2812, Val Acc: 0.0400
Epoch [51/1000], Batch [180/201], Loss: 3.4863, Train Acc: 0.2812, Val Acc: 0.0400
Epoch [51/1000], Batch [190/201], Loss: 3.4421, Train Acc: 0.2969, Val Acc: 0.0440
Epoch [51/1000], Batch [200/201], Loss: 3.3534, Train Acc: 0.3281, Val Acc: 0.0440
Epoch [52/1000], Batch [10/201], Loss: 3.2980, Train Acc: 0.2812, Val Acc: 0.0400
Epoch [52/1000], Batch [20/201], Loss: 3.5004, Train Acc: 0.2500, Val Acc: 0.0520
Epoch [52/1000], Batch [30/201], Loss: 2.8637, Train Acc: 0.3594, Val Acc: 0.0560
Epoch [52/1000], Batch [40/201], Loss: 2.8915, Train Acc: 0.3750, Val Acc: 0.0480
Epoch [52/1000], Batch [50/201], Loss: 3.4242, Train Acc: 0.2812, Val Acc: 0.0400
Epoch [52/1000], Batch [60/201], Loss: 2.8339, Train Acc: 0.4219, Val Acc: 0.0400
Epoch [52/1000], Batch [70/201], Loss: 3.2289, Train Acc: 0.2812, Val Acc: 0.0480
Epoch [52/1000], Batch [80/201], Loss: 3.3407, Train Acc: 0.3438, Val Acc: 0.0480
Epoch [52/1000], Batch [90/201], Loss: 3.4038, Train Acc: 0.2969, Val Acc: 0.0440
Epoch [52/1000], Batch [100/201], Loss: 3.0714, Train Acc: 0.3438, Val Acc: 0.0520
Epoch [52/1000], Batch [110/201], Loss: 3.4504, Train Acc: 0.2500, Val Acc: 0.0600
Epoch [52/1000], Batch [120/201], Loss: 3.6420, Train Acc: 0.2656, Val Acc: 0.0480
Epoch [52/1000], Batch [130/201], Loss: 3.5025, Train Acc: 0.2500, Val Acc: 0.0520
Epoch [52/1000], Batch [140/201], Loss: 3.1268, Train Acc: 0.3594, Val Acc: 0.0600
Epoch [52/1000], Batch [150/201], Loss: 3.1944, Train Acc: 0.2812, Val Acc: 0.0440
Epoch [52/1000], Batch [160/201], Loss: 3.6086, Train Acc: 0.2344, Val Acc: 0.0400
Epoch [52/1000], Batch [170/201], Loss: 3.4326, Train Acc: 0.2969, Val Acc: 0.0520
Epoch [52/1000], Batch [180/201], Loss: 3.3566, Train Acc: 0.3281, Val Acc: 0.0440
Epoch [52/1000], Batch [190/201], Loss: 2.9489, Train Acc: 0.3906, Val Acc: 0.0520
Epoch [52/1000], Batch [200/201], Loss: 3.2793, Train Acc: 0.2656, Val Acc: 0.0480
Epoch [53/1000], Batch [10/201], Loss: 3.4800, Train Acc: 0.2500, Val Acc: 0.0400
Epoch [53/1000], Batch [20/201], Loss: 3.3411, Train Acc: 0.2344, Val Acc: 0.0440
Epoch [53/1000], Batch [30/201], Loss: 3.2921, Train Acc: 0.2344, Val Acc: 0.0400
Epoch [53/1000], Batch [40/201], Loss: 3.1977, Train Acc: 0.3750, Val Acc: 0.0400
Epoch [53/1000], Batch [50/201], Loss: 3.2418, Train Acc: 0.3281, Val Acc: 0.0440
Epoch [53/1000], Batch [60/201], Loss: 3.3646, Train Acc: 0.2500, Val Acc: 0.0440
Epoch [53/1000], Batch [70/201], Loss: 3.2441, Train Acc: 0.2656, Val Acc: 0.0400
Epoch [53/1000], Batch [80/201], Loss: 2.9703, Train Acc: 0.2969, Val Acc: 0.0440
Epoch [53/1000], Batch [90/201], Loss: 3.2122, Train Acc: 0.3438, Val Acc: 0.0440
Epoch [53/1000], Batch [100/201], Loss: 3.0202, Train Acc: 0.3594, Val Acc: 0.0440
Epoch [53/1000], Batch [110/201], Loss: 3.4866, Train Acc: 0.2812, Val Acc: 0.0280
Epoch [53/1000], Batch [120/201], Loss: 3.1401, Train Acc: 0.2812, Val Acc: 0.0360
Epoch [53/1000], Batch [130/201], Loss: 3.1288, Train Acc: 0.2500, Val Acc: 0.0360
Epoch [53/1000], Batch [140/201], Loss: 3.6465, Train Acc: 0.2031, Val Acc: 0.0360
Epoch [53/1000], Batch [150/201], Loss: 3.1202, Train Acc: 0.2969, Val Acc: 0.0440
Epoch [53/1000], Batch [160/201], Loss: 3.6768, Train Acc: 0.2344, Val Acc: 0.0520
Epoch [53/1000], Batch [170/201], Loss: 2.9603, Train Acc: 0.3906, Val Acc: 0.0600
Epoch [53/1000], Batch [180/201], Loss: 2.9586, Train Acc: 0.4062, Val Acc: 0.0520
Epoch [53/1000], Batch [190/201], Loss: 2.7660, Train Acc: 0.4375, Val Acc: 0.0360
Epoch [53/1000], Batch [200/201], Loss: 3.0951, Train Acc: 0.3438, Val Acc: 0.0440
Epoch [54/1000], Batch [10/201], Loss: 2.7300, Train Acc: 0.4688, Val Acc: 0.0480
Epoch [54/1000], Batch [20/201], Loss: 3.5592, Train Acc: 0.2344, Val Acc: 0.0480
Epoch [54/1000], Batch [30/201], Loss: 3.1021, Train Acc: 0.3594, Val Acc: 0.0480
Epoch [54/1000], Batch [40/201], Loss: 3.0728, Train Acc: 0.2812, Val Acc: 0.0480
Epoch [54/1000], Batch [50/201], Loss: 3.3443, Train Acc: 0.2656, Val Acc: 0.0360
Epoch [54/1000], Batch [60/201], Loss: 2.9604, Train Acc: 0.3281, Val Acc: 0.0320
Epoch [54/1000], Batch [70/201], Loss: 3.7686, Train Acc: 0.2500, Val Acc: 0.0320
Epoch [54/1000], Batch [80/201], Loss: 2.9901, Train Acc: 0.3594, Val Acc: 0.0320
Epoch [54/1000], Batch [90/201], Loss: 3.3044, Train Acc: 0.2188, Val Acc: 0.0480
Epoch [54/1000], Batch [100/201], Loss: 3.2282, Train Acc: 0.2344, Val Acc: 0.0440
Epoch [54/1000], Batch [110/201], Loss: 2.9460, Train Acc: 0.3125, Val Acc: 0.0520
Epoch [54/1000], Batch [120/201], Loss: 3.2797, Train Acc: 0.2969, Val Acc: 0.0560
Epoch [54/1000], Batch [130/201], Loss: 3.2801, Train Acc: 0.2500, Val Acc: 0.0320
Epoch [54/1000], Batch [140/201], Loss: 3.2878, Train Acc: 0.2500, Val Acc: 0.0360
Epoch [54/1000], Batch [150/201], Loss: 3.0810, Train Acc: 0.2812, Val Acc: 0.0520
Epoch [54/1000], Batch [160/201], Loss: 3.3558, Train Acc: 0.2656, Val Acc: 0.0600
Epoch [54/1000], Batch [170/201], Loss: 3.4499, Train Acc: 0.2812, Val Acc: 0.0560
Epoch [54/1000], Batch [180/201], Loss: 2.9240, Train Acc: 0.4531, Val Acc: 0.0560
Epoch [54/1000], Batch [190/201], Loss: 3.3167, Train Acc: 0.3594, Val Acc: 0.0520
Epoch [54/1000], Batch [200/201], Loss: 3.3176, Train Acc: 0.2188, Val Acc: 0.0520
Epoch [55/1000], Batch [10/201], Loss: 3.2135, Train Acc: 0.2812, Val Acc: 0.0440
Epoch [55/1000], Batch [20/201], Loss: 3.4530, Train Acc: 0.2656, Val Acc: 0.0400
Epoch [55/1000], Batch [30/201], Loss: 3.5264, Train Acc: 0.3125, Val Acc: 0.0400
Epoch [55/1000], Batch [40/201], Loss: 3.0219, Train Acc: 0.4062, Val Acc: 0.0520
Epoch [55/1000], Batch [50/201], Loss: 2.7905, Train Acc: 0.4062, Val Acc: 0.0520
Epoch [55/1000], Batch [60/201], Loss: 3.6111, Train Acc: 0.2812, Val Acc: 0.0440
Epoch [55/1000], Batch [70/201], Loss: 3.4011, Train Acc: 0.3125, Val Acc: 0.0440
Epoch [55/1000], Batch [80/201], Loss: 2.9170, Train Acc: 0.3594, Val Acc: 0.0480
Epoch [55/1000], Batch [90/201], Loss: 3.4587, Train Acc: 0.2500, Val Acc: 0.0520
Epoch [55/1000], Batch [100/201], Loss: 3.2508, Train Acc: 0.3125, Val Acc: 0.0400
Epoch [55/1000], Batch [110/201], Loss: 3.3703, Train Acc: 0.2500, Val Acc: 0.0440
Epoch [55/1000], Batch [120/201], Loss: 3.1432, Train Acc: 0.3438, Val Acc: 0.0560
Epoch [55/1000], Batch [130/201], Loss: 2.9911, Train Acc: 0.3750, Val Acc: 0.0560
Epoch [55/1000], Batch [140/201], Loss: 3.4067, Train Acc: 0.1719, Val Acc: 0.0680
Epoch [55/1000], Batch [150/201], Loss: 2.9833, Train Acc: 0.3750, Val Acc: 0.0600
Epoch [55/1000], Batch [160/201], Loss: 3.5156, Train Acc: 0.2812, Val Acc: 0.0520
Epoch [55/1000], Batch [170/201], Loss: 3.3224, Train Acc: 0.2656, Val Acc: 0.0440
Epoch [55/1000], Batch [180/201], Loss: 3.0072, Train Acc: 0.3281, Val Acc: 0.0560
Epoch [55/1000], Batch [190/201], Loss: 2.8991, Train Acc: 0.3906, Val Acc: 0.0480
Epoch [55/1000], Batch [200/201], Loss: 3.4686, Train Acc: 0.2188, Val Acc: 0.0560
Epoch [56/1000], Batch [10/201], Loss: 2.5884, Train Acc: 0.4531, Val Acc: 0.0440
Epoch [56/1000], Batch [20/201], Loss: 3.0064, Train Acc: 0.3906, Val Acc: 0.0520
Epoch [56/1000], Batch [30/201], Loss: 2.7994, Train Acc: 0.4375, Val Acc: 0.0560
Epoch [56/1000], Batch [40/201], Loss: 3.1928, Train Acc: 0.3594, Val Acc: 0.0560
Epoch [56/1000], Batch [50/201], Loss: 2.7557, Train Acc: 0.3750, Val Acc: 0.0520
Epoch [56/1000], Batch [60/201], Loss: 3.2064, Train Acc: 0.2656, Val Acc: 0.0560
Epoch [56/1000], Batch [70/201], Loss: 3.2689, Train Acc: 0.3281, Val Acc: 0.0400
Epoch [56/1000], Batch [80/201], Loss: 3.0273, Train Acc: 0.3594, Val Acc: 0.0560
Epoch [56/1000], Batch [90/201], Loss: 2.9728, Train Acc: 0.3750, Val Acc: 0.0440
Epoch [56/1000], Batch [100/201], Loss: 3.1230, Train Acc: 0.3125, Val Acc: 0.0400
Epoch [56/1000], Batch [110/201], Loss: 3.4339, Train Acc: 0.2969, Val Acc: 0.0440
Epoch [56/1000], Batch [120/201], Loss: 3.1300, Train Acc: 0.3125, Val Acc: 0.0480
Epoch [56/1000], Batch [130/201], Loss: 3.0153, Train Acc: 0.3438, Val Acc: 0.0480
Epoch [56/1000], Batch [140/201], Loss: 3.2413, Train Acc: 0.2969, Val Acc: 0.0440
Epoch [56/1000], Batch [150/201], Loss: 3.1904, Train Acc: 0.2812, Val Acc: 0.0360
Epoch [56/1000], Batch [160/201], Loss: 3.2047, Train Acc: 0.2969, Val Acc: 0.0360
Epoch [56/1000], Batch [170/201], Loss: 3.2514, Train Acc: 0.3594, Val Acc: 0.0520
Epoch [56/1000], Batch [180/201], Loss: 3.0251, Train Acc: 0.3594, Val Acc: 0.0560
Epoch [56/1000], Batch [190/201], Loss: 3.4678, Train Acc: 0.2812, Val Acc: 0.0440
Epoch [56/1000], Batch [200/201], Loss: 2.8471, Train Acc: 0.4219, Val Acc: 0.0560
Epoch [57/1000], Batch [10/201], Loss: 3.3319, Train Acc: 0.3125, Val Acc: 0.0520
Epoch [57/1000], Batch [20/201], Loss: 3.4329, Train Acc: 0.2812, Val Acc: 0.0600
Epoch [57/1000], Batch [30/201], Loss: 3.3682, Train Acc: 0.2656, Val Acc: 0.0480
Epoch [57/1000], Batch [40/201], Loss: 3.1853, Train Acc: 0.2969, Val Acc: 0.0440
Epoch [57/1000], Batch [50/201], Loss: 3.4011, Train Acc: 0.3125, Val Acc: 0.0520
Epoch [57/1000], Batch [60/201], Loss: 3.1904, Train Acc: 0.2969, Val Acc: 0.0440
Epoch [57/1000], Batch [70/201], Loss: 3.0065, Train Acc: 0.3281, Val Acc: 0.0400
Epoch [57/1000], Batch [80/201], Loss: 2.7621, Train Acc: 0.4219, Val Acc: 0.0440
Epoch [57/1000], Batch [90/201], Loss: 3.3710, Train Acc: 0.2812, Val Acc: 0.0320
Epoch [57/1000], Batch [100/201], Loss: 3.0327, Train Acc: 0.2656, Val Acc: 0.0480
Epoch [57/1000], Batch [110/201], Loss: 2.6314, Train Acc: 0.3906, Val Acc: 0.0440
Epoch [57/1000], Batch [120/201], Loss: 3.1899, Train Acc: 0.3281, Val Acc: 0.0520
Epoch [57/1000], Batch [130/201], Loss: 3.3541, Train Acc: 0.2656, Val Acc: 0.0520
Epoch [57/1000], Batch [140/201], Loss: 3.3396, Train Acc: 0.3125, Val Acc: 0.0640
Epoch [57/1000], Batch [150/201], Loss: 3.2968, Train Acc: 0.2656, Val Acc: 0.0520
Epoch [57/1000], Batch [160/201], Loss: 3.3029, Train Acc: 0.2812, Val Acc: 0.0520
Epoch [57/1000], Batch [170/201], Loss: 3.2570, Train Acc: 0.3438, Val Acc: 0.0400
Epoch [57/1000], Batch [180/201], Loss: 3.2070, Train Acc: 0.2344, Val Acc: 0.0400
Epoch [57/1000], Batch [190/201], Loss: 2.9191, Train Acc: 0.3594, Val Acc: 0.0560
Epoch [57/1000], Batch [200/201], Loss: 2.9968, Train Acc: 0.3438, Val Acc: 0.0480
Epoch [58/1000], Batch [10/201], Loss: 3.0295, Train Acc: 0.3125, Val Acc: 0.0680
Epoch [58/1000], Batch [20/201], Loss: 3.2716, Train Acc: 0.2656, Val Acc: 0.0680
Epoch [58/1000], Batch [30/201], Loss: 3.2799, Train Acc: 0.3125, Val Acc: 0.0520
Epoch [58/1000], Batch [40/201], Loss: 2.8778, Train Acc: 0.3438, Val Acc: 0.0560
Epoch [58/1000], Batch [50/201], Loss: 2.9559, Train Acc: 0.4062, Val Acc: 0.0520
Epoch [58/1000], Batch [60/201], Loss: 3.0653, Train Acc: 0.3750, Val Acc: 0.0480
Epoch [58/1000], Batch [70/201], Loss: 3.1328, Train Acc: 0.3281, Val Acc: 0.0480
Epoch [58/1000], Batch [80/201], Loss: 2.7959, Train Acc: 0.4375, Val Acc: 0.0480
Epoch [58/1000], Batch [90/201], Loss: 3.2599, Train Acc: 0.2969, Val Acc: 0.0480
Epoch [58/1000], Batch [100/201], Loss: 2.9069, Train Acc: 0.2969, Val Acc: 0.0600
Epoch [58/1000], Batch [110/201], Loss: 3.1990, Train Acc: 0.2812, Val Acc: 0.0560
Epoch [58/1000], Batch [120/201], Loss: 2.9207, Train Acc: 0.3750, Val Acc: 0.0600
Epoch [58/1000], Batch [130/201], Loss: 2.9832, Train Acc: 0.4062, Val Acc: 0.0480
Epoch [58/1000], Batch [140/201], Loss: 3.5887, Train Acc: 0.2656, Val Acc: 0.0440
Epoch [58/1000], Batch [150/201], Loss: 3.1549, Train Acc: 0.2344, Val Acc: 0.0440
Epoch [58/1000], Batch [160/201], Loss: 3.3909, Train Acc: 0.2656, Val Acc: 0.0560
Epoch [58/1000], Batch [170/201], Loss: 2.8683, Train Acc: 0.3750, Val Acc: 0.0440
Epoch [58/1000], Batch [180/201], Loss: 3.2329, Train Acc: 0.3750, Val Acc: 0.0480
Epoch [58/1000], Batch [190/201], Loss: 2.9150, Train Acc: 0.3906, Val Acc: 0.0520
Epoch [58/1000], Batch [200/201], Loss: 2.8751, Train Acc: 0.3438, Val Acc: 0.0560
Epoch [59/1000], Batch [10/201], Loss: 2.6625, Train Acc: 0.4219, Val Acc: 0.0600
Epoch [59/1000], Batch [20/201], Loss: 2.7137, Train Acc: 0.4688, Val Acc: 0.0520
Epoch [59/1000], Batch [30/201], Loss: 3.4725, Train Acc: 0.2969, Val Acc: 0.0440
Epoch [59/1000], Batch [40/201], Loss: 3.0370, Train Acc: 0.2969, Val Acc: 0.0560
Epoch [59/1000], Batch [50/201], Loss: 3.3852, Train Acc: 0.2812, Val Acc: 0.0640
Epoch [59/1000], Batch [60/201], Loss: 2.9248, Train Acc: 0.3594, Val Acc: 0.0520
Epoch [59/1000], Batch [70/201], Loss: 2.9980, Train Acc: 0.3438, Val Acc: 0.0600
Epoch [59/1000], Batch [80/201], Loss: 3.1895, Train Acc: 0.3281, Val Acc: 0.0560
Epoch [59/1000], Batch [90/201], Loss: 3.0574, Train Acc: 0.2500, Val Acc: 0.0440
Epoch [59/1000], Batch [100/201], Loss: 2.8476, Train Acc: 0.4219, Val Acc: 0.0480
Epoch [59/1000], Batch [110/201], Loss: 2.6527, Train Acc: 0.4219, Val Acc: 0.0480
Epoch [59/1000], Batch [120/201], Loss: 3.2859, Train Acc: 0.2812, Val Acc: 0.0360
Epoch [59/1000], Batch [130/201], Loss: 3.5114, Train Acc: 0.2656, Val Acc: 0.0520
Epoch [59/1000], Batch [140/201], Loss: 2.8969, Train Acc: 0.3594, Val Acc: 0.0400
Epoch [59/1000], Batch [150/201], Loss: 2.9027, Train Acc: 0.3906, Val Acc: 0.0400
Epoch [59/1000], Batch [160/201], Loss: 2.8299, Train Acc: 0.4062, Val Acc: 0.0480
Epoch [59/1000], Batch [170/201], Loss: 3.2848, Train Acc: 0.2500, Val Acc: 0.0560
Epoch [59/1000], Batch [180/201], Loss: 3.1607, Train Acc: 0.2812, Val Acc: 0.0480
Epoch [59/1000], Batch [190/201], Loss: 3.0068, Train Acc: 0.3281, Val Acc: 0.0440
Epoch [59/1000], Batch [200/201], Loss: 2.6807, Train Acc: 0.4844, Val Acc: 0.0520
Epoch [60/1000], Batch [10/201], Loss: 3.1694, Train Acc: 0.3125, Val Acc: 0.0400
Epoch [60/1000], Batch [20/201], Loss: 3.3813, Train Acc: 0.2812, Val Acc: 0.0480
Epoch [60/1000], Batch [30/201], Loss: 3.1741, Train Acc: 0.3125, Val Acc: 0.0560
Epoch [60/1000], Batch [40/201], Loss: 3.2370, Train Acc: 0.3125, Val Acc: 0.0480
Epoch [60/1000], Batch [50/201], Loss: 2.4548, Train Acc: 0.4219, Val Acc: 0.0640
Epoch [60/1000], Batch [60/201], Loss: 2.8690, Train Acc: 0.4219, Val Acc: 0.0560
Epoch [60/1000], Batch [70/201], Loss: 2.9430, Train Acc: 0.3750, Val Acc: 0.0600
Epoch [60/1000], Batch [80/201], Loss: 3.4106, Train Acc: 0.2656, Val Acc: 0.0640
Epoch [60/1000], Batch [90/201], Loss: 2.5512, Train Acc: 0.4062, Val Acc: 0.0520
Epoch [60/1000], Batch [100/201], Loss: 3.1338, Train Acc: 0.2969, Val Acc: 0.0520
Epoch [60/1000], Batch [110/201], Loss: 2.7971, Train Acc: 0.3750, Val Acc: 0.0560
Epoch [60/1000], Batch [120/201], Loss: 2.9748, Train Acc: 0.3438, Val Acc: 0.0600
Epoch [60/1000], Batch [130/201], Loss: 2.9978, Train Acc: 0.2812, Val Acc: 0.0480
Epoch [60/1000], Batch [140/201], Loss: 3.2268, Train Acc: 0.2812, Val Acc: 0.0480
Epoch [60/1000], Batch [150/201], Loss: 3.3787, Train Acc: 0.3125, Val Acc: 0.0520
Epoch [60/1000], Batch [160/201], Loss: 2.7340, Train Acc: 0.4219, Val Acc: 0.0480
Epoch [60/1000], Batch [170/201], Loss: 3.1849, Train Acc: 0.2656, Val Acc: 0.0480
Epoch [60/1000], Batch [180/201], Loss: 3.3741, Train Acc: 0.1562, Val Acc: 0.0480
Epoch [60/1000], Batch [190/201], Loss: 2.8310, Train Acc: 0.4219, Val Acc: 0.0400
Epoch [60/1000], Batch [200/201], Loss: 3.1415, Train Acc: 0.2969, Val Acc: 0.0400
Epoch [61/1000], Batch [10/201], Loss: 3.2242, Train Acc: 0.3125, Val Acc: 0.0520
Epoch [61/1000], Batch [20/201], Loss: 3.1985, Train Acc: 0.2500, Val Acc: 0.0520
Epoch [61/1000], Batch [30/201], Loss: 2.8201, Train Acc: 0.4688, Val Acc: 0.0440
Epoch [61/1000], Batch [40/201], Loss: 3.4559, Train Acc: 0.2344, Val Acc: 0.0480
Epoch [61/1000], Batch [50/201], Loss: 2.9188, Train Acc: 0.3906, Val Acc: 0.0480
Epoch [61/1000], Batch [60/201], Loss: 2.7922, Train Acc: 0.3750, Val Acc: 0.0440
Epoch [61/1000], Batch [70/201], Loss: 3.2353, Train Acc: 0.3438, Val Acc: 0.0440
Epoch [61/1000], Batch [80/201], Loss: 2.9557, Train Acc: 0.3906, Val Acc: 0.0520
Epoch [61/1000], Batch [90/201], Loss: 2.9793, Train Acc: 0.3438, Val Acc: 0.0480
Epoch [61/1000], Batch [100/201], Loss: 2.9414, Train Acc: 0.3594, Val Acc: 0.0480
Epoch [61/1000], Batch [110/201], Loss: 2.7339, Train Acc: 0.3438, Val Acc: 0.0400
Epoch [61/1000], Batch [120/201], Loss: 2.9208, Train Acc: 0.4062, Val Acc: 0.0400
Epoch [61/1000], Batch [130/201], Loss: 3.0417, Train Acc: 0.3281, Val Acc: 0.0440
Epoch [61/1000], Batch [140/201], Loss: 2.9737, Train Acc: 0.3906, Val Acc: 0.0520
Epoch [61/1000], Batch [150/201], Loss: 2.8922, Train Acc: 0.3594, Val Acc: 0.0440
Epoch [61/1000], Batch [160/201], Loss: 3.0030, Train Acc: 0.3594, Val Acc: 0.0520
Epoch [61/1000], Batch [170/201], Loss: 2.9640, Train Acc: 0.3125, Val Acc: 0.0440
Epoch [61/1000], Batch [180/201], Loss: 2.8842, Train Acc: 0.3906, Val Acc: 0.0480
Epoch [61/1000], Batch [190/201], Loss: 3.5528, Train Acc: 0.2812, Val Acc: 0.0400
Epoch [61/1000], Batch [200/201], Loss: 3.1057, Train Acc: 0.3125, Val Acc: 0.0480
Epoch [62/1000], Batch [10/201], Loss: 3.0184, Train Acc: 0.3125, Val Acc: 0.0520
Epoch [62/1000], Batch [20/201], Loss: 2.9444, Train Acc: 0.2969, Val Acc: 0.0520
Epoch [62/1000], Batch [30/201], Loss: 3.1627, Train Acc: 0.3594, Val Acc: 0.0400
Epoch [62/1000], Batch [40/201], Loss: 2.6158, Train Acc: 0.4375, Val Acc: 0.0520
Epoch [62/1000], Batch [50/201], Loss: 3.1585, Train Acc: 0.2969, Val Acc: 0.0480
Epoch [62/1000], Batch [60/201], Loss: 3.0479, Train Acc: 0.4219, Val Acc: 0.0400
Epoch [62/1000], Batch [70/201], Loss: 3.0988, Train Acc: 0.3594, Val Acc: 0.0440
Epoch [62/1000], Batch [80/201], Loss: 2.9890, Train Acc: 0.3750, Val Acc: 0.0480
Epoch [62/1000], Batch [90/201], Loss: 3.1901, Train Acc: 0.3125, Val Acc: 0.0480
Epoch [62/1000], Batch [100/201], Loss: 3.5041, Train Acc: 0.2812, Val Acc: 0.0440
Epoch [62/1000], Batch [110/201], Loss: 3.1116, Train Acc: 0.2969, Val Acc: 0.0440
Epoch [62/1000], Batch [120/201], Loss: 2.9020, Train Acc: 0.3594, Val Acc: 0.0480
Epoch [62/1000], Batch [130/201], Loss: 2.9785, Train Acc: 0.3438, Val Acc: 0.0480
Epoch [62/1000], Batch [140/201], Loss: 3.0434, Train Acc: 0.3438, Val Acc: 0.0600
Epoch [62/1000], Batch [150/201], Loss: 3.0502, Train Acc: 0.3906, Val Acc: 0.0480
Epoch [62/1000], Batch [160/201], Loss: 3.1796, Train Acc: 0.2969, Val Acc: 0.0440
Epoch [62/1000], Batch [170/201], Loss: 2.7106, Train Acc: 0.4219, Val Acc: 0.0520
Epoch [62/1000], Batch [180/201], Loss: 3.0177, Train Acc: 0.4062, Val Acc: 0.0440
Epoch [62/1000], Batch [190/201], Loss: 2.7790, Train Acc: 0.3125, Val Acc: 0.0440
Epoch [62/1000], Batch [200/201], Loss: 3.4153, Train Acc: 0.2344, Val Acc: 0.0440
Epoch [63/1000], Batch [10/201], Loss: 2.8649, Train Acc: 0.4062, Val Acc: 0.0560
Epoch [63/1000], Batch [20/201], Loss: 3.0534, Train Acc: 0.3750, Val Acc: 0.0400
Epoch [63/1000], Batch [30/201], Loss: 2.7790, Train Acc: 0.3750, Val Acc: 0.0520
Epoch [63/1000], Batch [40/201], Loss: 2.9435, Train Acc: 0.3594, Val Acc: 0.0480
Epoch [63/1000], Batch [50/201], Loss: 3.1688, Train Acc: 0.3281, Val Acc: 0.0480
Epoch [63/1000], Batch [60/201], Loss: 3.1826, Train Acc: 0.3906, Val Acc: 0.0520
Epoch [63/1000], Batch [70/201], Loss: 2.5270, Train Acc: 0.5469, Val Acc: 0.0480
Epoch [63/1000], Batch [80/201], Loss: 3.0302, Train Acc: 0.3750, Val Acc: 0.0560
Epoch [63/1000], Batch [90/201], Loss: 2.9940, Train Acc: 0.3438, Val Acc: 0.0520
Epoch [63/1000], Batch [100/201], Loss: 3.2171, Train Acc: 0.2656, Val Acc: 0.0560
Epoch [63/1000], Batch [110/201], Loss: 3.3653, Train Acc: 0.2500, Val Acc: 0.0480
Epoch [63/1000], Batch [120/201], Loss: 2.8507, Train Acc: 0.4062, Val Acc: 0.0400
Epoch [63/1000], Batch [130/201], Loss: 2.6679, Train Acc: 0.4375, Val Acc: 0.0440
Epoch [63/1000], Batch [140/201], Loss: 3.1712, Train Acc: 0.3906, Val Acc: 0.0440
Epoch [63/1000], Batch [150/201], Loss: 3.0411, Train Acc: 0.3125, Val Acc: 0.0440
Epoch [63/1000], Batch [160/201], Loss: 3.0100, Train Acc: 0.2969, Val Acc: 0.0480
Epoch [63/1000], Batch [170/201], Loss: 2.9878, Train Acc: 0.2812, Val Acc: 0.0440
Epoch [63/1000], Batch [180/201], Loss: 2.9316, Train Acc: 0.4062, Val Acc: 0.0480
Epoch [63/1000], Batch [190/201], Loss: 3.0241, Train Acc: 0.3125, Val Acc: 0.0440
Epoch [63/1000], Batch [200/201], Loss: 3.2190, Train Acc: 0.3125, Val Acc: 0.0400
Epoch [64/1000], Batch [10/201], Loss: 3.2467, Train Acc: 0.3438, Val Acc: 0.0560
Epoch [64/1000], Batch [20/201], Loss: 2.9669, Train Acc: 0.3281, Val Acc: 0.0400
Epoch [64/1000], Batch [30/201], Loss: 2.9018, Train Acc: 0.3594, Val Acc: 0.0440
Epoch [64/1000], Batch [40/201], Loss: 3.3322, Train Acc: 0.2812, Val Acc: 0.0440
Epoch [64/1000], Batch [50/201], Loss: 3.0721, Train Acc: 0.3594, Val Acc: 0.0440
Epoch [64/1000], Batch [60/201], Loss: 3.0107, Train Acc: 0.2969, Val Acc: 0.0520
Epoch [64/1000], Batch [70/201], Loss: 2.9595, Train Acc: 0.3594, Val Acc: 0.0520
Epoch [64/1000], Batch [80/201], Loss: 2.8009, Train Acc: 0.3906, Val Acc: 0.0440
Epoch [64/1000], Batch [90/201], Loss: 3.0733, Train Acc: 0.3125, Val Acc: 0.0440
Epoch [64/1000], Batch [100/201], Loss: 3.1334, Train Acc: 0.2812, Val Acc: 0.0440
Epoch [64/1000], Batch [110/201], Loss: 2.7515, Train Acc: 0.3750, Val Acc: 0.0480
Epoch [64/1000], Batch [120/201], Loss: 3.2795, Train Acc: 0.3281, Val Acc: 0.0520
Epoch [64/1000], Batch [130/201], Loss: 2.9873, Train Acc: 0.3281, Val Acc: 0.0480
Epoch [64/1000], Batch [140/201], Loss: 3.3247, Train Acc: 0.2500, Val Acc: 0.0520
Epoch [64/1000], Batch [150/201], Loss: 2.8118, Train Acc: 0.4219, Val Acc: 0.0400
Epoch [64/1000], Batch [160/201], Loss: 2.8245, Train Acc: 0.3125, Val Acc: 0.0440
Epoch [64/1000], Batch [170/201], Loss: 2.8545, Train Acc: 0.3750, Val Acc: 0.0480
Epoch [64/1000], Batch [180/201], Loss: 3.2263, Train Acc: 0.3594, Val Acc: 0.0560
Epoch [64/1000], Batch [190/201], Loss: 3.4666, Train Acc: 0.2969, Val Acc: 0.0400
Epoch [64/1000], Batch [200/201], Loss: 2.7022, Train Acc: 0.3594, Val Acc: 0.0520
Epoch [65/1000], Batch [10/201], Loss: 2.9171, Train Acc: 0.3750, Val Acc: 0.0520
Epoch [65/1000], Batch [20/201], Loss: 2.6748, Train Acc: 0.4219, Val Acc: 0.0560
Epoch [65/1000], Batch [30/201], Loss: 3.3874, Train Acc: 0.2500, Val Acc: 0.0600
Epoch [65/1000], Batch [40/201], Loss: 2.9608, Train Acc: 0.4062, Val Acc: 0.0480
Epoch [65/1000], Batch [50/201], Loss: 3.0430, Train Acc: 0.2500, Val Acc: 0.0440
Epoch [65/1000], Batch [60/201], Loss: 2.5246, Train Acc: 0.4062, Val Acc: 0.0560
Epoch [65/1000], Batch [70/201], Loss: 2.9883, Train Acc: 0.3281, Val Acc: 0.0480
Epoch [65/1000], Batch [80/201], Loss: 2.9533, Train Acc: 0.3125, Val Acc: 0.0520
Epoch [65/1000], Batch [90/201], Loss: 2.6900, Train Acc: 0.4219, Val Acc: 0.0520
Epoch [65/1000], Batch [100/201], Loss: 3.2874, Train Acc: 0.2969, Val Acc: 0.0600
Epoch [65/1000], Batch [110/201], Loss: 2.9546, Train Acc: 0.3281, Val Acc: 0.0480
Epoch [65/1000], Batch [120/201], Loss: 2.7919, Train Acc: 0.4219, Val Acc: 0.0520
Epoch [65/1000], Batch [130/201], Loss: 3.0438, Train Acc: 0.3125, Val Acc: 0.0560
Epoch [65/1000], Batch [140/201], Loss: 2.7372, Train Acc: 0.4531, Val Acc: 0.0480
Epoch [65/1000], Batch [150/201], Loss: 2.8113, Train Acc: 0.3750, Val Acc: 0.0520
Epoch [65/1000], Batch [160/201], Loss: 2.9587, Train Acc: 0.3438, Val Acc: 0.0520
Epoch [65/1000], Batch [170/201], Loss: 3.0361, Train Acc: 0.3438, Val Acc: 0.0560
Epoch [65/1000], Batch [180/201], Loss: 2.8047, Train Acc: 0.4375, Val Acc: 0.0520
Epoch [65/1000], Batch [190/201], Loss: 3.0591, Train Acc: 0.2969, Val Acc: 0.0400
Epoch [65/1000], Batch [200/201], Loss: 2.7676, Train Acc: 0.4531, Val Acc: 0.0480
Epoch [66/1000], Batch [10/201], Loss: 3.2159, Train Acc: 0.3281, Val Acc: 0.0440
Epoch [66/1000], Batch [20/201], Loss: 3.1784, Train Acc: 0.3125, Val Acc: 0.0440
Epoch [66/1000], Batch [30/201], Loss: 2.8062, Train Acc: 0.4062, Val Acc: 0.0400
Epoch [66/1000], Batch [40/201], Loss: 2.6712, Train Acc: 0.4062, Val Acc: 0.0480
Epoch [66/1000], Batch [50/201], Loss: 3.2575, Train Acc: 0.3281, Val Acc: 0.0600
Epoch [66/1000], Batch [60/201], Loss: 3.1898, Train Acc: 0.2812, Val Acc: 0.0520
Epoch [66/1000], Batch [70/201], Loss: 2.9166, Train Acc: 0.4531, Val Acc: 0.0520
Epoch [66/1000], Batch [80/201], Loss: 3.2917, Train Acc: 0.3125, Val Acc: 0.0440
Epoch [66/1000], Batch [90/201], Loss: 3.2189, Train Acc: 0.3125, Val Acc: 0.0520
Epoch [66/1000], Batch [100/201], Loss: 3.0262, Train Acc: 0.3125, Val Acc: 0.0520
Epoch [66/1000], Batch [110/201], Loss: 2.9246, Train Acc: 0.3438, Val Acc: 0.0520
Epoch [66/1000], Batch [120/201], Loss: 3.2467, Train Acc: 0.3594, Val Acc: 0.0520
Epoch [66/1000], Batch [130/201], Loss: 2.8170, Train Acc: 0.3438, Val Acc: 0.0520
Epoch [66/1000], Batch [140/201], Loss: 2.8970, Train Acc: 0.3438, Val Acc: 0.0440
Epoch [66/1000], Batch [150/201], Loss: 3.0050, Train Acc: 0.3750, Val Acc: 0.0440
Epoch [66/1000], Batch [160/201], Loss: 3.1503, Train Acc: 0.3438, Val Acc: 0.0560
Epoch [66/1000], Batch [170/201], Loss: 3.0870, Train Acc: 0.4375, Val Acc: 0.0400
Epoch [66/1000], Batch [180/201], Loss: 2.7097, Train Acc: 0.3594, Val Acc: 0.0560
Epoch [66/1000], Batch [190/201], Loss: 2.8455, Train Acc: 0.4219, Val Acc: 0.0480
Epoch [66/1000], Batch [200/201], Loss: 3.2104, Train Acc: 0.3438, Val Acc: 0.0560
Epoch [67/1000], Batch [10/201], Loss: 3.1824, Train Acc: 0.3438, Val Acc: 0.0560
Epoch [67/1000], Batch [20/201], Loss: 3.3088, Train Acc: 0.2812, Val Acc: 0.0520
Epoch [67/1000], Batch [30/201], Loss: 2.9102, Train Acc: 0.3750, Val Acc: 0.0520
Epoch [67/1000], Batch [40/201], Loss: 3.3414, Train Acc: 0.2500, Val Acc: 0.0520
Epoch [67/1000], Batch [50/201], Loss: 2.7061, Train Acc: 0.3594, Val Acc: 0.0480
Epoch [67/1000], Batch [60/201], Loss: 3.0747, Train Acc: 0.2812, Val Acc: 0.0400
Epoch [67/1000], Batch [70/201], Loss: 2.6623, Train Acc: 0.4062, Val Acc: 0.0400
Epoch [67/1000], Batch [80/201], Loss: 2.7520, Train Acc: 0.4062, Val Acc: 0.0480
Epoch [67/1000], Batch [90/201], Loss: 2.6969, Train Acc: 0.4219, Val Acc: 0.0440
Epoch [67/1000], Batch [100/201], Loss: 3.2470, Train Acc: 0.3281, Val Acc: 0.0480
Epoch [67/1000], Batch [110/201], Loss: 3.1326, Train Acc: 0.2656, Val Acc: 0.0520
Epoch [67/1000], Batch [120/201], Loss: 3.0371, Train Acc: 0.3594, Val Acc: 0.0440
Epoch [67/1000], Batch [130/201], Loss: 2.4780, Train Acc: 0.4375, Val Acc: 0.0520
Epoch [67/1000], Batch [140/201], Loss: 3.0968, Train Acc: 0.3438, Val Acc: 0.0520
Epoch [67/1000], Batch [150/201], Loss: 3.0821, Train Acc: 0.3281, Val Acc: 0.0440
Epoch [67/1000], Batch [160/201], Loss: 3.0760, Train Acc: 0.2812, Val Acc: 0.0400
Epoch [67/1000], Batch [170/201], Loss: 3.3067, Train Acc: 0.2969, Val Acc: 0.0440
Epoch [67/1000], Batch [180/201], Loss: 2.6425, Train Acc: 0.5156, Val Acc: 0.0440
Epoch [67/1000], Batch [190/201], Loss: 3.1161, Train Acc: 0.3594, Val Acc: 0.0400
Epoch [67/1000], Batch [200/201], Loss: 3.1669, Train Acc: 0.2812, Val Acc: 0.0360
Epoch [68/1000], Batch [10/201], Loss: 2.9769, Train Acc: 0.3594, Val Acc: 0.0440
Epoch [68/1000], Batch [20/201], Loss: 3.0413, Train Acc: 0.3281, Val Acc: 0.0480
Epoch [68/1000], Batch [30/201], Loss: 2.6479, Train Acc: 0.5000, Val Acc: 0.0440
Epoch [68/1000], Batch [40/201], Loss: 2.7737, Train Acc: 0.4062, Val Acc: 0.0400
Epoch [68/1000], Batch [50/201], Loss: 3.1813, Train Acc: 0.4219, Val Acc: 0.0480
Epoch [68/1000], Batch [60/201], Loss: 2.9735, Train Acc: 0.3438, Val Acc: 0.0520
Epoch [68/1000], Batch [70/201], Loss: 2.6444, Train Acc: 0.4062, Val Acc: 0.0520
Epoch [68/1000], Batch [80/201], Loss: 3.3493, Train Acc: 0.2656, Val Acc: 0.0520
Epoch [68/1000], Batch [90/201], Loss: 3.5233, Train Acc: 0.3281, Val Acc: 0.0400
Epoch [68/1000], Batch [100/201], Loss: 3.0440, Train Acc: 0.3125, Val Acc: 0.0400
Epoch [68/1000], Batch [110/201], Loss: 2.7901, Train Acc: 0.4062, Val Acc: 0.0480
Epoch [68/1000], Batch [120/201], Loss: 2.9052, Train Acc: 0.3594, Val Acc: 0.0480
Epoch [68/1000], Batch [130/201], Loss: 3.7125, Train Acc: 0.3125, Val Acc: 0.0400
Epoch [68/1000], Batch [140/201], Loss: 3.0645, Train Acc: 0.4219, Val Acc: 0.0400
Epoch [68/1000], Batch [150/201], Loss: 2.7724, Train Acc: 0.3906, Val Acc: 0.0520
Epoch [68/1000], Batch [160/201], Loss: 2.7252, Train Acc: 0.3438, Val Acc: 0.0560
Epoch [68/1000], Batch [170/201], Loss: 2.8772, Train Acc: 0.4688, Val Acc: 0.0520
Epoch [68/1000], Batch [180/201], Loss: 3.1034, Train Acc: 0.4531, Val Acc: 0.0520
Epoch [68/1000], Batch [190/201], Loss: 3.0991, Train Acc: 0.2812, Val Acc: 0.0560
Epoch [68/1000], Batch [200/201], Loss: 3.0357, Train Acc: 0.4062, Val Acc: 0.0520
Epoch [69/1000], Batch [10/201], Loss: 3.1271, Train Acc: 0.3281, Val Acc: 0.0400
Epoch [69/1000], Batch [20/201], Loss: 3.0690, Train Acc: 0.3438, Val Acc: 0.0480
Epoch [69/1000], Batch [30/201], Loss: 3.0048, Train Acc: 0.3594, Val Acc: 0.0560
Epoch [69/1000], Batch [40/201], Loss: 3.0708, Train Acc: 0.3281, Val Acc: 0.0400
Epoch [69/1000], Batch [50/201], Loss: 2.6690, Train Acc: 0.3281, Val Acc: 0.0400
Epoch [69/1000], Batch [60/201], Loss: 2.7852, Train Acc: 0.3906, Val Acc: 0.0440
Epoch [69/1000], Batch [70/201], Loss: 2.3553, Train Acc: 0.4219, Val Acc: 0.0480
Epoch [69/1000], Batch [80/201], Loss: 3.0806, Train Acc: 0.2812, Val Acc: 0.0440
Epoch [69/1000], Batch [90/201], Loss: 3.0162, Train Acc: 0.4531, Val Acc: 0.0480
Epoch [69/1000], Batch [100/201], Loss: 2.9588, Train Acc: 0.3594, Val Acc: 0.0480
Epoch [69/1000], Batch [110/201], Loss: 3.2329, Train Acc: 0.3281, Val Acc: 0.0520
Epoch [69/1000], Batch [120/201], Loss: 2.9855, Train Acc: 0.3281, Val Acc: 0.0400
Epoch [69/1000], Batch [130/201], Loss: 2.8231, Train Acc: 0.3750, Val Acc: 0.0480
Epoch [69/1000], Batch [140/201], Loss: 2.9930, Train Acc: 0.3594, Val Acc: 0.0520
Epoch [69/1000], Batch [150/201], Loss: 2.6536, Train Acc: 0.4375, Val Acc: 0.0440
Epoch [69/1000], Batch [160/201], Loss: 2.8514, Train Acc: 0.3281, Val Acc: 0.0360
Epoch [69/1000], Batch [170/201], Loss: 2.8847, Train Acc: 0.3750, Val Acc: 0.0480
Epoch [69/1000], Batch [180/201], Loss: 2.4585, Train Acc: 0.4844, Val Acc: 0.0480
Epoch [69/1000], Batch [190/201], Loss: 3.3041, Train Acc: 0.2344, Val Acc: 0.0400
Epoch [69/1000], Batch [200/201], Loss: 3.0157, Train Acc: 0.3281, Val Acc: 0.0360
Epoch [70/1000], Batch [10/201], Loss: 2.6669, Train Acc: 0.4219, Val Acc: 0.0440
Epoch [70/1000], Batch [20/201], Loss: 3.2279, Train Acc: 0.3125, Val Acc: 0.0480
Epoch [70/1000], Batch [30/201], Loss: 3.3257, Train Acc: 0.2500, Val Acc: 0.0440
Epoch [70/1000], Batch [40/201], Loss: 2.8308, Train Acc: 0.3594, Val Acc: 0.0440
Epoch [70/1000], Batch [50/201], Loss: 3.2345, Train Acc: 0.3438, Val Acc: 0.0480
Epoch [70/1000], Batch [60/201], Loss: 2.7055, Train Acc: 0.3750, Val Acc: 0.0440
Epoch [70/1000], Batch [70/201], Loss: 3.1421, Train Acc: 0.2656, Val Acc: 0.0600
Epoch [70/1000], Batch [80/201], Loss: 2.4354, Train Acc: 0.5625, Val Acc: 0.0480
Epoch [70/1000], Batch [90/201], Loss: 3.0009, Train Acc: 0.2969, Val Acc: 0.0520
Epoch [70/1000], Batch [100/201], Loss: 3.2634, Train Acc: 0.3281, Val Acc: 0.0480
Epoch [70/1000], Batch [110/201], Loss: 2.8803, Train Acc: 0.3750, Val Acc: 0.0440
Epoch [70/1000], Batch [120/201], Loss: 3.0739, Train Acc: 0.3594, Val Acc: 0.0480
Epoch [70/1000], Batch [130/201], Loss: 3.2020, Train Acc: 0.2969, Val Acc: 0.0520
Epoch [70/1000], Batch [140/201], Loss: 2.9156, Train Acc: 0.3438, Val Acc: 0.0440
Epoch [70/1000], Batch [150/201], Loss: 3.0340, Train Acc: 0.3281, Val Acc: 0.0480
Epoch [70/1000], Batch [160/201], Loss: 2.7628, Train Acc: 0.4531, Val Acc: 0.0480
Epoch [70/1000], Batch [170/201], Loss: 3.0972, Train Acc: 0.3438, Val Acc: 0.0440
Epoch [70/1000], Batch [180/201], Loss: 3.0697, Train Acc: 0.4688, Val Acc: 0.0320
Epoch [70/1000], Batch [190/201], Loss: 2.8583, Train Acc: 0.3906, Val Acc: 0.0360
Epoch [70/1000], Batch [200/201], Loss: 2.5520, Train Acc: 0.4219, Val Acc: 0.0440
Epoch [71/1000], Batch [10/201], Loss: 2.6881, Train Acc: 0.3750, Val Acc: 0.0400
Epoch [71/1000], Batch [20/201], Loss: 2.8037, Train Acc: 0.3906, Val Acc: 0.0400
Epoch [71/1000], Batch [30/201], Loss: 2.9055, Train Acc: 0.4062, Val Acc: 0.0320
Epoch [71/1000], Batch [40/201], Loss: 2.6982, Train Acc: 0.3281, Val Acc: 0.0360
Epoch [71/1000], Batch [50/201], Loss: 3.0802, Train Acc: 0.3438, Val Acc: 0.0400
Epoch [71/1000], Batch [60/201], Loss: 3.0223, Train Acc: 0.4219, Val Acc: 0.0480
Epoch [71/1000], Batch [70/201], Loss: 3.2959, Train Acc: 0.3281, Val Acc: 0.0520
Epoch [71/1000], Batch [80/201], Loss: 3.0522, Train Acc: 0.2500, Val Acc: 0.0600
Epoch [71/1000], Batch [90/201], Loss: 2.6720, Train Acc: 0.5156, Val Acc: 0.0480
Epoch [71/1000], Batch [100/201], Loss: 2.7903, Train Acc: 0.4375, Val Acc: 0.0480
Epoch [71/1000], Batch [110/201], Loss: 2.5779, Train Acc: 0.4531, Val Acc: 0.0480
Epoch [71/1000], Batch [120/201], Loss: 2.9503, Train Acc: 0.3906, Val Acc: 0.0480
Epoch [71/1000], Batch [130/201], Loss: 3.2296, Train Acc: 0.3125, Val Acc: 0.0520
Epoch [71/1000], Batch [140/201], Loss: 3.1863, Train Acc: 0.3438, Val Acc: 0.0480
Epoch [71/1000], Batch [150/201], Loss: 2.4952, Train Acc: 0.5156, Val Acc: 0.0400
Epoch [71/1000], Batch [160/201], Loss: 3.1033, Train Acc: 0.3281, Val Acc: 0.0520
Epoch [71/1000], Batch [170/201], Loss: 2.9748, Train Acc: 0.4219, Val Acc: 0.0400
Epoch [71/1000], Batch [180/201], Loss: 2.8098, Train Acc: 0.4062, Val Acc: 0.0560
Epoch [71/1000], Batch [190/201], Loss: 3.0078, Train Acc: 0.3125, Val Acc: 0.0480
Epoch [71/1000], Batch [200/201], Loss: 2.9689, Train Acc: 0.2969, Val Acc: 0.0440
Epoch [72/1000], Batch [10/201], Loss: 2.7724, Train Acc: 0.4844, Val Acc: 0.0480
Epoch [72/1000], Batch [20/201], Loss: 2.7750, Train Acc: 0.3906, Val Acc: 0.0440
Epoch [72/1000], Batch [30/201], Loss: 2.6712, Train Acc: 0.4062, Val Acc: 0.0560
Epoch [72/1000], Batch [40/201], Loss: 3.0015, Train Acc: 0.3125, Val Acc: 0.0480
Epoch [72/1000], Batch [50/201], Loss: 3.2759, Train Acc: 0.3438, Val Acc: 0.0520
Epoch [72/1000], Batch [60/201], Loss: 2.8692, Train Acc: 0.3594, Val Acc: 0.0480
Epoch [72/1000], Batch [70/201], Loss: 2.7064, Train Acc: 0.4062, Val Acc: 0.0400
Epoch [72/1000], Batch [80/201], Loss: 3.2126, Train Acc: 0.3438, Val Acc: 0.0480
Epoch [72/1000], Batch [90/201], Loss: 2.7641, Train Acc: 0.4219, Val Acc: 0.0440
Epoch [72/1000], Batch [100/201], Loss: 3.2029, Train Acc: 0.2969, Val Acc: 0.0400
Epoch [72/1000], Batch [110/201], Loss: 2.6759, Train Acc: 0.4219, Val Acc: 0.0520
Epoch [72/1000], Batch [120/201], Loss: 3.1986, Train Acc: 0.3125, Val Acc: 0.0400
Epoch [72/1000], Batch [130/201], Loss: 3.6855, Train Acc: 0.2500, Val Acc: 0.0360
Epoch [72/1000], Batch [140/201], Loss: 2.6616, Train Acc: 0.4375, Val Acc: 0.0480
Epoch [72/1000], Batch [150/201], Loss: 2.8301, Train Acc: 0.3750, Val Acc: 0.0400
Epoch [72/1000], Batch [160/201], Loss: 3.3991, Train Acc: 0.2656, Val Acc: 0.0440
Epoch [72/1000], Batch [170/201], Loss: 3.3567, Train Acc: 0.2656, Val Acc: 0.0600
Epoch [72/1000], Batch [180/201], Loss: 2.7960, Train Acc: 0.4375, Val Acc: 0.0400
Epoch [72/1000], Batch [190/201], Loss: 2.7576, Train Acc: 0.3906, Val Acc: 0.0440
Epoch [72/1000], Batch [200/201], Loss: 2.8889, Train Acc: 0.3906, Val Acc: 0.0400
Epoch [73/1000], Batch [10/201], Loss: 2.9783, Train Acc: 0.3125, Val Acc: 0.0480
Epoch [73/1000], Batch [20/201], Loss: 3.1754, Train Acc: 0.3594, Val Acc: 0.0480
Epoch [73/1000], Batch [30/201], Loss: 3.1240, Train Acc: 0.3281, Val Acc: 0.0400
Epoch [73/1000], Batch [40/201], Loss: 2.9561, Train Acc: 0.3281, Val Acc: 0.0480
Epoch [73/1000], Batch [50/201], Loss: 2.6748, Train Acc: 0.4375, Val Acc: 0.0440
Epoch [73/1000], Batch [60/201], Loss: 3.1253, Train Acc: 0.3438, Val Acc: 0.0480
Epoch [73/1000], Batch [70/201], Loss: 2.6465, Train Acc: 0.3906, Val Acc: 0.0400
Epoch [73/1000], Batch [80/201], Loss: 3.3354, Train Acc: 0.3438, Val Acc: 0.0440
Epoch [73/1000], Batch [90/201], Loss: 2.9180, Train Acc: 0.4375, Val Acc: 0.0520
Epoch [73/1000], Batch [100/201], Loss: 2.9067, Train Acc: 0.3281, Val Acc: 0.0520
Epoch [73/1000], Batch [110/201], Loss: 2.8113, Train Acc: 0.4062, Val Acc: 0.0480
Epoch [73/1000], Batch [120/201], Loss: 2.8587, Train Acc: 0.3594, Val Acc: 0.0440
Epoch [73/1000], Batch [130/201], Loss: 3.2826, Train Acc: 0.3438, Val Acc: 0.0440
Epoch [73/1000], Batch [140/201], Loss: 2.8564, Train Acc: 0.4844, Val Acc: 0.0400
Epoch [73/1000], Batch [150/201], Loss: 3.2763, Train Acc: 0.3750, Val Acc: 0.0480
Epoch [73/1000], Batch [160/201], Loss: 2.8892, Train Acc: 0.3906, Val Acc: 0.0520
Epoch [73/1000], Batch [170/201], Loss: 2.9241, Train Acc: 0.2969, Val Acc: 0.0520
Epoch [73/1000], Batch [180/201], Loss: 2.8885, Train Acc: 0.3750, Val Acc: 0.0560
Epoch [73/1000], Batch [190/201], Loss: 2.9806, Train Acc: 0.3281, Val Acc: 0.0440
Epoch [73/1000], Batch [200/201], Loss: 2.9678, Train Acc: 0.3750, Val Acc: 0.0480
Epoch [74/1000], Batch [10/201], Loss: 2.6100, Train Acc: 0.5469, Val Acc: 0.0480
Epoch [74/1000], Batch [20/201], Loss: 2.9973, Train Acc: 0.3438, Val Acc: 0.0480
Epoch [74/1000], Batch [30/201], Loss: 3.2977, Train Acc: 0.2969, Val Acc: 0.0480
Epoch [74/1000], Batch [40/201], Loss: 3.0910, Train Acc: 0.3438, Val Acc: 0.0560
Epoch [74/1000], Batch [50/201], Loss: 2.6484, Train Acc: 0.3750, Val Acc: 0.0560
Epoch [74/1000], Batch [60/201], Loss: 2.7433, Train Acc: 0.4531, Val Acc: 0.0520
Epoch [74/1000], Batch [70/201], Loss: 2.9003, Train Acc: 0.4062, Val Acc: 0.0440
Epoch [74/1000], Batch [80/201], Loss: 2.4793, Train Acc: 0.4375, Val Acc: 0.0400
Epoch [74/1000], Batch [90/201], Loss: 3.4270, Train Acc: 0.2812, Val Acc: 0.0480
Epoch [74/1000], Batch [100/201], Loss: 2.6482, Train Acc: 0.4375, Val Acc: 0.0480
Epoch [74/1000], Batch [110/201], Loss: 2.8225, Train Acc: 0.3594, Val Acc: 0.0560
Epoch [74/1000], Batch [120/201], Loss: 2.8169, Train Acc: 0.3906, Val Acc: 0.0520
Epoch [74/1000], Batch [130/201], Loss: 3.0088, Train Acc: 0.3438, Val Acc: 0.0480
Epoch [74/1000], Batch [140/201], Loss: 2.9456, Train Acc: 0.4062, Val Acc: 0.0520
Epoch [74/1000], Batch [150/201], Loss: 2.7955, Train Acc: 0.3906, Val Acc: 0.0440
Epoch [74/1000], Batch [160/201], Loss: 3.0178, Train Acc: 0.3750, Val Acc: 0.0520
Epoch [74/1000], Batch [170/201], Loss: 3.2775, Train Acc: 0.2969, Val Acc: 0.0400
Epoch [74/1000], Batch [180/201], Loss: 2.8604, Train Acc: 0.3906, Val Acc: 0.0400
Epoch [74/1000], Batch [190/201], Loss: 2.8705, Train Acc: 0.3594, Val Acc: 0.0440
Epoch [74/1000], Batch [200/201], Loss: 3.1025, Train Acc: 0.3281, Val Acc: 0.0480
Epoch [75/1000], Batch [10/201], Loss: 2.9646, Train Acc: 0.3750, Val Acc: 0.0520
Epoch [75/1000], Batch [20/201], Loss: 2.8656, Train Acc: 0.4062, Val Acc: 0.0520
Epoch [75/1000], Batch [30/201], Loss: 3.0736, Train Acc: 0.2656, Val Acc: 0.0560
Epoch [75/1000], Batch [40/201], Loss: 2.8353, Train Acc: 0.3594, Val Acc: 0.0480
Epoch [75/1000], Batch [50/201], Loss: 2.7204, Train Acc: 0.3594, Val Acc: 0.0560
Epoch [75/1000], Batch [60/201], Loss: 2.9745, Train Acc: 0.3594, Val Acc: 0.0560
Epoch [75/1000], Batch [70/201], Loss: 2.7799, Train Acc: 0.3906, Val Acc: 0.0400
Epoch [75/1000], Batch [80/201], Loss: 2.8666, Train Acc: 0.3750, Val Acc: 0.0480
Epoch [75/1000], Batch [90/201], Loss: 2.8363, Train Acc: 0.3438, Val Acc: 0.0440
Epoch [75/1000], Batch [100/201], Loss: 3.2008, Train Acc: 0.2969, Val Acc: 0.0400
Epoch [75/1000], Batch [110/201], Loss: 3.1986, Train Acc: 0.2656, Val Acc: 0.0320
Epoch [75/1000], Batch [120/201], Loss: 2.8579, Train Acc: 0.2969, Val Acc: 0.0440
Epoch [75/1000], Batch [130/201], Loss: 2.8036, Train Acc: 0.3281, Val Acc: 0.0480
Epoch [75/1000], Batch [140/201], Loss: 2.5358, Train Acc: 0.4531, Val Acc: 0.0520
Epoch [75/1000], Batch [150/201], Loss: 3.3304, Train Acc: 0.3438, Val Acc: 0.0400
Epoch [75/1000], Batch [160/201], Loss: 2.9830, Train Acc: 0.3281, Val Acc: 0.0360
Epoch [75/1000], Batch [170/201], Loss: 2.6467, Train Acc: 0.4688, Val Acc: 0.0360
Epoch [75/1000], Batch [180/201], Loss: 3.3085, Train Acc: 0.3281, Val Acc: 0.0440
Epoch [75/1000], Batch [190/201], Loss: 2.8405, Train Acc: 0.3594, Val Acc: 0.0520
Epoch [75/1000], Batch [200/201], Loss: 3.0811, Train Acc: 0.3438, Val Acc: 0.0560
Epoch [76/1000], Batch [10/201], Loss: 2.7710, Train Acc: 0.3281, Val Acc: 0.0560
Epoch [76/1000], Batch [20/201], Loss: 2.9412, Train Acc: 0.3750, Val Acc: 0.0480
Epoch [76/1000], Batch [30/201], Loss: 2.7158, Train Acc: 0.4062, Val Acc: 0.0600
Epoch [76/1000], Batch [40/201], Loss: 3.3897, Train Acc: 0.3906, Val Acc: 0.0480
Epoch [76/1000], Batch [50/201], Loss: 2.9456, Train Acc: 0.3594, Val Acc: 0.0560
Epoch [76/1000], Batch [60/201], Loss: 3.4127, Train Acc: 0.2344, Val Acc: 0.0600
Epoch [76/1000], Batch [70/201], Loss: 2.9990, Train Acc: 0.3594, Val Acc: 0.0480
Epoch [76/1000], Batch [80/201], Loss: 3.0806, Train Acc: 0.4219, Val Acc: 0.0520
Epoch [76/1000], Batch [90/201], Loss: 3.4569, Train Acc: 0.2656, Val Acc: 0.0480
Epoch [76/1000], Batch [100/201], Loss: 3.3112, Train Acc: 0.3594, Val Acc: 0.0480
Epoch [76/1000], Batch [110/201], Loss: 2.8757, Train Acc: 0.4688, Val Acc: 0.0560
Epoch [76/1000], Batch [120/201], Loss: 2.8670, Train Acc: 0.4062, Val Acc: 0.0560
Epoch [76/1000], Batch [130/201], Loss: 3.0437, Train Acc: 0.3750, Val Acc: 0.0560
Epoch [76/1000], Batch [140/201], Loss: 2.8861, Train Acc: 0.4219, Val Acc: 0.0640
Epoch [76/1000], Batch [150/201], Loss: 2.9981, Train Acc: 0.3281, Val Acc: 0.0520
Epoch [76/1000], Batch [160/201], Loss: 3.0372, Train Acc: 0.2812, Val Acc: 0.0520
Epoch [76/1000], Batch [170/201], Loss: 3.2499, Train Acc: 0.2500, Val Acc: 0.0560
Epoch [76/1000], Batch [180/201], Loss: 2.6904, Train Acc: 0.3750, Val Acc: 0.0520
Epoch [76/1000], Batch [190/201], Loss: 3.0429, Train Acc: 0.3281, Val Acc: 0.0560
Epoch [76/1000], Batch [200/201], Loss: 3.3756, Train Acc: 0.3281, Val Acc: 0.0400
Epoch [77/1000], Batch [10/201], Loss: 2.8268, Train Acc: 0.4219, Val Acc: 0.0480
Epoch [77/1000], Batch [20/201], Loss: 3.1519, Train Acc: 0.3281, Val Acc: 0.0480
Epoch [77/1000], Batch [30/201], Loss: 3.0518, Train Acc: 0.3281, Val Acc: 0.0400
Epoch [77/1000], Batch [40/201], Loss: 2.6796, Train Acc: 0.4844, Val Acc: 0.0440
Epoch [77/1000], Batch [50/201], Loss: 2.9947, Train Acc: 0.3906, Val Acc: 0.0480
Epoch [77/1000], Batch [60/201], Loss: 2.9020, Train Acc: 0.2344, Val Acc: 0.0440
Epoch [77/1000], Batch [70/201], Loss: 3.3508, Train Acc: 0.3281, Val Acc: 0.0400
Epoch [77/1000], Batch [80/201], Loss: 2.8301, Train Acc: 0.3750, Val Acc: 0.0440
Epoch [77/1000], Batch [90/201], Loss: 3.0410, Train Acc: 0.3438, Val Acc: 0.0360
Epoch [77/1000], Batch [100/201], Loss: 3.0662, Train Acc: 0.2656, Val Acc: 0.0440
Epoch [77/1000], Batch [110/201], Loss: 3.0626, Train Acc: 0.4375, Val Acc: 0.0560
Epoch [77/1000], Batch [120/201], Loss: 2.8002, Train Acc: 0.3906, Val Acc: 0.0520
Epoch [77/1000], Batch [130/201], Loss: 3.0664, Train Acc: 0.3281, Val Acc: 0.0560
Epoch [77/1000], Batch [140/201], Loss: 3.3766, Train Acc: 0.2812, Val Acc: 0.0440
Epoch [77/1000], Batch [150/201], Loss: 3.0002, Train Acc: 0.3281, Val Acc: 0.0560
Epoch [77/1000], Batch [160/201], Loss: 3.1928, Train Acc: 0.2812, Val Acc: 0.0520
Epoch [77/1000], Batch [170/201], Loss: 2.9827, Train Acc: 0.3281, Val Acc: 0.0600
Epoch [77/1000], Batch [180/201], Loss: 2.8710, Train Acc: 0.3594, Val Acc: 0.0560
Epoch [77/1000], Batch [190/201], Loss: 2.9386, Train Acc: 0.3281, Val Acc: 0.0560
Epoch [77/1000], Batch [200/201], Loss: 2.7662, Train Acc: 0.4375, Val Acc: 0.0480
Epoch [78/1000], Batch [10/201], Loss: 3.0743, Train Acc: 0.3594, Val Acc: 0.0480
Epoch [78/1000], Batch [20/201], Loss: 2.7097, Train Acc: 0.4062, Val Acc: 0.0440
Epoch [78/1000], Batch [30/201], Loss: 2.9994, Train Acc: 0.2969, Val Acc: 0.0400
Epoch [78/1000], Batch [40/201], Loss: 3.2628, Train Acc: 0.1719, Val Acc: 0.0560
Epoch [78/1000], Batch [50/201], Loss: 2.8068, Train Acc: 0.4219, Val Acc: 0.0560
Epoch [78/1000], Batch [60/201], Loss: 3.0035, Train Acc: 0.3750, Val Acc: 0.0480
Epoch [78/1000], Batch [70/201], Loss: 2.7863, Train Acc: 0.3594, Val Acc: 0.0440
Epoch [78/1000], Batch [80/201], Loss: 2.9244, Train Acc: 0.3281, Val Acc: 0.0360
Epoch [78/1000], Batch [90/201], Loss: 2.9405, Train Acc: 0.3125, Val Acc: 0.0400
Epoch [78/1000], Batch [100/201], Loss: 3.0998, Train Acc: 0.3125, Val Acc: 0.0400
Epoch [78/1000], Batch [110/201], Loss: 3.0885, Train Acc: 0.3281, Val Acc: 0.0400
Epoch [78/1000], Batch [120/201], Loss: 2.7166, Train Acc: 0.3750, Val Acc: 0.0440
Epoch [78/1000], Batch [130/201], Loss: 3.2166, Train Acc: 0.3281, Val Acc: 0.0480
Epoch [78/1000], Batch [140/201], Loss: 2.8380, Train Acc: 0.3750, Val Acc: 0.0440
Epoch [78/1000], Batch [150/201], Loss: 3.0353, Train Acc: 0.3438, Val Acc: 0.0520
Epoch [78/1000], Batch [160/201], Loss: 3.3569, Train Acc: 0.2812, Val Acc: 0.0480
Epoch [78/1000], Batch [170/201], Loss: 3.1607, Train Acc: 0.3750, Val Acc: 0.0560
Epoch [78/1000], Batch [180/201], Loss: 2.6461, Train Acc: 0.3906, Val Acc: 0.0400
Epoch [78/1000], Batch [190/201], Loss: 3.1786, Train Acc: 0.3750, Val Acc: 0.0480
Epoch [78/1000], Batch [200/201], Loss: 3.2303, Train Acc: 0.2812, Val Acc: 0.0440
Epoch [79/1000], Batch [10/201], Loss: 2.8744, Train Acc: 0.3438, Val Acc: 0.0560
Epoch [79/1000], Batch [20/201], Loss: 3.2956, Train Acc: 0.3125, Val Acc: 0.0360
Epoch [79/1000], Batch [30/201], Loss: 3.0160, Train Acc: 0.2969, Val Acc: 0.0480
Epoch [79/1000], Batch [40/201], Loss: 2.9459, Train Acc: 0.3438, Val Acc: 0.0480
Epoch [79/1000], Batch [50/201], Loss: 3.3345, Train Acc: 0.3594, Val Acc: 0.0480
Epoch [79/1000], Batch [60/201], Loss: 2.8748, Train Acc: 0.2969, Val Acc: 0.0480
Epoch [79/1000], Batch [70/201], Loss: 2.6778, Train Acc: 0.4531, Val Acc: 0.0480
Epoch [79/1000], Batch [80/201], Loss: 3.1172, Train Acc: 0.3281, Val Acc: 0.0440
Epoch [79/1000], Batch [90/201], Loss: 3.2373, Train Acc: 0.2969, Val Acc: 0.0480
Epoch [79/1000], Batch [100/201], Loss: 3.0685, Train Acc: 0.3125, Val Acc: 0.0440
Epoch [79/1000], Batch [110/201], Loss: 2.9336, Train Acc: 0.4219, Val Acc: 0.0440
Epoch [79/1000], Batch [120/201], Loss: 2.8506, Train Acc: 0.3125, Val Acc: 0.0440
Epoch [79/1000], Batch [130/201], Loss: 2.9798, Train Acc: 0.3750, Val Acc: 0.0360
Epoch [79/1000], Batch [140/201], Loss: 3.1245, Train Acc: 0.3594, Val Acc: 0.0440
Epoch [79/1000], Batch [150/201], Loss: 2.9798, Train Acc: 0.3594, Val Acc: 0.0520
Epoch [79/1000], Batch [160/201], Loss: 3.2403, Train Acc: 0.2500, Val Acc: 0.0440
Epoch [79/1000], Batch [170/201], Loss: 3.0129, Train Acc: 0.3281, Val Acc: 0.0480
Epoch [79/1000], Batch [180/201], Loss: 2.9869, Train Acc: 0.3438, Val Acc: 0.0520
Epoch [79/1000], Batch [190/201], Loss: 3.1940, Train Acc: 0.4688, Val Acc: 0.0520
Epoch [79/1000], Batch [200/201], Loss: 3.0488, Train Acc: 0.3281, Val Acc: 0.0520
Epoch [80/1000], Batch [10/201], Loss: 2.5361, Train Acc: 0.4531, Val Acc: 0.0560
Epoch [80/1000], Batch [20/201], Loss: 2.7660, Train Acc: 0.4375, Val Acc: 0.0600
Epoch [80/1000], Batch [30/201], Loss: 2.4155, Train Acc: 0.4531, Val Acc: 0.0480
Epoch [80/1000], Batch [40/201], Loss: 2.8781, Train Acc: 0.3438, Val Acc: 0.0440
Epoch [80/1000], Batch [50/201], Loss: 3.0970, Train Acc: 0.3750, Val Acc: 0.0440
Epoch [80/1000], Batch [60/201], Loss: 2.9365, Train Acc: 0.3281, Val Acc: 0.0520
Epoch [80/1000], Batch [70/201], Loss: 2.8683, Train Acc: 0.3594, Val Acc: 0.0440
Epoch [80/1000], Batch [80/201], Loss: 2.9362, Train Acc: 0.4219, Val Acc: 0.0400
Epoch [80/1000], Batch [90/201], Loss: 3.3180, Train Acc: 0.3125, Val Acc: 0.0400
Epoch [80/1000], Batch [100/201], Loss: 3.1095, Train Acc: 0.3594, Val Acc: 0.0480
Epoch [80/1000], Batch [110/201], Loss: 3.2060, Train Acc: 0.3125, Val Acc: 0.0480
Epoch [80/1000], Batch [120/201], Loss: 2.8021, Train Acc: 0.3906, Val Acc: 0.0560
Epoch [80/1000], Batch [130/201], Loss: 3.0032, Train Acc: 0.2969, Val Acc: 0.0560
Epoch [80/1000], Batch [140/201], Loss: 3.1118, Train Acc: 0.3438, Val Acc: 0.0560
Epoch [80/1000], Batch [150/201], Loss: 3.0048, Train Acc: 0.3750, Val Acc: 0.0400
Epoch [80/1000], Batch [160/201], Loss: 3.0132, Train Acc: 0.2812, Val Acc: 0.0400
Epoch [80/1000], Batch [170/201], Loss: 3.0995, Train Acc: 0.3125, Val Acc: 0.0440
Epoch [80/1000], Batch [180/201], Loss: 3.0878, Train Acc: 0.3438, Val Acc: 0.0440
Epoch [80/1000], Batch [190/201], Loss: 2.8935, Train Acc: 0.3594, Val Acc: 0.0440
Epoch [80/1000], Batch [200/201], Loss: 3.0417, Train Acc: 0.3281, Val Acc: 0.0480
Epoch [81/1000], Batch [10/201], Loss: 2.9593, Train Acc: 0.3594, Val Acc: 0.0400
Epoch [81/1000], Batch [20/201], Loss: 2.8234, Train Acc: 0.4219, Val Acc: 0.0440
Epoch [81/1000], Batch [30/201], Loss: 2.9920, Train Acc: 0.3750, Val Acc: 0.0480
Epoch [81/1000], Batch [40/201], Loss: 2.8096, Train Acc: 0.4375, Val Acc: 0.0480
Epoch [81/1000], Batch [50/201], Loss: 2.9753, Train Acc: 0.3594, Val Acc: 0.0520
Epoch [81/1000], Batch [60/201], Loss: 3.0265, Train Acc: 0.3438, Val Acc: 0.0560
Epoch [81/1000], Batch [70/201], Loss: 2.9510, Train Acc: 0.3750, Val Acc: 0.0480
Epoch [81/1000], Batch [80/201], Loss: 3.2381, Train Acc: 0.2656, Val Acc: 0.0480
Epoch [81/1000], Batch [90/201], Loss: 2.6988, Train Acc: 0.4531, Val Acc: 0.0560
Epoch [81/1000], Batch [100/201], Loss: 2.8886, Train Acc: 0.4531, Val Acc: 0.0480
Epoch [81/1000], Batch [110/201], Loss: 2.8681, Train Acc: 0.3906, Val Acc: 0.0560
Epoch [81/1000], Batch [120/201], Loss: 2.8672, Train Acc: 0.3125, Val Acc: 0.0520
Epoch [81/1000], Batch [130/201], Loss: 2.9221, Train Acc: 0.3281, Val Acc: 0.0480
Epoch [81/1000], Batch [140/201], Loss: 3.0461, Train Acc: 0.2500, Val Acc: 0.0480
Epoch [81/1000], Batch [150/201], Loss: 3.2869, Train Acc: 0.2656, Val Acc: 0.0520
Epoch [81/1000], Batch [160/201], Loss: 3.1149, Train Acc: 0.2656, Val Acc: 0.0480
Epoch [81/1000], Batch [170/201], Loss: 3.3758, Train Acc: 0.2188, Val Acc: 0.0520
Epoch [81/1000], Batch [180/201], Loss: 3.3464, Train Acc: 0.2812, Val Acc: 0.0520
Epoch [81/1000], Batch [190/201], Loss: 2.8510, Train Acc: 0.4375, Val Acc: 0.0560
Epoch [81/1000], Batch [200/201], Loss: 3.0000, Train Acc: 0.3438, Val Acc: 0.0400
Epoch [82/1000], Batch [10/201], Loss: 2.9659, Train Acc: 0.3906, Val Acc: 0.0440
Epoch [82/1000], Batch [20/201], Loss: 3.3226, Train Acc: 0.2812, Val Acc: 0.0360
Epoch [82/1000], Batch [30/201], Loss: 2.9228, Train Acc: 0.3750, Val Acc: 0.0400
Epoch [82/1000], Batch [40/201], Loss: 2.6635, Train Acc: 0.4688, Val Acc: 0.0480
Epoch [82/1000], Batch [50/201], Loss: 3.4598, Train Acc: 0.2500, Val Acc: 0.0560
Epoch [82/1000], Batch [60/201], Loss: 2.9889, Train Acc: 0.3594, Val Acc: 0.0440
Epoch [82/1000], Batch [70/201], Loss: 2.7509, Train Acc: 0.4062, Val Acc: 0.0480
Epoch [82/1000], Batch [80/201], Loss: 2.9605, Train Acc: 0.3438, Val Acc: 0.0560
Epoch [82/1000], Batch [90/201], Loss: 2.8445, Train Acc: 0.3281, Val Acc: 0.0480
Epoch [82/1000], Batch [100/201], Loss: 3.6319, Train Acc: 0.2656, Val Acc: 0.0560
Epoch [82/1000], Batch [110/201], Loss: 3.0080, Train Acc: 0.3125, Val Acc: 0.0480
Epoch [82/1000], Batch [120/201], Loss: 3.2727, Train Acc: 0.2969, Val Acc: 0.0480
Epoch [82/1000], Batch [130/201], Loss: 3.0965, Train Acc: 0.3281, Val Acc: 0.0480
Epoch [82/1000], Batch [140/201], Loss: 2.8542, Train Acc: 0.3594, Val Acc: 0.0480
Epoch [82/1000], Batch [150/201], Loss: 2.2126, Train Acc: 0.5000, Val Acc: 0.0520
Epoch [82/1000], Batch [160/201], Loss: 2.9904, Train Acc: 0.3438, Val Acc: 0.0480
Epoch [82/1000], Batch [170/201], Loss: 2.9031, Train Acc: 0.4062, Val Acc: 0.0400
Epoch [82/1000], Batch [180/201], Loss: 3.0430, Train Acc: 0.3594, Val Acc: 0.0400
Epoch [82/1000], Batch [190/201], Loss: 2.9708, Train Acc: 0.4062, Val Acc: 0.0440
Epoch [82/1000], Batch [200/201], Loss: 2.7842, Train Acc: 0.3594, Val Acc: 0.0480
Epoch [83/1000], Batch [10/201], Loss: 2.6088, Train Acc: 0.4375, Val Acc: 0.0440
Epoch [83/1000], Batch [20/201], Loss: 2.9264, Train Acc: 0.3594, Val Acc: 0.0560
Epoch [83/1000], Batch [30/201], Loss: 2.9184, Train Acc: 0.4531, Val Acc: 0.0520
Epoch [83/1000], Batch [40/201], Loss: 2.8268, Train Acc: 0.4688, Val Acc: 0.0480
Epoch [83/1000], Batch [50/201], Loss: 2.3443, Train Acc: 0.5156, Val Acc: 0.0480
Epoch [83/1000], Batch [60/201], Loss: 3.0271, Train Acc: 0.3438, Val Acc: 0.0520
Epoch [83/1000], Batch [70/201], Loss: 3.3184, Train Acc: 0.3438, Val Acc: 0.0480
Epoch [83/1000], Batch [80/201], Loss: 3.3134, Train Acc: 0.2969, Val Acc: 0.0440
Epoch [83/1000], Batch [90/201], Loss: 3.1884, Train Acc: 0.2812, Val Acc: 0.0480
Epoch [83/1000], Batch [100/201], Loss: 2.7787, Train Acc: 0.4062, Val Acc: 0.0480
Epoch [83/1000], Batch [110/201], Loss: 2.9183, Train Acc: 0.3750, Val Acc: 0.0440
Epoch [83/1000], Batch [120/201], Loss: 3.1736, Train Acc: 0.3125, Val Acc: 0.0560
Epoch [83/1000], Batch [130/201], Loss: 3.1057, Train Acc: 0.3438, Val Acc: 0.0440
Epoch [83/1000], Batch [140/201], Loss: 3.1864, Train Acc: 0.2812, Val Acc: 0.0560
Epoch [83/1000], Batch [150/201], Loss: 3.1756, Train Acc: 0.2969, Val Acc: 0.0560
Epoch [83/1000], Batch [160/201], Loss: 2.9578, Train Acc: 0.3438, Val Acc: 0.0600
Epoch [83/1000], Batch [170/201], Loss: 2.8647, Train Acc: 0.3750, Val Acc: 0.0520
Epoch [83/1000], Batch [180/201], Loss: 2.8276, Train Acc: 0.3750, Val Acc: 0.0480
Epoch [83/1000], Batch [190/201], Loss: 3.0700, Train Acc: 0.3906, Val Acc: 0.0440
Epoch [83/1000], Batch [200/201], Loss: 3.3514, Train Acc: 0.2812, Val Acc: 0.0600
Epoch [84/1000], Batch [10/201], Loss: 2.7508, Train Acc: 0.3750, Val Acc: 0.0480
Epoch [84/1000], Batch [20/201], Loss: 3.1827, Train Acc: 0.3281, Val Acc: 0.0440
Epoch [84/1000], Batch [30/201], Loss: 3.1161, Train Acc: 0.3906, Val Acc: 0.0480
Epoch [84/1000], Batch [40/201], Loss: 2.8560, Train Acc: 0.4062, Val Acc: 0.0520
Epoch [84/1000], Batch [50/201], Loss: 3.3585, Train Acc: 0.2500, Val Acc: 0.0520
Epoch [84/1000], Batch [60/201], Loss: 2.8563, Train Acc: 0.3438, Val Acc: 0.0440
Epoch [84/1000], Batch [70/201], Loss: 2.9709, Train Acc: 0.3906, Val Acc: 0.0520
Epoch [84/1000], Batch [80/201], Loss: 3.0070, Train Acc: 0.3125, Val Acc: 0.0480
Epoch [84/1000], Batch [90/201], Loss: 2.4386, Train Acc: 0.4844, Val Acc: 0.0520
Epoch [84/1000], Batch [100/201], Loss: 2.5734, Train Acc: 0.4375, Val Acc: 0.0560
Epoch [84/1000], Batch [110/201], Loss: 2.7717, Train Acc: 0.3438, Val Acc: 0.0480
Epoch [84/1000], Batch [120/201], Loss: 3.3038, Train Acc: 0.3594, Val Acc: 0.0440
Epoch [84/1000], Batch [130/201], Loss: 3.0879, Train Acc: 0.3281, Val Acc: 0.0520
Epoch [84/1000], Batch [140/201], Loss: 3.0955, Train Acc: 0.3594, Val Acc: 0.0480
Epoch [84/1000], Batch [150/201], Loss: 2.9559, Train Acc: 0.3125, Val Acc: 0.0560
Epoch [84/1000], Batch [160/201], Loss: 2.8189, Train Acc: 0.3125, Val Acc: 0.0560
Epoch [84/1000], Batch [170/201], Loss: 2.8773, Train Acc: 0.3906, Val Acc: 0.0480
Epoch [84/1000], Batch [180/201], Loss: 2.9445, Train Acc: 0.3906, Val Acc: 0.0560
Epoch [84/1000], Batch [190/201], Loss: 2.6404, Train Acc: 0.3906, Val Acc: 0.0520
Epoch [84/1000], Batch [200/201], Loss: 3.0910, Train Acc: 0.3281, Val Acc: 0.0440
Epoch [85/1000], Batch [10/201], Loss: 3.0212, Train Acc: 0.3125, Val Acc: 0.0440
Epoch [85/1000], Batch [20/201], Loss: 2.8530, Train Acc: 0.3438, Val Acc: 0.0520
Epoch [85/1000], Batch [30/201], Loss: 2.7142, Train Acc: 0.3906, Val Acc: 0.0520
Epoch [85/1000], Batch [40/201], Loss: 2.8090, Train Acc: 0.3906, Val Acc: 0.0560
Epoch [85/1000], Batch [50/201], Loss: 3.0393, Train Acc: 0.3125, Val Acc: 0.0560
Epoch [85/1000], Batch [60/201], Loss: 3.2398, Train Acc: 0.3438, Val Acc: 0.0520
Epoch [85/1000], Batch [70/201], Loss: 3.2723, Train Acc: 0.3750, Val Acc: 0.0480
Epoch [85/1000], Batch [80/201], Loss: 2.4615, Train Acc: 0.4688, Val Acc: 0.0440
Epoch [85/1000], Batch [90/201], Loss: 3.0283, Train Acc: 0.2500, Val Acc: 0.0400
Epoch [85/1000], Batch [100/201], Loss: 3.0534, Train Acc: 0.4062, Val Acc: 0.0400
Epoch [85/1000], Batch [110/201], Loss: 2.6668, Train Acc: 0.4219, Val Acc: 0.0560
Epoch [85/1000], Batch [120/201], Loss: 2.8925, Train Acc: 0.3750, Val Acc: 0.0480
Epoch [85/1000], Batch [130/201], Loss: 2.8388, Train Acc: 0.2969, Val Acc: 0.0440
Epoch [85/1000], Batch [140/201], Loss: 2.9050, Train Acc: 0.4062, Val Acc: 0.0440
Epoch [85/1000], Batch [150/201], Loss: 3.3025, Train Acc: 0.2500, Val Acc: 0.0440
Epoch [85/1000], Batch [160/201], Loss: 3.3107, Train Acc: 0.2969, Val Acc: 0.0360
Epoch [85/1000], Batch [170/201], Loss: 2.9054, Train Acc: 0.3906, Val Acc: 0.0480
Epoch [85/1000], Batch [180/201], Loss: 3.2568, Train Acc: 0.2188, Val Acc: 0.0440
Epoch [85/1000], Batch [190/201], Loss: 2.5035, Train Acc: 0.3594, Val Acc: 0.0520
Epoch [85/1000], Batch [200/201], Loss: 2.4805, Train Acc: 0.4375, Val Acc: 0.0440
Epoch [86/1000], Batch [10/201], Loss: 2.7605, Train Acc: 0.3438, Val Acc: 0.0560
Epoch [86/1000], Batch [20/201], Loss: 2.9376, Train Acc: 0.4219, Val Acc: 0.0480
Epoch [86/1000], Batch [30/201], Loss: 3.0679, Train Acc: 0.3594, Val Acc: 0.0600
Epoch [86/1000], Batch [40/201], Loss: 2.9333, Train Acc: 0.2969, Val Acc: 0.0440
Epoch [86/1000], Batch [50/201], Loss: 2.9879, Train Acc: 0.3125, Val Acc: 0.0400
Epoch [86/1000], Batch [60/201], Loss: 3.1373, Train Acc: 0.3125, Val Acc: 0.0400
Epoch [86/1000], Batch [70/201], Loss: 3.4976, Train Acc: 0.2188, Val Acc: 0.0440
Epoch [86/1000], Batch [80/201], Loss: 2.5359, Train Acc: 0.3750, Val Acc: 0.0480
Epoch [86/1000], Batch [90/201], Loss: 3.0528, Train Acc: 0.3281, Val Acc: 0.0560
Epoch [86/1000], Batch [100/201], Loss: 2.7121, Train Acc: 0.4219, Val Acc: 0.0520
Epoch [86/1000], Batch [110/201], Loss: 2.6657, Train Acc: 0.3906, Val Acc: 0.0520
Epoch [86/1000], Batch [120/201], Loss: 2.8383, Train Acc: 0.3594, Val Acc: 0.0480
Epoch [86/1000], Batch [130/201], Loss: 3.0765, Train Acc: 0.3594, Val Acc: 0.0520
Epoch [86/1000], Batch [140/201], Loss: 2.9778, Train Acc: 0.3750, Val Acc: 0.0480
Epoch [86/1000], Batch [150/201], Loss: 2.8141, Train Acc: 0.4844, Val Acc: 0.0480
Epoch [86/1000], Batch [160/201], Loss: 3.3053, Train Acc: 0.2188, Val Acc: 0.0440
Epoch [86/1000], Batch [170/201], Loss: 2.8553, Train Acc: 0.3594, Val Acc: 0.0480
Epoch [86/1000], Batch [180/201], Loss: 2.9901, Train Acc: 0.2969, Val Acc: 0.0480
Epoch [86/1000], Batch [190/201], Loss: 2.8422, Train Acc: 0.4375, Val Acc: 0.0480
Epoch [86/1000], Batch [200/201], Loss: 2.6127, Train Acc: 0.4688, Val Acc: 0.0440
Epoch [87/1000], Batch [10/201], Loss: 3.3266, Train Acc: 0.3750, Val Acc: 0.0520
Epoch [87/1000], Batch [20/201], Loss: 3.0204, Train Acc: 0.4531, Val Acc: 0.0520
Epoch [87/1000], Batch [30/201], Loss: 2.7327, Train Acc: 0.3750, Val Acc: 0.0480
Epoch [87/1000], Batch [40/201], Loss: 2.9999, Train Acc: 0.3906, Val Acc: 0.0480
Epoch [87/1000], Batch [50/201], Loss: 3.0216, Train Acc: 0.4062, Val Acc: 0.0480
Epoch [87/1000], Batch [60/201], Loss: 2.6410, Train Acc: 0.3281, Val Acc: 0.0440
Epoch [87/1000], Batch [70/201], Loss: 3.0894, Train Acc: 0.2812, Val Acc: 0.0440
Epoch [87/1000], Batch [80/201], Loss: 2.8985, Train Acc: 0.4062, Val Acc: 0.0480
Epoch [87/1000], Batch [90/201], Loss: 3.2774, Train Acc: 0.3281, Val Acc: 0.0440
Epoch [87/1000], Batch [100/201], Loss: 2.7744, Train Acc: 0.4219, Val Acc: 0.0400
Epoch [87/1000], Batch [110/201], Loss: 3.1695, Train Acc: 0.2969, Val Acc: 0.0480
Epoch [87/1000], Batch [120/201], Loss: 2.7658, Train Acc: 0.3750, Val Acc: 0.0520
Epoch [87/1000], Batch [130/201], Loss: 2.8110, Train Acc: 0.4531, Val Acc: 0.0520
Epoch [87/1000], Batch [140/201], Loss: 2.7049, Train Acc: 0.4375, Val Acc: 0.0440
Epoch [87/1000], Batch [150/201], Loss: 2.9339, Train Acc: 0.3594, Val Acc: 0.0440
Epoch [87/1000], Batch [160/201], Loss: 3.0539, Train Acc: 0.2812, Val Acc: 0.0520
Epoch [87/1000], Batch [170/201], Loss: 2.8993, Train Acc: 0.3438, Val Acc: 0.0440
Epoch [87/1000], Batch [180/201], Loss: 2.9921, Train Acc: 0.2969, Val Acc: 0.0520
Epoch [87/1000], Batch [190/201], Loss: 2.9492, Train Acc: 0.4062, Val Acc: 0.0480
Epoch [87/1000], Batch [200/201], Loss: 2.8585, Train Acc: 0.4219, Val Acc: 0.0480
Epoch [88/1000], Batch [10/201], Loss: 2.8374, Train Acc: 0.3125, Val Acc: 0.0480
Epoch [88/1000], Batch [20/201], Loss: 2.5769, Train Acc: 0.5000, Val Acc: 0.0560
Epoch [88/1000], Batch [30/201], Loss: 2.8204, Train Acc: 0.3906, Val Acc: 0.0520
Epoch [88/1000], Batch [40/201], Loss: 2.7645, Train Acc: 0.5000, Val Acc: 0.0560
Epoch [88/1000], Batch [50/201], Loss: 2.6180, Train Acc: 0.4844, Val Acc: 0.0560
Epoch [88/1000], Batch [60/201], Loss: 3.1421, Train Acc: 0.3438, Val Acc: 0.0520
Epoch [88/1000], Batch [70/201], Loss: 3.1169, Train Acc: 0.3594, Val Acc: 0.0480
Epoch [88/1000], Batch [80/201], Loss: 2.7251, Train Acc: 0.4062, Val Acc: 0.0520
Epoch [88/1000], Batch [90/201], Loss: 3.2152, Train Acc: 0.2969, Val Acc: 0.0440
Epoch [88/1000], Batch [100/201], Loss: 2.6771, Train Acc: 0.3750, Val Acc: 0.0480
Epoch [88/1000], Batch [110/201], Loss: 2.8409, Train Acc: 0.2969, Val Acc: 0.0440
Epoch [88/1000], Batch [120/201], Loss: 2.7890, Train Acc: 0.4688, Val Acc: 0.0400
Epoch [88/1000], Batch [130/201], Loss: 3.2870, Train Acc: 0.2500, Val Acc: 0.0440
Epoch [88/1000], Batch [140/201], Loss: 3.1221, Train Acc: 0.3125, Val Acc: 0.0480
Epoch [88/1000], Batch [150/201], Loss: 2.9898, Train Acc: 0.3750, Val Acc: 0.0520
Epoch [88/1000], Batch [160/201], Loss: 3.1735, Train Acc: 0.3594, Val Acc: 0.0520
Epoch [88/1000], Batch [170/201], Loss: 3.3612, Train Acc: 0.2812, Val Acc: 0.0520
Epoch [88/1000], Batch [180/201], Loss: 3.1201, Train Acc: 0.3594, Val Acc: 0.0520
Epoch [88/1000], Batch [190/201], Loss: 2.8105, Train Acc: 0.3281, Val Acc: 0.0440
Epoch [88/1000], Batch [200/201], Loss: 2.9015, Train Acc: 0.3594, Val Acc: 0.0480
Epoch [89/1000], Batch [10/201], Loss: 2.7702, Train Acc: 0.3750, Val Acc: 0.0480
Epoch [89/1000], Batch [20/201], Loss: 2.9126, Train Acc: 0.4375, Val Acc: 0.0480
Epoch [89/1000], Batch [30/201], Loss: 2.7987, Train Acc: 0.3594, Val Acc: 0.0600
Epoch [89/1000], Batch [40/201], Loss: 3.1250, Train Acc: 0.2812, Val Acc: 0.0480
Epoch [89/1000], Batch [50/201], Loss: 3.1055, Train Acc: 0.3281, Val Acc: 0.0440
Epoch [89/1000], Batch [60/201], Loss: 2.9023, Train Acc: 0.3594, Val Acc: 0.0440
Epoch [89/1000], Batch [70/201], Loss: 2.8720, Train Acc: 0.3594, Val Acc: 0.0560
Epoch [89/1000], Batch [80/201], Loss: 2.6920, Train Acc: 0.4219, Val Acc: 0.0520
Epoch [89/1000], Batch [90/201], Loss: 3.2059, Train Acc: 0.2344, Val Acc: 0.0360
Epoch [89/1000], Batch [100/201], Loss: 2.7749, Train Acc: 0.2969, Val Acc: 0.0440
Epoch [89/1000], Batch [110/201], Loss: 2.8666, Train Acc: 0.3750, Val Acc: 0.0520
Epoch [89/1000], Batch [120/201], Loss: 3.3417, Train Acc: 0.2812, Val Acc: 0.0560
Epoch [89/1000], Batch [130/201], Loss: 3.0395, Train Acc: 0.3594, Val Acc: 0.0440
Epoch [89/1000], Batch [140/201], Loss: 2.9264, Train Acc: 0.3594, Val Acc: 0.0520
Epoch [89/1000], Batch [150/201], Loss: 2.8890, Train Acc: 0.4062, Val Acc: 0.0560
Epoch [89/1000], Batch [160/201], Loss: 2.9140, Train Acc: 0.4062, Val Acc: 0.0480
Epoch [89/1000], Batch [170/201], Loss: 2.6692, Train Acc: 0.4219, Val Acc: 0.0560
Epoch [89/1000], Batch [180/201], Loss: 3.1106, Train Acc: 0.3594, Val Acc: 0.0520
Epoch [89/1000], Batch [190/201], Loss: 2.8841, Train Acc: 0.3281, Val Acc: 0.0400
Epoch [89/1000], Batch [200/201], Loss: 2.8688, Train Acc: 0.3594, Val Acc: 0.0440
Epoch [90/1000], Batch [10/201], Loss: 2.7428, Train Acc: 0.4062, Val Acc: 0.0440
Epoch [90/1000], Batch [20/201], Loss: 2.6611, Train Acc: 0.4531, Val Acc: 0.0520
Epoch [90/1000], Batch [30/201], Loss: 3.2235, Train Acc: 0.3125, Val Acc: 0.0480
Epoch [90/1000], Batch [40/201], Loss: 2.6630, Train Acc: 0.3906, Val Acc: 0.0480
Epoch [90/1000], Batch [50/201], Loss: 2.4446, Train Acc: 0.3125, Val Acc: 0.0520
Epoch [90/1000], Batch [60/201], Loss: 3.0956, Train Acc: 0.3281, Val Acc: 0.0520
Epoch [90/1000], Batch [70/201], Loss: 2.8870, Train Acc: 0.3750, Val Acc: 0.0480
Epoch [90/1000], Batch [80/201], Loss: 2.8128, Train Acc: 0.3125, Val Acc: 0.0440
Epoch [90/1000], Batch [90/201], Loss: 2.5035, Train Acc: 0.4531, Val Acc: 0.0480
Epoch [90/1000], Batch [100/201], Loss: 2.6950, Train Acc: 0.4375, Val Acc: 0.0480
Epoch [90/1000], Batch [110/201], Loss: 2.9840, Train Acc: 0.3281, Val Acc: 0.0480
Epoch [90/1000], Batch [120/201], Loss: 2.8970, Train Acc: 0.3438, Val Acc: 0.0480
Epoch [90/1000], Batch [130/201], Loss: 2.3287, Train Acc: 0.4844, Val Acc: 0.0440
Epoch [90/1000], Batch [140/201], Loss: 3.0851, Train Acc: 0.3125, Val Acc: 0.0560
Epoch [90/1000], Batch [150/201], Loss: 2.8236, Train Acc: 0.4219, Val Acc: 0.0480
Epoch [90/1000], Batch [160/201], Loss: 3.0271, Train Acc: 0.3281, Val Acc: 0.0480
Epoch [90/1000], Batch [170/201], Loss: 2.7569, Train Acc: 0.4062, Val Acc: 0.0520
Epoch [90/1000], Batch [180/201], Loss: 3.0326, Train Acc: 0.3906, Val Acc: 0.0480
Epoch [90/1000], Batch [190/201], Loss: 2.9459, Train Acc: 0.3906, Val Acc: 0.0480
Epoch [90/1000], Batch [200/201], Loss: 3.3824, Train Acc: 0.3438, Val Acc: 0.0520
Epoch [91/1000], Batch [10/201], Loss: 2.6635, Train Acc: 0.5156, Val Acc: 0.0400
Epoch [91/1000], Batch [20/201], Loss: 3.2383, Train Acc: 0.2188, Val Acc: 0.0480
Epoch [91/1000], Batch [30/201], Loss: 3.1078, Train Acc: 0.2656, Val Acc: 0.0440
Epoch [91/1000], Batch [40/201], Loss: 2.9918, Train Acc: 0.3125, Val Acc: 0.0440
Epoch [91/1000], Batch [50/201], Loss: 2.8107, Train Acc: 0.3750, Val Acc: 0.0520
Epoch [91/1000], Batch [60/201], Loss: 2.5455, Train Acc: 0.4219, Val Acc: 0.0480
Epoch [91/1000], Batch [70/201], Loss: 2.9478, Train Acc: 0.3750, Val Acc: 0.0560
Epoch [91/1000], Batch [80/201], Loss: 2.6430, Train Acc: 0.3906, Val Acc: 0.0520
Epoch [91/1000], Batch [90/201], Loss: 3.3258, Train Acc: 0.3125, Val Acc: 0.0480
Epoch [91/1000], Batch [100/201], Loss: 3.1891, Train Acc: 0.2969, Val Acc: 0.0440
Epoch [91/1000], Batch [110/201], Loss: 2.7235, Train Acc: 0.3750, Val Acc: 0.0400
Epoch [91/1000], Batch [120/201], Loss: 3.2115, Train Acc: 0.2969, Val Acc: 0.0360
Epoch [91/1000], Batch [130/201], Loss: 3.3458, Train Acc: 0.2500, Val Acc: 0.0560
Epoch [91/1000], Batch [140/201], Loss: 3.0766, Train Acc: 0.3281, Val Acc: 0.0520
Epoch [91/1000], Batch [150/201], Loss: 3.2246, Train Acc: 0.2969, Val Acc: 0.0560
Epoch [91/1000], Batch [160/201], Loss: 3.4932, Train Acc: 0.2031, Val Acc: 0.0520
Epoch [91/1000], Batch [170/201], Loss: 2.4778, Train Acc: 0.4688, Val Acc: 0.0440
Epoch [91/1000], Batch [180/201], Loss: 3.0038, Train Acc: 0.3594, Val Acc: 0.0400
Epoch [91/1000], Batch [190/201], Loss: 2.8369, Train Acc: 0.4219, Val Acc: 0.0440
Epoch [91/1000], Batch [200/201], Loss: 2.3175, Train Acc: 0.5312, Val Acc: 0.0440
Epoch [92/1000], Batch [10/201], Loss: 3.0140, Train Acc: 0.3438, Val Acc: 0.0440
Epoch [92/1000], Batch [20/201], Loss: 2.4961, Train Acc: 0.4375, Val Acc: 0.0440
Epoch [92/1000], Batch [30/201], Loss: 3.3813, Train Acc: 0.2969, Val Acc: 0.0400
Epoch [92/1000], Batch [40/201], Loss: 2.7768, Train Acc: 0.4062, Val Acc: 0.0480
Epoch [92/1000], Batch [50/201], Loss: 3.0591, Train Acc: 0.3594, Val Acc: 0.0400
Epoch [92/1000], Batch [60/201], Loss: 3.0226, Train Acc: 0.3281, Val Acc: 0.0480
Epoch [92/1000], Batch [70/201], Loss: 3.4315, Train Acc: 0.2969, Val Acc: 0.0520
Epoch [92/1000], Batch [80/201], Loss: 2.9290, Train Acc: 0.3906, Val Acc: 0.0480
Epoch [92/1000], Batch [90/201], Loss: 2.6633, Train Acc: 0.3594, Val Acc: 0.0600
Epoch [92/1000], Batch [100/201], Loss: 2.8283, Train Acc: 0.3438, Val Acc: 0.0560
Epoch [92/1000], Batch [110/201], Loss: 3.0549, Train Acc: 0.3281, Val Acc: 0.0400
Epoch [92/1000], Batch [120/201], Loss: 3.0403, Train Acc: 0.3750, Val Acc: 0.0400
Epoch [92/1000], Batch [130/201], Loss: 3.0262, Train Acc: 0.3750, Val Acc: 0.0360
Epoch [92/1000], Batch [140/201], Loss: 3.1299, Train Acc: 0.3125, Val Acc: 0.0520
Epoch [92/1000], Batch [150/201], Loss: 3.3227, Train Acc: 0.2812, Val Acc: 0.0480
Epoch [92/1000], Batch [160/201], Loss: 3.2561, Train Acc: 0.2969, Val Acc: 0.0520
Epoch [92/1000], Batch [170/201], Loss: 2.7506, Train Acc: 0.3750, Val Acc: 0.0520
Epoch [92/1000], Batch [180/201], Loss: 2.7948, Train Acc: 0.3594, Val Acc: 0.0480
Epoch [92/1000], Batch [190/201], Loss: 2.7723, Train Acc: 0.3906, Val Acc: 0.0520
Epoch [92/1000], Batch [200/201], Loss: 3.1752, Train Acc: 0.3125, Val Acc: 0.0600
Epoch [93/1000], Batch [10/201], Loss: 3.2876, Train Acc: 0.2969, Val Acc: 0.0560
Epoch [93/1000], Batch [20/201], Loss: 2.6117, Train Acc: 0.3438, Val Acc: 0.0520
Epoch [93/1000], Batch [30/201], Loss: 3.1197, Train Acc: 0.3438, Val Acc: 0.0520
Epoch [93/1000], Batch [40/201], Loss: 3.2137, Train Acc: 0.2969, Val Acc: 0.0440
Epoch [93/1000], Batch [50/201], Loss: 2.9694, Train Acc: 0.3281, Val Acc: 0.0520
Epoch [93/1000], Batch [60/201], Loss: 3.0396, Train Acc: 0.3594, Val Acc: 0.0400
Epoch [93/1000], Batch [70/201], Loss: 3.0943, Train Acc: 0.3438, Val Acc: 0.0360
Epoch [93/1000], Batch [80/201], Loss: 2.7373, Train Acc: 0.3594, Val Acc: 0.0520
Epoch [93/1000], Batch [90/201], Loss: 2.7508, Train Acc: 0.3438, Val Acc: 0.0440
Epoch [93/1000], Batch [100/201], Loss: 2.5605, Train Acc: 0.5000, Val Acc: 0.0520
Epoch [93/1000], Batch [110/201], Loss: 2.7399, Train Acc: 0.4375, Val Acc: 0.0480
Epoch [93/1000], Batch [120/201], Loss: 3.1327, Train Acc: 0.3438, Val Acc: 0.0360
Epoch [93/1000], Batch [130/201], Loss: 2.8595, Train Acc: 0.5000, Val Acc: 0.0480
Epoch [93/1000], Batch [140/201], Loss: 2.7257, Train Acc: 0.4531, Val Acc: 0.0480
Epoch [93/1000], Batch [150/201], Loss: 3.0486, Train Acc: 0.3594, Val Acc: 0.0520
Epoch [93/1000], Batch [160/201], Loss: 3.2116, Train Acc: 0.2812, Val Acc: 0.0520
Epoch [93/1000], Batch [170/201], Loss: 3.0396, Train Acc: 0.3438, Val Acc: 0.0440
Epoch [93/1000], Batch [180/201], Loss: 3.0955, Train Acc: 0.3438, Val Acc: 0.0520
Epoch [93/1000], Batch [190/201], Loss: 2.7918, Train Acc: 0.4375, Val Acc: 0.0560
Epoch [93/1000], Batch [200/201], Loss: 2.8291, Train Acc: 0.4219, Val Acc: 0.0560
Epoch [94/1000], Batch [10/201], Loss: 2.8212, Train Acc: 0.3906, Val Acc: 0.0560
Epoch [94/1000], Batch [20/201], Loss: 3.1340, Train Acc: 0.3438, Val Acc: 0.0520
Epoch [94/1000], Batch [30/201], Loss: 2.7891, Train Acc: 0.3750, Val Acc: 0.0520
Epoch [94/1000], Batch [40/201], Loss: 3.1040, Train Acc: 0.3438, Val Acc: 0.0400
Epoch [94/1000], Batch [50/201], Loss: 2.6540, Train Acc: 0.4688, Val Acc: 0.0520
Epoch [94/1000], Batch [60/201], Loss: 3.0301, Train Acc: 0.3125, Val Acc: 0.0520
Epoch [94/1000], Batch [70/201], Loss: 3.1367, Train Acc: 0.3125, Val Acc: 0.0520
Epoch [94/1000], Batch [80/201], Loss: 2.8558, Train Acc: 0.3750, Val Acc: 0.0480
Epoch [94/1000], Batch [90/201], Loss: 3.3432, Train Acc: 0.3125, Val Acc: 0.0480
Epoch [94/1000], Batch [100/201], Loss: 3.1761, Train Acc: 0.2656, Val Acc: 0.0520
Epoch [94/1000], Batch [110/201], Loss: 3.1083, Train Acc: 0.4062, Val Acc: 0.0440
Epoch [94/1000], Batch [120/201], Loss: 2.9488, Train Acc: 0.4219, Val Acc: 0.0520
Epoch [94/1000], Batch [130/201], Loss: 2.8570, Train Acc: 0.3281, Val Acc: 0.0560
Epoch [94/1000], Batch [140/201], Loss: 3.0716, Train Acc: 0.2969, Val Acc: 0.0480
Epoch [94/1000], Batch [150/201], Loss: 3.1172, Train Acc: 0.3125, Val Acc: 0.0560
Epoch [94/1000], Batch [160/201], Loss: 2.9177, Train Acc: 0.2656, Val Acc: 0.0480
Epoch [94/1000], Batch [170/201], Loss: 3.2509, Train Acc: 0.3438, Val Acc: 0.0560
Epoch [94/1000], Batch [180/201], Loss: 2.9726, Train Acc: 0.2656, Val Acc: 0.0480
Epoch [94/1000], Batch [190/201], Loss: 2.7377, Train Acc: 0.3906, Val Acc: 0.0600
Epoch [94/1000], Batch [200/201], Loss: 2.9361, Train Acc: 0.4219, Val Acc: 0.0520
Epoch [95/1000], Batch [10/201], Loss: 2.6673, Train Acc: 0.5156, Val Acc: 0.0520
Epoch [95/1000], Batch [20/201], Loss: 2.7862, Train Acc: 0.4062, Val Acc: 0.0480
Epoch [95/1000], Batch [30/201], Loss: 2.9615, Train Acc: 0.2969, Val Acc: 0.0480
Epoch [95/1000], Batch [40/201], Loss: 3.5943, Train Acc: 0.2500, Val Acc: 0.0440
Epoch [95/1000], Batch [50/201], Loss: 3.0310, Train Acc: 0.3594, Val Acc: 0.0480
Epoch [95/1000], Batch [60/201], Loss: 3.0347, Train Acc: 0.3594, Val Acc: 0.0560
Epoch [95/1000], Batch [70/201], Loss: 2.8021, Train Acc: 0.4375, Val Acc: 0.0520
Epoch [95/1000], Batch [80/201], Loss: 3.0975, Train Acc: 0.3125, Val Acc: 0.0480
Epoch [95/1000], Batch [90/201], Loss: 3.0714, Train Acc: 0.3125, Val Acc: 0.0400
Epoch [95/1000], Batch [100/201], Loss: 3.0373, Train Acc: 0.3594, Val Acc: 0.0440
Epoch [95/1000], Batch [110/201], Loss: 2.8901, Train Acc: 0.3906, Val Acc: 0.0440
Epoch [95/1000], Batch [120/201], Loss: 2.4545, Train Acc: 0.3594, Val Acc: 0.0400
Epoch [95/1000], Batch [130/201], Loss: 2.8589, Train Acc: 0.3906, Val Acc: 0.0560
Epoch [95/1000], Batch [140/201], Loss: 3.2412, Train Acc: 0.3281, Val Acc: 0.0600
Epoch [95/1000], Batch [150/201], Loss: 3.1790, Train Acc: 0.3281, Val Acc: 0.0520
Epoch [95/1000], Batch [160/201], Loss: 2.8180, Train Acc: 0.2812, Val Acc: 0.0400
Epoch [95/1000], Batch [170/201], Loss: 3.0798, Train Acc: 0.2969, Val Acc: 0.0520
Epoch [95/1000], Batch [180/201], Loss: 3.2150, Train Acc: 0.3281, Val Acc: 0.0520
Epoch [95/1000], Batch [190/201], Loss: 3.1970, Train Acc: 0.3438, Val Acc: 0.0520
Epoch [95/1000], Batch [200/201], Loss: 2.5814, Train Acc: 0.4219, Val Acc: 0.0600
Epoch [96/1000], Batch [10/201], Loss: 2.9626, Train Acc: 0.3438, Val Acc: 0.0520
Epoch [96/1000], Batch [20/201], Loss: 3.1835, Train Acc: 0.2812, Val Acc: 0.0560
Epoch [96/1000], Batch [30/201], Loss: 3.0150, Train Acc: 0.3906, Val Acc: 0.0480
Epoch [96/1000], Batch [40/201], Loss: 3.2419, Train Acc: 0.3594, Val Acc: 0.0480
Epoch [96/1000], Batch [50/201], Loss: 2.9756, Train Acc: 0.3125, Val Acc: 0.0520
Epoch [96/1000], Batch [60/201], Loss: 2.6482, Train Acc: 0.5156, Val Acc: 0.0480
Epoch [96/1000], Batch [70/201], Loss: 2.5683, Train Acc: 0.4688, Val Acc: 0.0480
Epoch [96/1000], Batch [80/201], Loss: 2.9199, Train Acc: 0.4062, Val Acc: 0.0520
Epoch [96/1000], Batch [90/201], Loss: 2.8817, Train Acc: 0.3750, Val Acc: 0.0480
Epoch [96/1000], Batch [100/201], Loss: 3.2102, Train Acc: 0.2344, Val Acc: 0.0480
Epoch [96/1000], Batch [110/201], Loss: 3.1144, Train Acc: 0.3594, Val Acc: 0.0440
Epoch [96/1000], Batch [120/201], Loss: 2.4422, Train Acc: 0.4375, Val Acc: 0.0520
Epoch [96/1000], Batch [130/201], Loss: 2.9402, Train Acc: 0.3594, Val Acc: 0.0560
Epoch [96/1000], Batch [140/201], Loss: 3.1107, Train Acc: 0.4219, Val Acc: 0.0520
Epoch [96/1000], Batch [150/201], Loss: 2.7584, Train Acc: 0.3750, Val Acc: 0.0560
Epoch [96/1000], Batch [160/201], Loss: 2.6541, Train Acc: 0.5000, Val Acc: 0.0440
Epoch [96/1000], Batch [170/201], Loss: 3.0622, Train Acc: 0.3438, Val Acc: 0.0480
Epoch [96/1000], Batch [180/201], Loss: 3.2859, Train Acc: 0.3125, Val Acc: 0.0480
Epoch [96/1000], Batch [190/201], Loss: 2.6452, Train Acc: 0.4219, Val Acc: 0.0400
Epoch [96/1000], Batch [200/201], Loss: 2.8113, Train Acc: 0.4375, Val Acc: 0.0440
Epoch [97/1000], Batch [10/201], Loss: 2.7829, Train Acc: 0.5000, Val Acc: 0.0640
Epoch [97/1000], Batch [20/201], Loss: 3.2981, Train Acc: 0.3594, Val Acc: 0.0480
Epoch [97/1000], Batch [30/201], Loss: 3.0450, Train Acc: 0.2969, Val Acc: 0.0480
Epoch [97/1000], Batch [40/201], Loss: 3.2041, Train Acc: 0.2969, Val Acc: 0.0440
Epoch [97/1000], Batch [50/201], Loss: 2.7217, Train Acc: 0.3906, Val Acc: 0.0440
Epoch [97/1000], Batch [60/201], Loss: 3.1071, Train Acc: 0.3125, Val Acc: 0.0520
Epoch [97/1000], Batch [70/201], Loss: 3.1099, Train Acc: 0.3125, Val Acc: 0.0520
Epoch [97/1000], Batch [80/201], Loss: 3.2573, Train Acc: 0.3125, Val Acc: 0.0480
Epoch [97/1000], Batch [90/201], Loss: 2.8772, Train Acc: 0.4062, Val Acc: 0.0400
Epoch [97/1000], Batch [100/201], Loss: 3.4522, Train Acc: 0.2500, Val Acc: 0.0440
Epoch [97/1000], Batch [110/201], Loss: 2.9942, Train Acc: 0.4219, Val Acc: 0.0560
Epoch [97/1000], Batch [120/201], Loss: 3.0666, Train Acc: 0.2969, Val Acc: 0.0520
Epoch [97/1000], Batch [130/201], Loss: 2.7834, Train Acc: 0.4062, Val Acc: 0.0480
Epoch [97/1000], Batch [140/201], Loss: 2.9003, Train Acc: 0.3281, Val Acc: 0.0560
Epoch [97/1000], Batch [150/201], Loss: 3.2422, Train Acc: 0.3750, Val Acc: 0.0480
Epoch [97/1000], Batch [160/201], Loss: 2.8848, Train Acc: 0.2969, Val Acc: 0.0440
Epoch [97/1000], Batch [170/201], Loss: 3.0773, Train Acc: 0.3750, Val Acc: 0.0520
Epoch [97/1000], Batch [180/201], Loss: 2.9741, Train Acc: 0.3750, Val Acc: 0.0560
Epoch [97/1000], Batch [190/201], Loss: 3.2125, Train Acc: 0.3281, Val Acc: 0.0400
Epoch [97/1000], Batch [200/201], Loss: 3.4098, Train Acc: 0.2812, Val Acc: 0.0480
Epoch [98/1000], Batch [10/201], Loss: 2.7492, Train Acc: 0.4688, Val Acc: 0.0560
Epoch [98/1000], Batch [20/201], Loss: 3.0155, Train Acc: 0.3125, Val Acc: 0.0560
Epoch [98/1000], Batch [30/201], Loss: 2.9421, Train Acc: 0.3906, Val Acc: 0.0600
Epoch [98/1000], Batch [40/201], Loss: 3.1911, Train Acc: 0.3438, Val Acc: 0.0560
Epoch [98/1000], Batch [50/201], Loss: 3.1992, Train Acc: 0.4375, Val Acc: 0.0320
Epoch [98/1000], Batch [60/201], Loss: 2.9458, Train Acc: 0.3438, Val Acc: 0.0480
Epoch [98/1000], Batch [70/201], Loss: 3.6141, Train Acc: 0.2188, Val Acc: 0.0400
Epoch [98/1000], Batch [80/201], Loss: 2.8920, Train Acc: 0.3594, Val Acc: 0.0480
Epoch [98/1000], Batch [90/201], Loss: 2.5520, Train Acc: 0.4531, Val Acc: 0.0480
Epoch [98/1000], Batch [100/201], Loss: 2.8683, Train Acc: 0.4062, Val Acc: 0.0400
Epoch [98/1000], Batch [110/201], Loss: 2.5269, Train Acc: 0.4062, Val Acc: 0.0440
Epoch [98/1000], Batch [120/201], Loss: 2.8366, Train Acc: 0.4531, Val Acc: 0.0600
Epoch [98/1000], Batch [130/201], Loss: 2.9409, Train Acc: 0.3594, Val Acc: 0.0520
Epoch [98/1000], Batch [140/201], Loss: 2.7621, Train Acc: 0.3438, Val Acc: 0.0560
Epoch [98/1000], Batch [150/201], Loss: 2.7421, Train Acc: 0.4219, Val Acc: 0.0440
Epoch [98/1000], Batch [160/201], Loss: 3.0672, Train Acc: 0.3438, Val Acc: 0.0520
Epoch [98/1000], Batch [170/201], Loss: 3.1518, Train Acc: 0.3438, Val Acc: 0.0520
Epoch [98/1000], Batch [180/201], Loss: 2.9899, Train Acc: 0.2969, Val Acc: 0.0440
Epoch [98/1000], Batch [190/201], Loss: 3.0541, Train Acc: 0.2969, Val Acc: 0.0440
Epoch [98/1000], Batch [200/201], Loss: 3.1134, Train Acc: 0.4062, Val Acc: 0.0520
Epoch [99/1000], Batch [10/201], Loss: 3.3449, Train Acc: 0.2344, Val Acc: 0.0400
Epoch [99/1000], Batch [20/201], Loss: 2.8283, Train Acc: 0.4062, Val Acc: 0.0400
Epoch [99/1000], Batch [30/201], Loss: 3.0802, Train Acc: 0.3594, Val Acc: 0.0440
Epoch [99/1000], Batch [40/201], Loss: 3.2298, Train Acc: 0.2969, Val Acc: 0.0400
Epoch [99/1000], Batch [50/201], Loss: 2.7442, Train Acc: 0.4688, Val Acc: 0.0520
Epoch [99/1000], Batch [60/201], Loss: 3.1497, Train Acc: 0.2656, Val Acc: 0.0560
Epoch [99/1000], Batch [70/201], Loss: 3.0275, Train Acc: 0.2969, Val Acc: 0.0480
Epoch [99/1000], Batch [80/201], Loss: 2.6957, Train Acc: 0.3750, Val Acc: 0.0520
Epoch [99/1000], Batch [90/201], Loss: 2.9250, Train Acc: 0.3281, Val Acc: 0.0480
Epoch [99/1000], Batch [100/201], Loss: 2.8583, Train Acc: 0.3750, Val Acc: 0.0560
Epoch [99/1000], Batch [110/201], Loss: 3.1106, Train Acc: 0.3281, Val Acc: 0.0480
Epoch [99/1000], Batch [120/201], Loss: 3.1179, Train Acc: 0.3594, Val Acc: 0.0480
Epoch [99/1000], Batch [130/201], Loss: 3.3240, Train Acc: 0.2969, Val Acc: 0.0520
Epoch [99/1000], Batch [140/201], Loss: 3.0492, Train Acc: 0.3906, Val Acc: 0.0400
Epoch [99/1000], Batch [150/201], Loss: 2.7905, Train Acc: 0.4062, Val Acc: 0.0520
Epoch [99/1000], Batch [160/201], Loss: 3.1669, Train Acc: 0.2812, Val Acc: 0.0440
Epoch [99/1000], Batch [170/201], Loss: 3.3088, Train Acc: 0.3750, Val Acc: 0.0400
Epoch [99/1000], Batch [180/201], Loss: 3.0271, Train Acc: 0.3438, Val Acc: 0.0440
Epoch [99/1000], Batch [190/201], Loss: 2.9058, Train Acc: 0.4375, Val Acc: 0.0400
Epoch [99/1000], Batch [200/201], Loss: 2.7697, Train Acc: 0.3906, Val Acc: 0.0600
Epoch [100/1000], Batch [10/201], Loss: 2.7608, Train Acc: 0.3750, Val Acc: 0.0520
Epoch [100/1000], Batch [20/201], Loss: 2.7756, Train Acc: 0.3594, Val Acc: 0.0520
Epoch [100/1000], Batch [30/201], Loss: 2.7663, Train Acc: 0.4062, Val Acc: 0.0440
Epoch [100/1000], Batch [40/201], Loss: 3.2645, Train Acc: 0.3281, Val Acc: 0.0520
Epoch [100/1000], Batch [50/201], Loss: 2.6731, Train Acc: 0.4531, Val Acc: 0.0560
Epoch [100/1000], Batch [60/201], Loss: 3.0176, Train Acc: 0.3281, Val Acc: 0.0520
Epoch [100/1000], Batch [70/201], Loss: 2.7593, Train Acc: 0.3438, Val Acc: 0.0520
Epoch [100/1000], Batch [80/201], Loss: 2.7755, Train Acc: 0.4062, Val Acc: 0.0400
Epoch [100/1000], Batch [90/201], Loss: 3.1517, Train Acc: 0.2812, Val Acc: 0.0560
Epoch [100/1000], Batch [100/201], Loss: 2.9349, Train Acc: 0.4062, Val Acc: 0.0480
Epoch [100/1000], Batch [110/201], Loss: 3.0472, Train Acc: 0.3438, Val Acc: 0.0520
Epoch [100/1000], Batch [120/201], Loss: 2.9624, Train Acc: 0.4375, Val Acc: 0.0520
Epoch [100/1000], Batch [130/201], Loss: 2.8661, Train Acc: 0.3281, Val Acc: 0.0440
Epoch [100/1000], Batch [140/201], Loss: 2.8837, Train Acc: 0.3438, Val Acc: 0.0480
Epoch [100/1000], Batch [150/201], Loss: 2.7943, Train Acc: 0.3906, Val Acc: 0.0560
Epoch [100/1000], Batch [160/201], Loss: 3.0426, Train Acc: 0.3750, Val Acc: 0.0400
Epoch [100/1000], Batch [170/201], Loss: 3.1781, Train Acc: 0.2969, Val Acc: 0.0560
Epoch [100/1000], Batch [180/201], Loss: 2.9798, Train Acc: 0.2812, Val Acc: 0.0400
Epoch [100/1000], Batch [190/201], Loss: 3.0916, Train Acc: 0.3594, Val Acc: 0.0400
Epoch [100/1000], Batch [200/201], Loss: 3.0849, Train Acc: 0.3438, Val Acc: 0.0560
Epoch [101/1000], Batch [10/201], Loss: 2.8567, Train Acc: 0.3125, Val Acc: 0.0600
Epoch [101/1000], Batch [20/201], Loss: 3.2790, Train Acc: 0.2656, Val Acc: 0.0480
Epoch [101/1000], Batch [30/201], Loss: 2.5688, Train Acc: 0.4219, Val Acc: 0.0440
Epoch [101/1000], Batch [40/201], Loss: 2.8915, Train Acc: 0.3438, Val Acc: 0.0560
Epoch [101/1000], Batch [50/201], Loss: 2.9996, Train Acc: 0.3750, Val Acc: 0.0520
Epoch [101/1000], Batch [60/201], Loss: 3.0260, Train Acc: 0.4062, Val Acc: 0.0560
Epoch [101/1000], Batch [70/201], Loss: 3.1411, Train Acc: 0.2812, Val Acc: 0.0520
Epoch [101/1000], Batch [80/201], Loss: 2.7618, Train Acc: 0.3594, Val Acc: 0.0560
Epoch [101/1000], Batch [90/201], Loss: 3.1214, Train Acc: 0.2656, Val Acc: 0.0480
Epoch [101/1000], Batch [100/201], Loss: 2.9126, Train Acc: 0.3281, Val Acc: 0.0400
Epoch [101/1000], Batch [110/201], Loss: 3.2769, Train Acc: 0.3438, Val Acc: 0.0480
Epoch [101/1000], Batch [120/201], Loss: 2.6029, Train Acc: 0.4531, Val Acc: 0.0480
Epoch [101/1000], Batch [130/201], Loss: 3.2041, Train Acc: 0.3281, Val Acc: 0.0480
Epoch [101/1000], Batch [140/201], Loss: 3.3627, Train Acc: 0.2188, Val Acc: 0.0520
Epoch [101/1000], Batch [150/201], Loss: 3.0523, Train Acc: 0.3594, Val Acc: 0.0480
Epoch [101/1000], Batch [160/201], Loss: 2.9093, Train Acc: 0.4219, Val Acc: 0.0440
Epoch [101/1000], Batch [170/201], Loss: 2.7255, Train Acc: 0.4531, Val Acc: 0.0520
Epoch [101/1000], Batch [180/201], Loss: 2.9370, Train Acc: 0.3906, Val Acc: 0.0440
Epoch [101/1000], Batch [190/201], Loss: 3.0673, Train Acc: 0.3438, Val Acc: 0.0520
Epoch [101/1000], Batch [200/201], Loss: 3.5347, Train Acc: 0.3281, Val Acc: 0.0520
Epoch [102/1000], Batch [10/201], Loss: 2.7795, Train Acc: 0.3906, Val Acc: 0.0520
Epoch [102/1000], Batch [20/201], Loss: 3.1759, Train Acc: 0.3125, Val Acc: 0.0360
Epoch [102/1000], Batch [30/201], Loss: 2.9262, Train Acc: 0.3594, Val Acc: 0.0400
Epoch [102/1000], Batch [40/201], Loss: 2.6012, Train Acc: 0.4219, Val Acc: 0.0440
Epoch [102/1000], Batch [50/201], Loss: 2.9117, Train Acc: 0.4062, Val Acc: 0.0560
Epoch [102/1000], Batch [60/201], Loss: 2.6500, Train Acc: 0.4688, Val Acc: 0.0520
Epoch [102/1000], Batch [70/201], Loss: 3.1322, Train Acc: 0.2500, Val Acc: 0.0520
Epoch [102/1000], Batch [80/201], Loss: 2.6769, Train Acc: 0.4375, Val Acc: 0.0560
Epoch [102/1000], Batch [90/201], Loss: 3.0039, Train Acc: 0.3281, Val Acc: 0.0560
Epoch [102/1000], Batch [100/201], Loss: 3.0345, Train Acc: 0.2656, Val Acc: 0.0520
Epoch [102/1000], Batch [110/201], Loss: 3.0897, Train Acc: 0.3906, Val Acc: 0.0600
Epoch [102/1000], Batch [120/201], Loss: 2.6092, Train Acc: 0.4531, Val Acc: 0.0480
Epoch [102/1000], Batch [130/201], Loss: 2.8418, Train Acc: 0.4688, Val Acc: 0.0600
Epoch [102/1000], Batch [140/201], Loss: 3.1530, Train Acc: 0.3594, Val Acc: 0.0480
Epoch [102/1000], Batch [150/201], Loss: 3.0049, Train Acc: 0.3750, Val Acc: 0.0440
Epoch [102/1000], Batch [160/201], Loss: 2.7897, Train Acc: 0.4531, Val Acc: 0.0440
Epoch [102/1000], Batch [170/201], Loss: 2.9090, Train Acc: 0.3594, Val Acc: 0.0440
Epoch [102/1000], Batch [180/201], Loss: 2.8063, Train Acc: 0.4062, Val Acc: 0.0480
Epoch [102/1000], Batch [190/201], Loss: 3.2626, Train Acc: 0.3594, Val Acc: 0.0480
Epoch [102/1000], Batch [200/201], Loss: 3.1559, Train Acc: 0.3125, Val Acc: 0.0520
Epoch [103/1000], Batch [10/201], Loss: 2.7907, Train Acc: 0.5156, Val Acc: 0.0440
Epoch [103/1000], Batch [20/201], Loss: 2.6972, Train Acc: 0.4531, Val Acc: 0.0560
Epoch [103/1000], Batch [30/201], Loss: 2.6570, Train Acc: 0.5000, Val Acc: 0.0520
Epoch [103/1000], Batch [40/201], Loss: 2.7604, Train Acc: 0.3750, Val Acc: 0.0560
Epoch [103/1000], Batch [50/201], Loss: 3.0005, Train Acc: 0.3438, Val Acc: 0.0480
Epoch [103/1000], Batch [60/201], Loss: 3.0914, Train Acc: 0.3438, Val Acc: 0.0520
Epoch [103/1000], Batch [70/201], Loss: 3.4113, Train Acc: 0.2031, Val Acc: 0.0520
Epoch [103/1000], Batch [80/201], Loss: 2.8803, Train Acc: 0.3906, Val Acc: 0.0480
Epoch [103/1000], Batch [90/201], Loss: 2.9715, Train Acc: 0.2969, Val Acc: 0.0520
Epoch [103/1000], Batch [100/201], Loss: 3.0636, Train Acc: 0.4219, Val Acc: 0.0560
Epoch [103/1000], Batch [110/201], Loss: 3.1223, Train Acc: 0.3125, Val Acc: 0.0480
Epoch [103/1000], Batch [120/201], Loss: 2.5909, Train Acc: 0.4375, Val Acc: 0.0560
Epoch [103/1000], Batch [130/201], Loss: 2.6045, Train Acc: 0.4375, Val Acc: 0.0520
Epoch [103/1000], Batch [140/201], Loss: 2.8441, Train Acc: 0.3906, Val Acc: 0.0560
Epoch [103/1000], Batch [150/201], Loss: 2.5466, Train Acc: 0.4688, Val Acc: 0.0400
Epoch [103/1000], Batch [160/201], Loss: 3.2106, Train Acc: 0.3125, Val Acc: 0.0560
Epoch [103/1000], Batch [170/201], Loss: 2.6935, Train Acc: 0.3750, Val Acc: 0.0400
Epoch [103/1000], Batch [180/201], Loss: 2.8102, Train Acc: 0.3281, Val Acc: 0.0520
Epoch [103/1000], Batch [190/201], Loss: 2.7637, Train Acc: 0.4531, Val Acc: 0.0440
Epoch [103/1000], Batch [200/201], Loss: 2.7344, Train Acc: 0.4375, Val Acc: 0.0480
Epoch [104/1000], Batch [10/201], Loss: 2.7958, Train Acc: 0.4062, Val Acc: 0.0440
Epoch [104/1000], Batch [20/201], Loss: 2.5532, Train Acc: 0.3906, Val Acc: 0.0560
Epoch [104/1000], Batch [30/201], Loss: 2.8201, Train Acc: 0.4531, Val Acc: 0.0600
Epoch [104/1000], Batch [40/201], Loss: 2.9189, Train Acc: 0.3906, Val Acc: 0.0560
Epoch [104/1000], Batch [50/201], Loss: 3.1135, Train Acc: 0.3594, Val Acc: 0.0480
Epoch [104/1000], Batch [60/201], Loss: 2.9763, Train Acc: 0.3594, Val Acc: 0.0400
Epoch [104/1000], Batch [70/201], Loss: 3.1229, Train Acc: 0.3125, Val Acc: 0.0480
Epoch [104/1000], Batch [80/201], Loss: 2.7135, Train Acc: 0.4688, Val Acc: 0.0440
Epoch [104/1000], Batch [90/201], Loss: 2.7811, Train Acc: 0.3594, Val Acc: 0.0560
Epoch [104/1000], Batch [100/201], Loss: 3.0851, Train Acc: 0.3594, Val Acc: 0.0480
Epoch [104/1000], Batch [110/201], Loss: 3.1274, Train Acc: 0.3594, Val Acc: 0.0440
Epoch [104/1000], Batch [120/201], Loss: 3.1213, Train Acc: 0.3594, Val Acc: 0.0560
Epoch [104/1000], Batch [130/201], Loss: 3.1691, Train Acc: 0.4219, Val Acc: 0.0600
Epoch [104/1000], Batch [140/201], Loss: 3.0202, Train Acc: 0.3750, Val Acc: 0.0480
Epoch [104/1000], Batch [150/201], Loss: 3.1184, Train Acc: 0.3438, Val Acc: 0.0480
Epoch [104/1000], Batch [160/201], Loss: 2.7097, Train Acc: 0.3594, Val Acc: 0.0480
Epoch [104/1000], Batch [170/201], Loss: 2.8779, Train Acc: 0.4375, Val Acc: 0.0480
Epoch [104/1000], Batch [180/201], Loss: 2.9041, Train Acc: 0.3906, Val Acc: 0.0400
Epoch [104/1000], Batch [190/201], Loss: 3.3666, Train Acc: 0.2656, Val Acc: 0.0600
Epoch [104/1000], Batch [200/201], Loss: 3.0015, Train Acc: 0.2969, Val Acc: 0.0480
Epoch [105/1000], Batch [10/201], Loss: 2.7765, Train Acc: 0.4375, Val Acc: 0.0440
Epoch [105/1000], Batch [20/201], Loss: 3.0837, Train Acc: 0.3594, Val Acc: 0.0600
Epoch [105/1000], Batch [30/201], Loss: 2.6215, Train Acc: 0.5000, Val Acc: 0.0520
Epoch [105/1000], Batch [40/201], Loss: 2.4827, Train Acc: 0.4531, Val Acc: 0.0520
Epoch [105/1000], Batch [50/201], Loss: 2.9124, Train Acc: 0.4219, Val Acc: 0.0480
Epoch [105/1000], Batch [60/201], Loss: 3.0360, Train Acc: 0.3906, Val Acc: 0.0600
Epoch [105/1000], Batch [70/201], Loss: 2.6931, Train Acc: 0.4062, Val Acc: 0.0600
Epoch [105/1000], Batch [80/201], Loss: 2.8696, Train Acc: 0.3281, Val Acc: 0.0520
Epoch [105/1000], Batch [90/201], Loss: 3.1461, Train Acc: 0.4375, Val Acc: 0.0520
Epoch [105/1000], Batch [100/201], Loss: 2.7741, Train Acc: 0.3438, Val Acc: 0.0480
Epoch [105/1000], Batch [110/201], Loss: 3.3640, Train Acc: 0.2500, Val Acc: 0.0440
Epoch [105/1000], Batch [120/201], Loss: 3.2720, Train Acc: 0.2656, Val Acc: 0.0600
Epoch [105/1000], Batch [130/201], Loss: 3.5291, Train Acc: 0.2812, Val Acc: 0.0520
Epoch [105/1000], Batch [140/201], Loss: 2.7302, Train Acc: 0.3906, Val Acc: 0.0480
Epoch [105/1000], Batch [150/201], Loss: 3.0995, Train Acc: 0.2500, Val Acc: 0.0400
Epoch [105/1000], Batch [160/201], Loss: 2.4989, Train Acc: 0.4375, Val Acc: 0.0480
Epoch [105/1000], Batch [170/201], Loss: 2.9348, Train Acc: 0.3438, Val Acc: 0.0480
Epoch [105/1000], Batch [180/201], Loss: 2.7060, Train Acc: 0.4219, Val Acc: 0.0520
Epoch [105/1000], Batch [190/201], Loss: 2.6601, Train Acc: 0.3906, Val Acc: 0.0440
Epoch [105/1000], Batch [200/201], Loss: 3.0549, Train Acc: 0.2344, Val Acc: 0.0440
Epoch [106/1000], Batch [10/201], Loss: 2.7710, Train Acc: 0.4219, Val Acc: 0.0520
Epoch [106/1000], Batch [20/201], Loss: 2.6162, Train Acc: 0.4531, Val Acc: 0.0600
Epoch [106/1000], Batch [30/201], Loss: 2.8697, Train Acc: 0.3906, Val Acc: 0.0600
Epoch [106/1000], Batch [40/201], Loss: 3.0238, Train Acc: 0.3281, Val Acc: 0.0520
Epoch [106/1000], Batch [50/201], Loss: 2.6776, Train Acc: 0.3594, Val Acc: 0.0600
Epoch [106/1000], Batch [60/201], Loss: 3.0559, Train Acc: 0.4062, Val Acc: 0.0560
Epoch [106/1000], Batch [70/201], Loss: 2.9973, Train Acc: 0.2969, Val Acc: 0.0560
Epoch [106/1000], Batch [80/201], Loss: 2.8930, Train Acc: 0.3438, Val Acc: 0.0560
Epoch [106/1000], Batch [90/201], Loss: 2.8041, Train Acc: 0.2812, Val Acc: 0.0600
Epoch [106/1000], Batch [100/201], Loss: 3.3253, Train Acc: 0.2969, Val Acc: 0.0360
Epoch [106/1000], Batch [110/201], Loss: 3.3884, Train Acc: 0.2500, Val Acc: 0.0400
Epoch [106/1000], Batch [120/201], Loss: 2.9114, Train Acc: 0.3281, Val Acc: 0.0440
Epoch [106/1000], Batch [130/201], Loss: 2.9581, Train Acc: 0.3281, Val Acc: 0.0440
Epoch [106/1000], Batch [140/201], Loss: 3.4432, Train Acc: 0.2969, Val Acc: 0.0560
Epoch [106/1000], Batch [150/201], Loss: 2.8318, Train Acc: 0.3281, Val Acc: 0.0480
Epoch [106/1000], Batch [160/201], Loss: 2.6328, Train Acc: 0.4375, Val Acc: 0.0440
Epoch [106/1000], Batch [170/201], Loss: 2.8479, Train Acc: 0.3281, Val Acc: 0.0440
Epoch [106/1000], Batch [180/201], Loss: 2.8729, Train Acc: 0.3125, Val Acc: 0.0440
Epoch [106/1000], Batch [190/201], Loss: 3.1850, Train Acc: 0.2812, Val Acc: 0.0560
Epoch [106/1000], Batch [200/201], Loss: 2.8263, Train Acc: 0.4375, Val Acc: 0.0520
Epoch [107/1000], Batch [10/201], Loss: 3.1417, Train Acc: 0.3281, Val Acc: 0.0440
Epoch [107/1000], Batch [20/201], Loss: 2.7362, Train Acc: 0.3906, Val Acc: 0.0400
Epoch [107/1000], Batch [30/201], Loss: 2.7678, Train Acc: 0.3594, Val Acc: 0.0480
Epoch [107/1000], Batch [40/201], Loss: 2.8169, Train Acc: 0.3906, Val Acc: 0.0480
Epoch [107/1000], Batch [50/201], Loss: 2.9876, Train Acc: 0.3125, Val Acc: 0.0520
Epoch [107/1000], Batch [60/201], Loss: 3.1577, Train Acc: 0.3281, Val Acc: 0.0480
Epoch [107/1000], Batch [70/201], Loss: 2.9836, Train Acc: 0.3594, Val Acc: 0.0480
Epoch [107/1000], Batch [80/201], Loss: 2.5807, Train Acc: 0.4844, Val Acc: 0.0480
Epoch [107/1000], Batch [90/201], Loss: 3.0656, Train Acc: 0.3750, Val Acc: 0.0560
Epoch [107/1000], Batch [100/201], Loss: 2.6429, Train Acc: 0.4219, Val Acc: 0.0480
Epoch [107/1000], Batch [110/201], Loss: 3.0816, Train Acc: 0.3750, Val Acc: 0.0440
Epoch [107/1000], Batch [120/201], Loss: 2.7265, Train Acc: 0.4062, Val Acc: 0.0440
Epoch [107/1000], Batch [130/201], Loss: 2.6775, Train Acc: 0.4062, Val Acc: 0.0560
Epoch [107/1000], Batch [140/201], Loss: 3.2785, Train Acc: 0.2812, Val Acc: 0.0600
Epoch [107/1000], Batch [150/201], Loss: 2.6405, Train Acc: 0.4531, Val Acc: 0.0560
Epoch [107/1000], Batch [160/201], Loss: 2.8955, Train Acc: 0.4062, Val Acc: 0.0600
Epoch [107/1000], Batch [170/201], Loss: 2.6251, Train Acc: 0.4062, Val Acc: 0.0520
Epoch [107/1000], Batch [180/201], Loss: 2.7272, Train Acc: 0.3594, Val Acc: 0.0480
Epoch [107/1000], Batch [190/201], Loss: 2.7476, Train Acc: 0.4062, Val Acc: 0.0400
Epoch [107/1000], Batch [200/201], Loss: 2.8607, Train Acc: 0.3750, Val Acc: 0.0400
Epoch [108/1000], Batch [10/201], Loss: 2.8048, Train Acc: 0.3750, Val Acc: 0.0480
Epoch [108/1000], Batch [20/201], Loss: 2.7403, Train Acc: 0.4062, Val Acc: 0.0520
Epoch [108/1000], Batch [30/201], Loss: 2.8258, Train Acc: 0.3594, Val Acc: 0.0640
Epoch [108/1000], Batch [40/201], Loss: 3.1774, Train Acc: 0.3125, Val Acc: 0.0520
Epoch [108/1000], Batch [50/201], Loss: 2.7406, Train Acc: 0.3750, Val Acc: 0.0560
Epoch [108/1000], Batch [60/201], Loss: 2.7217, Train Acc: 0.4219, Val Acc: 0.0600
Epoch [108/1000], Batch [70/201], Loss: 3.1019, Train Acc: 0.3438, Val Acc: 0.0520
Epoch [108/1000], Batch [80/201], Loss: 3.4353, Train Acc: 0.2812, Val Acc: 0.0520
Epoch [108/1000], Batch [90/201], Loss: 3.4254, Train Acc: 0.2656, Val Acc: 0.0480
Epoch [108/1000], Batch [100/201], Loss: 3.0845, Train Acc: 0.3125, Val Acc: 0.0480
Epoch [108/1000], Batch [110/201], Loss: 2.8902, Train Acc: 0.3281, Val Acc: 0.0520
Epoch [108/1000], Batch [120/201], Loss: 2.7614, Train Acc: 0.3281, Val Acc: 0.0480
Epoch [108/1000], Batch [130/201], Loss: 2.9132, Train Acc: 0.4219, Val Acc: 0.0360
Epoch [108/1000], Batch [140/201], Loss: 3.1897, Train Acc: 0.3438, Val Acc: 0.0440
Epoch [108/1000], Batch [150/201], Loss: 2.9633, Train Acc: 0.3750, Val Acc: 0.0480
Epoch [108/1000], Batch [160/201], Loss: 2.5686, Train Acc: 0.4688, Val Acc: 0.0440
Epoch [108/1000], Batch [170/201], Loss: 3.1133, Train Acc: 0.2656, Val Acc: 0.0440
Epoch [108/1000], Batch [180/201], Loss: 2.8419, Train Acc: 0.3281, Val Acc: 0.0560
Epoch [108/1000], Batch [190/201], Loss: 3.0257, Train Acc: 0.3594, Val Acc: 0.0520
Epoch [108/1000], Batch [200/201], Loss: 2.9100, Train Acc: 0.3906, Val Acc: 0.0600
Epoch [109/1000], Batch [10/201], Loss: 3.1098, Train Acc: 0.4531, Val Acc: 0.0560
Epoch [109/1000], Batch [20/201], Loss: 3.2756, Train Acc: 0.3281, Val Acc: 0.0600
Epoch [109/1000], Batch [30/201], Loss: 2.7023, Train Acc: 0.3594, Val Acc: 0.0560
Epoch [109/1000], Batch [40/201], Loss: 3.0502, Train Acc: 0.3594, Val Acc: 0.0400
Epoch [109/1000], Batch [50/201], Loss: 2.7961, Train Acc: 0.2812, Val Acc: 0.0520
Epoch [109/1000], Batch [60/201], Loss: 3.0210, Train Acc: 0.3438, Val Acc: 0.0440
Epoch [109/1000], Batch [70/201], Loss: 2.6348, Train Acc: 0.5000, Val Acc: 0.0480
Epoch [109/1000], Batch [80/201], Loss: 3.4856, Train Acc: 0.2812, Val Acc: 0.0520
Epoch [109/1000], Batch [90/201], Loss: 3.0576, Train Acc: 0.4219, Val Acc: 0.0440
Epoch [109/1000], Batch [100/201], Loss: 3.0370, Train Acc: 0.3125, Val Acc: 0.0400
Epoch [109/1000], Batch [110/201], Loss: 2.9218, Train Acc: 0.3906, Val Acc: 0.0440
Epoch [109/1000], Batch [120/201], Loss: 2.6941, Train Acc: 0.3750, Val Acc: 0.0520
Epoch [109/1000], Batch [130/201], Loss: 3.1452, Train Acc: 0.3125, Val Acc: 0.0600
Epoch [109/1000], Batch [140/201], Loss: 2.9207, Train Acc: 0.3438, Val Acc: 0.0480
Epoch [109/1000], Batch [150/201], Loss: 3.0927, Train Acc: 0.2500, Val Acc: 0.0440
Epoch [109/1000], Batch [160/201], Loss: 2.7559, Train Acc: 0.3125, Val Acc: 0.0480
Epoch [109/1000], Batch [170/201], Loss: 2.8802, Train Acc: 0.3750, Val Acc: 0.0600
Epoch [109/1000], Batch [180/201], Loss: 2.7973, Train Acc: 0.3594, Val Acc: 0.0520
Epoch [109/1000], Batch [190/201], Loss: 3.1754, Train Acc: 0.2969, Val Acc: 0.0560
Epoch [109/1000], Batch [200/201], Loss: 2.9976, Train Acc: 0.3906, Val Acc: 0.0400
Epoch [110/1000], Batch [10/201], Loss: 2.9912, Train Acc: 0.3438, Val Acc: 0.0480
Epoch [110/1000], Batch [20/201], Loss: 3.3019, Train Acc: 0.2812, Val Acc: 0.0520
Epoch [110/1000], Batch [30/201], Loss: 2.8903, Train Acc: 0.3594, Val Acc: 0.0520
Epoch [110/1000], Batch [40/201], Loss: 2.8613, Train Acc: 0.3594, Val Acc: 0.0480
Epoch [110/1000], Batch [50/201], Loss: 2.8306, Train Acc: 0.3594, Val Acc: 0.0520
Epoch [110/1000], Batch [60/201], Loss: 2.6660, Train Acc: 0.3438, Val Acc: 0.0480
Epoch [110/1000], Batch [70/201], Loss: 2.9966, Train Acc: 0.2812, Val Acc: 0.0520
Epoch [110/1000], Batch [80/201], Loss: 2.6241, Train Acc: 0.4531, Val Acc: 0.0600
Epoch [110/1000], Batch [90/201], Loss: 3.0137, Train Acc: 0.3594, Val Acc: 0.0560
Epoch [110/1000], Batch [100/201], Loss: 2.8334, Train Acc: 0.3906, Val Acc: 0.0520
Epoch [110/1000], Batch [110/201], Loss: 2.5950, Train Acc: 0.3594, Val Acc: 0.0520
Epoch [110/1000], Batch [120/201], Loss: 3.0701, Train Acc: 0.3438, Val Acc: 0.0400
Epoch [110/1000], Batch [130/201], Loss: 2.7715, Train Acc: 0.3438, Val Acc: 0.0480
Epoch [110/1000], Batch [140/201], Loss: 2.8270, Train Acc: 0.4219, Val Acc: 0.0360
Epoch [110/1000], Batch [150/201], Loss: 2.5575, Train Acc: 0.5000, Val Acc: 0.0560
Epoch [110/1000], Batch [160/201], Loss: 2.7088, Train Acc: 0.3750, Val Acc: 0.0440
Epoch [110/1000], Batch [170/201], Loss: 2.7468, Train Acc: 0.3594, Val Acc: 0.0560
Epoch [110/1000], Batch [180/201], Loss: 3.1481, Train Acc: 0.3594, Val Acc: 0.0560
Epoch [110/1000], Batch [190/201], Loss: 2.7130, Train Acc: 0.4062, Val Acc: 0.0480
Epoch [110/1000], Batch [200/201], Loss: 2.9480, Train Acc: 0.3594, Val Acc: 0.0440
Epoch [111/1000], Batch [10/201], Loss: 3.3174, Train Acc: 0.2656, Val Acc: 0.0400
Epoch [111/1000], Batch [20/201], Loss: 2.9425, Train Acc: 0.3594, Val Acc: 0.0480
Epoch [111/1000], Batch [30/201], Loss: 2.8418, Train Acc: 0.4219, Val Acc: 0.0480
Epoch [111/1000], Batch [40/201], Loss: 2.6578, Train Acc: 0.5000, Val Acc: 0.0480
Epoch [111/1000], Batch [50/201], Loss: 2.8828, Train Acc: 0.3594, Val Acc: 0.0560
Epoch [111/1000], Batch [60/201], Loss: 3.0857, Train Acc: 0.3750, Val Acc: 0.0560
Epoch [111/1000], Batch [70/201], Loss: 2.6011, Train Acc: 0.3750, Val Acc: 0.0560
Epoch [111/1000], Batch [80/201], Loss: 2.7781, Train Acc: 0.3750, Val Acc: 0.0560
Epoch [111/1000], Batch [90/201], Loss: 2.2540, Train Acc: 0.5469, Val Acc: 0.0480
Epoch [111/1000], Batch [100/201], Loss: 3.0197, Train Acc: 0.3281, Val Acc: 0.0480
Epoch [111/1000], Batch [110/201], Loss: 3.0158, Train Acc: 0.3125, Val Acc: 0.0440
Epoch [111/1000], Batch [120/201], Loss: 3.1408, Train Acc: 0.2969, Val Acc: 0.0440
Epoch [111/1000], Batch [130/201], Loss: 3.2622, Train Acc: 0.3125, Val Acc: 0.0560
Epoch [111/1000], Batch [140/201], Loss: 2.5507, Train Acc: 0.4531, Val Acc: 0.0440
Epoch [111/1000], Batch [150/201], Loss: 2.6472, Train Acc: 0.4688, Val Acc: 0.0520
Epoch [111/1000], Batch [160/201], Loss: 2.9165, Train Acc: 0.2969, Val Acc: 0.0480
Epoch [111/1000], Batch [170/201], Loss: 2.7656, Train Acc: 0.3281, Val Acc: 0.0520
Epoch [111/1000], Batch [180/201], Loss: 3.0285, Train Acc: 0.3281, Val Acc: 0.0560
Epoch [111/1000], Batch [190/201], Loss: 3.3678, Train Acc: 0.2500, Val Acc: 0.0480
Epoch [111/1000], Batch [200/201], Loss: 2.7503, Train Acc: 0.4375, Val Acc: 0.0520
Epoch [112/1000], Batch [10/201], Loss: 2.7834, Train Acc: 0.4219, Val Acc: 0.0560
Epoch [112/1000], Batch [20/201], Loss: 3.1057, Train Acc: 0.3125, Val Acc: 0.0520
Epoch [112/1000], Batch [30/201], Loss: 2.7872, Train Acc: 0.4688, Val Acc: 0.0520
Epoch [112/1000], Batch [40/201], Loss: 3.8351, Train Acc: 0.2500, Val Acc: 0.0520
Epoch [112/1000], Batch [50/201], Loss: 2.8800, Train Acc: 0.3906, Val Acc: 0.0520
Epoch [112/1000], Batch [60/201], Loss: 3.0782, Train Acc: 0.3281, Val Acc: 0.0600
Epoch [112/1000], Batch [70/201], Loss: 3.0933, Train Acc: 0.3281, Val Acc: 0.0520
Epoch [112/1000], Batch [80/201], Loss: 2.8220, Train Acc: 0.3438, Val Acc: 0.0520
Epoch [112/1000], Batch [90/201], Loss: 2.9082, Train Acc: 0.3906, Val Acc: 0.0480
Epoch [112/1000], Batch [100/201], Loss: 3.1698, Train Acc: 0.3125, Val Acc: 0.0480
Epoch [112/1000], Batch [110/201], Loss: 2.7951, Train Acc: 0.3750, Val Acc: 0.0560
Epoch [112/1000], Batch [120/201], Loss: 3.0525, Train Acc: 0.4062, Val Acc: 0.0480
Epoch [112/1000], Batch [130/201], Loss: 3.1003, Train Acc: 0.3125, Val Acc: 0.0360
Epoch [112/1000], Batch [140/201], Loss: 3.1885, Train Acc: 0.3750, Val Acc: 0.0360
Epoch [112/1000], Batch [150/201], Loss: 3.0284, Train Acc: 0.2812, Val Acc: 0.0560
Epoch [112/1000], Batch [160/201], Loss: 3.5267, Train Acc: 0.3125, Val Acc: 0.0560
Epoch [112/1000], Batch [170/201], Loss: 3.2064, Train Acc: 0.3594, Val Acc: 0.0400
Epoch [112/1000], Batch [180/201], Loss: 2.6873, Train Acc: 0.4219, Val Acc: 0.0440
Epoch [112/1000], Batch [190/201], Loss: 3.3256, Train Acc: 0.2812, Val Acc: 0.0520
Epoch [112/1000], Batch [200/201], Loss: 2.8320, Train Acc: 0.3906, Val Acc: 0.0480
Epoch [113/1000], Batch [10/201], Loss: 2.8612, Train Acc: 0.3594, Val Acc: 0.0600
Epoch [113/1000], Batch [20/201], Loss: 3.2061, Train Acc: 0.2812, Val Acc: 0.0480
Epoch [113/1000], Batch [30/201], Loss: 2.4986, Train Acc: 0.3594, Val Acc: 0.0520
Epoch [113/1000], Batch [40/201], Loss: 3.0580, Train Acc: 0.2500, Val Acc: 0.0560
Epoch [113/1000], Batch [50/201], Loss: 2.7630, Train Acc: 0.3906, Val Acc: 0.0600
Epoch [113/1000], Batch [60/201], Loss: 3.0756, Train Acc: 0.3438, Val Acc: 0.0560
Epoch [113/1000], Batch [70/201], Loss: 3.0601, Train Acc: 0.3750, Val Acc: 0.0440
Epoch [113/1000], Batch [80/201], Loss: 2.8256, Train Acc: 0.4062, Val Acc: 0.0400
Epoch [113/1000], Batch [90/201], Loss: 3.2372, Train Acc: 0.2812, Val Acc: 0.0520
Epoch [113/1000], Batch [100/201], Loss: 2.7781, Train Acc: 0.4062, Val Acc: 0.0520
Epoch [113/1000], Batch [110/201], Loss: 2.9462, Train Acc: 0.3750, Val Acc: 0.0400
Epoch [113/1000], Batch [120/201], Loss: 3.4144, Train Acc: 0.2812, Val Acc: 0.0440
Epoch [113/1000], Batch [130/201], Loss: 3.3032, Train Acc: 0.3750, Val Acc: 0.0480
Epoch [113/1000], Batch [140/201], Loss: 2.8527, Train Acc: 0.3750, Val Acc: 0.0520
Epoch [113/1000], Batch [150/201], Loss: 2.9062, Train Acc: 0.3750, Val Acc: 0.0520
Epoch [113/1000], Batch [160/201], Loss: 2.9695, Train Acc: 0.3750, Val Acc: 0.0520
Epoch [113/1000], Batch [170/201], Loss: 2.6620, Train Acc: 0.3438, Val Acc: 0.0520
Epoch [113/1000], Batch [180/201], Loss: 3.0241, Train Acc: 0.3750, Val Acc: 0.0480
Epoch [113/1000], Batch [190/201], Loss: 3.1545, Train Acc: 0.2969, Val Acc: 0.0600
Epoch [113/1000], Batch [200/201], Loss: 3.1167, Train Acc: 0.3438, Val Acc: 0.0600
Epoch [114/1000], Batch [10/201], Loss: 3.0972, Train Acc: 0.3125, Val Acc: 0.0640
Epoch [114/1000], Batch [20/201], Loss: 3.0742, Train Acc: 0.4062, Val Acc: 0.0400
Epoch [114/1000], Batch [30/201], Loss: 2.9996, Train Acc: 0.3281, Val Acc: 0.0480
Epoch [114/1000], Batch [40/201], Loss: 3.1706, Train Acc: 0.3594, Val Acc: 0.0520
Epoch [114/1000], Batch [50/201], Loss: 2.9117, Train Acc: 0.3594, Val Acc: 0.0520
Epoch [114/1000], Batch [60/201], Loss: 2.8468, Train Acc: 0.3438, Val Acc: 0.0560
Epoch [114/1000], Batch [70/201], Loss: 2.6679, Train Acc: 0.3906, Val Acc: 0.0440
Epoch [114/1000], Batch [80/201], Loss: 2.5798, Train Acc: 0.4688, Val Acc: 0.0520
Epoch [114/1000], Batch [90/201], Loss: 3.0548, Train Acc: 0.2812, Val Acc: 0.0480
Epoch [114/1000], Batch [100/201], Loss: 2.7732, Train Acc: 0.3594, Val Acc: 0.0600
Epoch [114/1000], Batch [110/201], Loss: 2.4531, Train Acc: 0.4844, Val Acc: 0.0560
Epoch [114/1000], Batch [120/201], Loss: 2.5248, Train Acc: 0.4062, Val Acc: 0.0520
Epoch [114/1000], Batch [130/201], Loss: 2.8905, Train Acc: 0.3750, Val Acc: 0.0520
Epoch [114/1000], Batch [140/201], Loss: 3.1080, Train Acc: 0.3125, Val Acc: 0.0480
Epoch [114/1000], Batch [150/201], Loss: 3.2275, Train Acc: 0.2812, Val Acc: 0.0480
Epoch [114/1000], Batch [160/201], Loss: 2.7496, Train Acc: 0.3750, Val Acc: 0.0560
Epoch [114/1000], Batch [170/201], Loss: 3.0747, Train Acc: 0.4219, Val Acc: 0.0480
Epoch [114/1000], Batch [180/201], Loss: 3.1533, Train Acc: 0.3750, Val Acc: 0.0520
Epoch [114/1000], Batch [190/201], Loss: 2.9039, Train Acc: 0.3750, Val Acc: 0.0400
Epoch [114/1000], Batch [200/201], Loss: 2.9207, Train Acc: 0.3906, Val Acc: 0.0400
Epoch [115/1000], Batch [10/201], Loss: 2.9710, Train Acc: 0.3594, Val Acc: 0.0480
Epoch [115/1000], Batch [20/201], Loss: 3.2628, Train Acc: 0.3438, Val Acc: 0.0480
Epoch [115/1000], Batch [30/201], Loss: 3.0340, Train Acc: 0.3750, Val Acc: 0.0560
Epoch [115/1000], Batch [40/201], Loss: 2.9798, Train Acc: 0.3750, Val Acc: 0.0520
Epoch [115/1000], Batch [50/201], Loss: 2.6768, Train Acc: 0.4531, Val Acc: 0.0440
Epoch [115/1000], Batch [60/201], Loss: 2.9479, Train Acc: 0.3281, Val Acc: 0.0360
Epoch [115/1000], Batch [70/201], Loss: 3.0429, Train Acc: 0.3750, Val Acc: 0.0440
Epoch [115/1000], Batch [80/201], Loss: 3.1211, Train Acc: 0.3125, Val Acc: 0.0360
Epoch [115/1000], Batch [90/201], Loss: 2.7400, Train Acc: 0.3594, Val Acc: 0.0400
Epoch [115/1000], Batch [100/201], Loss: 2.8264, Train Acc: 0.4062, Val Acc: 0.0360
Epoch [115/1000], Batch [110/201], Loss: 3.0880, Train Acc: 0.3750, Val Acc: 0.0400
Epoch [115/1000], Batch [120/201], Loss: 2.7598, Train Acc: 0.4375, Val Acc: 0.0560
Epoch [115/1000], Batch [130/201], Loss: 3.3486, Train Acc: 0.2812, Val Acc: 0.0600
Epoch [115/1000], Batch [140/201], Loss: 2.8191, Train Acc: 0.3750, Val Acc: 0.0560
Epoch [115/1000], Batch [150/201], Loss: 2.9434, Train Acc: 0.3438, Val Acc: 0.0480
Epoch [115/1000], Batch [160/201], Loss: 3.1006, Train Acc: 0.3906, Val Acc: 0.0480
Epoch [115/1000], Batch [170/201], Loss: 2.9350, Train Acc: 0.3750, Val Acc: 0.0480
Epoch [115/1000], Batch [180/201], Loss: 3.1317, Train Acc: 0.3281, Val Acc: 0.0400
Epoch [115/1000], Batch [190/201], Loss: 2.6409, Train Acc: 0.3906, Val Acc: 0.0400
Epoch [115/1000], Batch [200/201], Loss: 3.0092, Train Acc: 0.3438, Val Acc: 0.0560
Epoch [116/1000], Batch [10/201], Loss: 3.1306, Train Acc: 0.3594, Val Acc: 0.0560
Epoch [116/1000], Batch [20/201], Loss: 2.9690, Train Acc: 0.3594, Val Acc: 0.0520
Epoch [116/1000], Batch [30/201], Loss: 2.8894, Train Acc: 0.4375, Val Acc: 0.0440
Epoch [116/1000], Batch [40/201], Loss: 2.7629, Train Acc: 0.4531, Val Acc: 0.0480
Epoch [116/1000], Batch [50/201], Loss: 3.0943, Train Acc: 0.3906, Val Acc: 0.0480
Epoch [116/1000], Batch [60/201], Loss: 2.8152, Train Acc: 0.3594, Val Acc: 0.0560
Epoch [116/1000], Batch [70/201], Loss: 2.9110, Train Acc: 0.4062, Val Acc: 0.0520
Epoch [116/1000], Batch [80/201], Loss: 3.5773, Train Acc: 0.2500, Val Acc: 0.0560
Epoch [116/1000], Batch [90/201], Loss: 3.3524, Train Acc: 0.2969, Val Acc: 0.0400
Epoch [116/1000], Batch [100/201], Loss: 3.1261, Train Acc: 0.3281, Val Acc: 0.0520
Epoch [116/1000], Batch [110/201], Loss: 3.2650, Train Acc: 0.2969, Val Acc: 0.0440
Epoch [116/1000], Batch [120/201], Loss: 3.0167, Train Acc: 0.3594, Val Acc: 0.0480
Epoch [116/1000], Batch [130/201], Loss: 3.1052, Train Acc: 0.3281, Val Acc: 0.0480
Epoch [116/1000], Batch [140/201], Loss: 2.7784, Train Acc: 0.2969, Val Acc: 0.0560
Epoch [116/1000], Batch [150/201], Loss: 2.9460, Train Acc: 0.4375, Val Acc: 0.0560
Epoch [116/1000], Batch [160/201], Loss: 3.0498, Train Acc: 0.3906, Val Acc: 0.0480
Epoch [116/1000], Batch [170/201], Loss: 3.1542, Train Acc: 0.2812, Val Acc: 0.0440
Epoch [116/1000], Batch [180/201], Loss: 2.8323, Train Acc: 0.4219, Val Acc: 0.0360
Epoch [116/1000], Batch [190/201], Loss: 3.1243, Train Acc: 0.2969, Val Acc: 0.0440
Epoch [116/1000], Batch [200/201], Loss: 3.0251, Train Acc: 0.3438, Val Acc: 0.0400
Epoch [117/1000], Batch [10/201], Loss: 2.9259, Train Acc: 0.3750, Val Acc: 0.0560
Epoch [117/1000], Batch [20/201], Loss: 2.6860, Train Acc: 0.3594, Val Acc: 0.0560
Epoch [117/1000], Batch [30/201], Loss: 2.9333, Train Acc: 0.3750, Val Acc: 0.0520
Epoch [117/1000], Batch [40/201], Loss: 3.0697, Train Acc: 0.3281, Val Acc: 0.0520
Epoch [117/1000], Batch [50/201], Loss: 3.0711, Train Acc: 0.3281, Val Acc: 0.0440
Epoch [117/1000], Batch [60/201], Loss: 3.5797, Train Acc: 0.2031, Val Acc: 0.0440
Epoch [117/1000], Batch [70/201], Loss: 2.8324, Train Acc: 0.3438, Val Acc: 0.0520
Epoch [117/1000], Batch [80/201], Loss: 3.3400, Train Acc: 0.2500, Val Acc: 0.0400
Epoch [117/1000], Batch [90/201], Loss: 2.8585, Train Acc: 0.3594, Val Acc: 0.0440
Epoch [117/1000], Batch [100/201], Loss: 3.0042, Train Acc: 0.3125, Val Acc: 0.0520
Epoch [117/1000], Batch [110/201], Loss: 2.9039, Train Acc: 0.3281, Val Acc: 0.0440
Epoch [117/1000], Batch [120/201], Loss: 3.0684, Train Acc: 0.3594, Val Acc: 0.0520
Epoch [117/1000], Batch [130/201], Loss: 2.9923, Train Acc: 0.4375, Val Acc: 0.0440
Epoch [117/1000], Batch [140/201], Loss: 3.3996, Train Acc: 0.2031, Val Acc: 0.0600
Epoch [117/1000], Batch [150/201], Loss: 2.9971, Train Acc: 0.3594, Val Acc: 0.0600
Epoch [117/1000], Batch [160/201], Loss: 3.0524, Train Acc: 0.3750, Val Acc: 0.0560
Epoch [117/1000], Batch [170/201], Loss: 2.8458, Train Acc: 0.2812, Val Acc: 0.0400
Epoch [117/1000], Batch [180/201], Loss: 3.0073, Train Acc: 0.3438, Val Acc: 0.0440
Epoch [117/1000], Batch [190/201], Loss: 2.9655, Train Acc: 0.3750, Val Acc: 0.0560
Epoch [117/1000], Batch [200/201], Loss: 3.0600, Train Acc: 0.3281, Val Acc: 0.0600
Epoch [118/1000], Batch [10/201], Loss: 3.2210, Train Acc: 0.3750, Val Acc: 0.0600
Epoch [118/1000], Batch [20/201], Loss: 2.6872, Train Acc: 0.3906, Val Acc: 0.0520
Epoch [118/1000], Batch [30/201], Loss: 2.5834, Train Acc: 0.4688, Val Acc: 0.0520
Epoch [118/1000], Batch [40/201], Loss: 3.1315, Train Acc: 0.4062, Val Acc: 0.0600
Epoch [118/1000], Batch [50/201], Loss: 3.1462, Train Acc: 0.3125, Val Acc: 0.0480
Epoch [118/1000], Batch [60/201], Loss: 2.7851, Train Acc: 0.3281, Val Acc: 0.0360
Epoch [118/1000], Batch [70/201], Loss: 3.1322, Train Acc: 0.2969, Val Acc: 0.0400
Epoch [118/1000], Batch [80/201], Loss: 3.0729, Train Acc: 0.3438, Val Acc: 0.0480
Epoch [118/1000], Batch [90/201], Loss: 3.0221, Train Acc: 0.3281, Val Acc: 0.0480
Epoch [118/1000], Batch [100/201], Loss: 2.8130, Train Acc: 0.3125, Val Acc: 0.0440
Epoch [118/1000], Batch [110/201], Loss: 3.3573, Train Acc: 0.2812, Val Acc: 0.0560
Epoch [118/1000], Batch [120/201], Loss: 2.5213, Train Acc: 0.4531, Val Acc: 0.0480
Epoch [118/1000], Batch [130/201], Loss: 2.8843, Train Acc: 0.4375, Val Acc: 0.0560
Epoch [118/1000], Batch [140/201], Loss: 2.7560, Train Acc: 0.3750, Val Acc: 0.0520
Epoch [118/1000], Batch [150/201], Loss: 3.1728, Train Acc: 0.2656, Val Acc: 0.0520
Epoch [118/1000], Batch [160/201], Loss: 3.2403, Train Acc: 0.2812, Val Acc: 0.0440
Epoch [118/1000], Batch [170/201], Loss: 3.0341, Train Acc: 0.3750, Val Acc: 0.0520
Epoch [118/1000], Batch [180/201], Loss: 3.0928, Train Acc: 0.2969, Val Acc: 0.0400
Epoch [118/1000], Batch [190/201], Loss: 2.8589, Train Acc: 0.4062, Val Acc: 0.0480
Epoch [118/1000], Batch [200/201], Loss: 2.6848, Train Acc: 0.4688, Val Acc: 0.0600
Epoch [119/1000], Batch [10/201], Loss: 2.8726, Train Acc: 0.3281, Val Acc: 0.0440
Epoch [119/1000], Batch [20/201], Loss: 2.8148, Train Acc: 0.3594, Val Acc: 0.0560
Epoch [119/1000], Batch [30/201], Loss: 2.7583, Train Acc: 0.4062, Val Acc: 0.0520
Epoch [119/1000], Batch [40/201], Loss: 3.0227, Train Acc: 0.3906, Val Acc: 0.0480
Epoch [119/1000], Batch [50/201], Loss: 2.7352, Train Acc: 0.3594, Val Acc: 0.0520
Epoch [119/1000], Batch [60/201], Loss: 2.9273, Train Acc: 0.2969, Val Acc: 0.0440
Epoch [119/1000], Batch [70/201], Loss: 3.0565, Train Acc: 0.3438, Val Acc: 0.0560
Epoch [119/1000], Batch [80/201], Loss: 2.5788, Train Acc: 0.4219, Val Acc: 0.0560
Epoch [119/1000], Batch [90/201], Loss: 2.6878, Train Acc: 0.4219, Val Acc: 0.0560
Epoch [119/1000], Batch [100/201], Loss: 2.5788, Train Acc: 0.4219, Val Acc: 0.0520
Epoch [119/1000], Batch [110/201], Loss: 2.7932, Train Acc: 0.4844, Val Acc: 0.0520
Epoch [119/1000], Batch [120/201], Loss: 2.9453, Train Acc: 0.3906, Val Acc: 0.0400
Epoch [119/1000], Batch [130/201], Loss: 2.9135, Train Acc: 0.3281, Val Acc: 0.0480
Epoch [119/1000], Batch [140/201], Loss: 2.8750, Train Acc: 0.3750, Val Acc: 0.0520
Epoch [119/1000], Batch [150/201], Loss: 3.2751, Train Acc: 0.3125, Val Acc: 0.0600
Epoch [119/1000], Batch [160/201], Loss: 2.8429, Train Acc: 0.3906, Val Acc: 0.0560
Epoch [119/1000], Batch [170/201], Loss: 2.6353, Train Acc: 0.4531, Val Acc: 0.0560
Epoch [119/1000], Batch [180/201], Loss: 2.7478, Train Acc: 0.4219, Val Acc: 0.0360
Epoch [119/1000], Batch [190/201], Loss: 2.9509, Train Acc: 0.3281, Val Acc: 0.0560
Epoch [119/1000], Batch [200/201], Loss: 3.5342, Train Acc: 0.2969, Val Acc: 0.0400
Epoch [120/1000], Batch [10/201], Loss: 2.8752, Train Acc: 0.3594, Val Acc: 0.0560
Epoch [120/1000], Batch [20/201], Loss: 2.9612, Train Acc: 0.3125, Val Acc: 0.0600
Epoch [120/1000], Batch [30/201], Loss: 3.2072, Train Acc: 0.2969, Val Acc: 0.0520
Epoch [120/1000], Batch [40/201], Loss: 3.2576, Train Acc: 0.2656, Val Acc: 0.0520
Epoch [120/1000], Batch [50/201], Loss: 2.8534, Train Acc: 0.3906, Val Acc: 0.0600
Epoch [120/1000], Batch [60/201], Loss: 2.8003, Train Acc: 0.3438, Val Acc: 0.0440
Epoch [120/1000], Batch [70/201], Loss: 2.7134, Train Acc: 0.4219, Val Acc: 0.0520
Epoch [120/1000], Batch [80/201], Loss: 2.8982, Train Acc: 0.3750, Val Acc: 0.0520
Epoch [120/1000], Batch [90/201], Loss: 2.8415, Train Acc: 0.3594, Val Acc: 0.0600
Epoch [120/1000], Batch [100/201], Loss: 2.7783, Train Acc: 0.4062, Val Acc: 0.0560
Epoch [120/1000], Batch [110/201], Loss: 2.6854, Train Acc: 0.4062, Val Acc: 0.0480
Epoch [120/1000], Batch [120/201], Loss: 2.7168, Train Acc: 0.4062, Val Acc: 0.0480
Epoch [120/1000], Batch [130/201], Loss: 2.9377, Train Acc: 0.3906, Val Acc: 0.0480
Epoch [120/1000], Batch [140/201], Loss: 3.2800, Train Acc: 0.3125, Val Acc: 0.0520
Epoch [120/1000], Batch [150/201], Loss: 3.0153, Train Acc: 0.3594, Val Acc: 0.0480
Epoch [120/1000], Batch [160/201], Loss: 3.0623, Train Acc: 0.3438, Val Acc: 0.0560
Epoch [120/1000], Batch [170/201], Loss: 3.2474, Train Acc: 0.3438, Val Acc: 0.0520
Epoch [120/1000], Batch [180/201], Loss: 3.0581, Train Acc: 0.2500, Val Acc: 0.0560
Epoch [120/1000], Batch [190/201], Loss: 2.7259, Train Acc: 0.4531, Val Acc: 0.0480
Epoch [120/1000], Batch [200/201], Loss: 3.2702, Train Acc: 0.3438, Val Acc: 0.0480
Epoch [121/1000], Batch [10/201], Loss: 2.6523, Train Acc: 0.4062, Val Acc: 0.0440
Epoch [121/1000], Batch [20/201], Loss: 2.9227, Train Acc: 0.3750, Val Acc: 0.0440
Epoch [121/1000], Batch [30/201], Loss: 2.6797, Train Acc: 0.4062, Val Acc: 0.0560
Epoch [121/1000], Batch [40/201], Loss: 2.7950, Train Acc: 0.3594, Val Acc: 0.0480
Epoch [121/1000], Batch [50/201], Loss: 2.8256, Train Acc: 0.3906, Val Acc: 0.0520
Epoch [121/1000], Batch [60/201], Loss: 2.9802, Train Acc: 0.3750, Val Acc: 0.0480
Epoch [121/1000], Batch [70/201], Loss: 2.7827, Train Acc: 0.3594, Val Acc: 0.0640
Epoch [121/1000], Batch [80/201], Loss: 3.0517, Train Acc: 0.4062, Val Acc: 0.0560
Epoch [121/1000], Batch [90/201], Loss: 2.9048, Train Acc: 0.3750, Val Acc: 0.0520
Epoch [121/1000], Batch [100/201], Loss: 3.3385, Train Acc: 0.3750, Val Acc: 0.0520
Epoch [121/1000], Batch [110/201], Loss: 2.9943, Train Acc: 0.4062, Val Acc: 0.0560
Epoch [121/1000], Batch [120/201], Loss: 3.5028, Train Acc: 0.2344, Val Acc: 0.0520
Epoch [121/1000], Batch [130/201], Loss: 2.9995, Train Acc: 0.3750, Val Acc: 0.0440
Epoch [121/1000], Batch [140/201], Loss: 2.7259, Train Acc: 0.3594, Val Acc: 0.0480
Epoch [121/1000], Batch [150/201], Loss: 3.1389, Train Acc: 0.3438, Val Acc: 0.0440
Epoch [121/1000], Batch [160/201], Loss: 3.1719, Train Acc: 0.3125, Val Acc: 0.0440
Epoch [121/1000], Batch [170/201], Loss: 3.1961, Train Acc: 0.3750, Val Acc: 0.0560
Epoch [121/1000], Batch [180/201], Loss: 2.9781, Train Acc: 0.3750, Val Acc: 0.0560
Epoch [121/1000], Batch [190/201], Loss: 2.9434, Train Acc: 0.3438, Val Acc: 0.0440
Epoch [121/1000], Batch [200/201], Loss: 3.1896, Train Acc: 0.3750, Val Acc: 0.0560
Epoch [122/1000], Batch [10/201], Loss: 2.6292, Train Acc: 0.3906, Val Acc: 0.0640
Epoch [122/1000], Batch [20/201], Loss: 2.8826, Train Acc: 0.4375, Val Acc: 0.0520
Epoch [122/1000], Batch [30/201], Loss: 3.3036, Train Acc: 0.2812, Val Acc: 0.0480
Epoch [122/1000], Batch [40/201], Loss: 2.8950, Train Acc: 0.4219, Val Acc: 0.0440
Epoch [122/1000], Batch [50/201], Loss: 3.0056, Train Acc: 0.3438, Val Acc: 0.0480
Epoch [122/1000], Batch [60/201], Loss: 2.7426, Train Acc: 0.3281, Val Acc: 0.0480
Epoch [122/1000], Batch [70/201], Loss: 3.1178, Train Acc: 0.3438, Val Acc: 0.0480
Epoch [122/1000], Batch [80/201], Loss: 2.7748, Train Acc: 0.3594, Val Acc: 0.0480
Epoch [122/1000], Batch [90/201], Loss: 3.1385, Train Acc: 0.3281, Val Acc: 0.0600
Epoch [122/1000], Batch [100/201], Loss: 3.1690, Train Acc: 0.2969, Val Acc: 0.0520
Epoch [122/1000], Batch [110/201], Loss: 2.7448, Train Acc: 0.3438, Val Acc: 0.0560
Epoch [122/1000], Batch [120/201], Loss: 2.7988, Train Acc: 0.4375, Val Acc: 0.0560
Epoch [122/1000], Batch [130/201], Loss: 3.4856, Train Acc: 0.3125, Val Acc: 0.0560
Epoch [122/1000], Batch [140/201], Loss: 3.2515, Train Acc: 0.3281, Val Acc: 0.0560
Epoch [122/1000], Batch [150/201], Loss: 2.9611, Train Acc: 0.3594, Val Acc: 0.0400
Epoch [122/1000], Batch [160/201], Loss: 2.9501, Train Acc: 0.3594, Val Acc: 0.0520
Epoch [122/1000], Batch [170/201], Loss: 2.8548, Train Acc: 0.3281, Val Acc: 0.0400
Epoch [122/1000], Batch [180/201], Loss: 2.7956, Train Acc: 0.4219, Val Acc: 0.0400
Epoch [122/1000], Batch [190/201], Loss: 2.9393, Train Acc: 0.2969, Val Acc: 0.0560
Epoch [122/1000], Batch [200/201], Loss: 2.8530, Train Acc: 0.3906, Val Acc: 0.0520
Epoch [123/1000], Batch [10/201], Loss: 2.7658, Train Acc: 0.4531, Val Acc: 0.0480
Epoch [123/1000], Batch [20/201], Loss: 2.8826, Train Acc: 0.4062, Val Acc: 0.0400
Epoch [123/1000], Batch [30/201], Loss: 2.9051, Train Acc: 0.3125, Val Acc: 0.0560
Epoch [123/1000], Batch [40/201], Loss: 2.9830, Train Acc: 0.3125, Val Acc: 0.0480
Epoch [123/1000], Batch [50/201], Loss: 3.4854, Train Acc: 0.2188, Val Acc: 0.0560
Epoch [123/1000], Batch [60/201], Loss: 2.7445, Train Acc: 0.4531, Val Acc: 0.0400
Epoch [123/1000], Batch [70/201], Loss: 2.9278, Train Acc: 0.3125, Val Acc: 0.0440
Epoch [123/1000], Batch [80/201], Loss: 3.2518, Train Acc: 0.2656, Val Acc: 0.0560
Epoch [123/1000], Batch [90/201], Loss: 3.0772, Train Acc: 0.3281, Val Acc: 0.0520
Epoch [123/1000], Batch [100/201], Loss: 2.9457, Train Acc: 0.3281, Val Acc: 0.0560
Epoch [123/1000], Batch [110/201], Loss: 3.2087, Train Acc: 0.2812, Val Acc: 0.0400
Epoch [123/1000], Batch [120/201], Loss: 2.9998, Train Acc: 0.3438, Val Acc: 0.0440
Epoch [123/1000], Batch [130/201], Loss: 2.9120, Train Acc: 0.4688, Val Acc: 0.0560
Epoch [123/1000], Batch [140/201], Loss: 3.0512, Train Acc: 0.3906, Val Acc: 0.0520
Epoch [123/1000], Batch [150/201], Loss: 3.2866, Train Acc: 0.2656, Val Acc: 0.0520
Epoch [123/1000], Batch [160/201], Loss: 3.3908, Train Acc: 0.2812, Val Acc: 0.0440
Epoch [123/1000], Batch [170/201], Loss: 2.6064, Train Acc: 0.4062, Val Acc: 0.0480
Epoch [123/1000], Batch [180/201], Loss: 3.0143, Train Acc: 0.4531, Val Acc: 0.0520
Epoch [123/1000], Batch [190/201], Loss: 2.7829, Train Acc: 0.3594, Val Acc: 0.0600
Epoch [123/1000], Batch [200/201], Loss: 2.6934, Train Acc: 0.4844, Val Acc: 0.0520
Epoch [124/1000], Batch [10/201], Loss: 3.0259, Train Acc: 0.3438, Val Acc: 0.0440
Epoch [124/1000], Batch [20/201], Loss: 2.9143, Train Acc: 0.2656, Val Acc: 0.0560
Epoch [124/1000], Batch [30/201], Loss: 3.3305, Train Acc: 0.3281, Val Acc: 0.0480
Epoch [124/1000], Batch [40/201], Loss: 3.0293, Train Acc: 0.3125, Val Acc: 0.0480
Epoch [124/1000], Batch [50/201], Loss: 3.0606, Train Acc: 0.3438, Val Acc: 0.0520
Epoch [124/1000], Batch [60/201], Loss: 2.9779, Train Acc: 0.3438, Val Acc: 0.0560
Epoch [124/1000], Batch [70/201], Loss: 3.1013, Train Acc: 0.2969, Val Acc: 0.0480
Epoch [124/1000], Batch [80/201], Loss: 3.0533, Train Acc: 0.3906, Val Acc: 0.0440
Epoch [124/1000], Batch [90/201], Loss: 2.8345, Train Acc: 0.3906, Val Acc: 0.0400
Epoch [124/1000], Batch [100/201], Loss: 3.2908, Train Acc: 0.3906, Val Acc: 0.0480
Epoch [124/1000], Batch [110/201], Loss: 2.7180, Train Acc: 0.4062, Val Acc: 0.0440
Epoch [124/1000], Batch [120/201], Loss: 2.6696, Train Acc: 0.4531, Val Acc: 0.0440
Epoch [124/1000], Batch [130/201], Loss: 3.1421, Train Acc: 0.4062, Val Acc: 0.0480
Epoch [124/1000], Batch [140/201], Loss: 3.0743, Train Acc: 0.3125, Val Acc: 0.0520
Epoch [124/1000], Batch [150/201], Loss: 2.7701, Train Acc: 0.4375, Val Acc: 0.0480
Epoch [124/1000], Batch [160/201], Loss: 2.8755, Train Acc: 0.3750, Val Acc: 0.0480
Epoch [124/1000], Batch [170/201], Loss: 2.8701, Train Acc: 0.3594, Val Acc: 0.0480
Epoch [124/1000], Batch [180/201], Loss: 3.1370, Train Acc: 0.4062, Val Acc: 0.0560
Epoch [124/1000], Batch [190/201], Loss: 3.2589, Train Acc: 0.3125, Val Acc: 0.0560
Epoch [124/1000], Batch [200/201], Loss: 3.0709, Train Acc: 0.3594, Val Acc: 0.0480
Epoch [125/1000], Batch [10/201], Loss: 3.2635, Train Acc: 0.3750, Val Acc: 0.0480
Epoch [125/1000], Batch [20/201], Loss: 2.7323, Train Acc: 0.3594, Val Acc: 0.0480
Epoch [125/1000], Batch [30/201], Loss: 3.1631, Train Acc: 0.2344, Val Acc: 0.0440
Epoch [125/1000], Batch [40/201], Loss: 2.9462, Train Acc: 0.2969, Val Acc: 0.0440
Epoch [125/1000], Batch [50/201], Loss: 2.8176, Train Acc: 0.4219, Val Acc: 0.0560
Epoch [125/1000], Batch [60/201], Loss: 2.9204, Train Acc: 0.4062, Val Acc: 0.0520
Epoch [125/1000], Batch [70/201], Loss: 2.5758, Train Acc: 0.4375, Val Acc: 0.0480
Epoch [125/1000], Batch [80/201], Loss: 3.2982, Train Acc: 0.3125, Val Acc: 0.0520
Epoch [125/1000], Batch [90/201], Loss: 3.0838, Train Acc: 0.3906, Val Acc: 0.0520
Epoch [125/1000], Batch [100/201], Loss: 2.9353, Train Acc: 0.3438, Val Acc: 0.0480
Epoch [125/1000], Batch [110/201], Loss: 3.2068, Train Acc: 0.3281, Val Acc: 0.0480
Epoch [125/1000], Batch [120/201], Loss: 3.1977, Train Acc: 0.2656, Val Acc: 0.0520
Epoch [125/1000], Batch [130/201], Loss: 2.8685, Train Acc: 0.3750, Val Acc: 0.0600
Epoch [125/1000], Batch [140/201], Loss: 2.7653, Train Acc: 0.4219, Val Acc: 0.0560
Epoch [125/1000], Batch [150/201], Loss: 2.9546, Train Acc: 0.2812, Val Acc: 0.0520
Epoch [125/1000], Batch [160/201], Loss: 2.7763, Train Acc: 0.3438, Val Acc: 0.0520
Epoch [125/1000], Batch [170/201], Loss: 2.6782, Train Acc: 0.4219, Val Acc: 0.0360
Epoch [125/1000], Batch [180/201], Loss: 2.8456, Train Acc: 0.3750, Val Acc: 0.0520
Epoch [125/1000], Batch [190/201], Loss: 3.1916, Train Acc: 0.3438, Val Acc: 0.0440
Epoch [125/1000], Batch [200/201], Loss: 3.0532, Train Acc: 0.3906, Val Acc: 0.0480
Epoch [126/1000], Batch [10/201], Loss: 3.3366, Train Acc: 0.3438, Val Acc: 0.0360
Epoch [126/1000], Batch [20/201], Loss: 3.0497, Train Acc: 0.3281, Val Acc: 0.0440
Epoch [126/1000], Batch [30/201], Loss: 3.0481, Train Acc: 0.3438, Val Acc: 0.0440
Epoch [126/1000], Batch [40/201], Loss: 3.0376, Train Acc: 0.3438, Val Acc: 0.0560
Epoch [126/1000], Batch [50/201], Loss: 2.6039, Train Acc: 0.4219, Val Acc: 0.0560
Epoch [126/1000], Batch [60/201], Loss: 3.0361, Train Acc: 0.3438, Val Acc: 0.0600
Epoch [126/1000], Batch [70/201], Loss: 2.8927, Train Acc: 0.4688, Val Acc: 0.0440
Epoch [126/1000], Batch [80/201], Loss: 2.6416, Train Acc: 0.4219, Val Acc: 0.0480
Epoch [126/1000], Batch [90/201], Loss: 2.9873, Train Acc: 0.4219, Val Acc: 0.0560
Epoch [126/1000], Batch [100/201], Loss: 3.1561, Train Acc: 0.2812, Val Acc: 0.0480
Epoch [126/1000], Batch [110/201], Loss: 3.0916, Train Acc: 0.3281, Val Acc: 0.0520
Epoch [126/1000], Batch [120/201], Loss: 2.9359, Train Acc: 0.3438, Val Acc: 0.0520
Epoch [126/1000], Batch [130/201], Loss: 2.8208, Train Acc: 0.3281, Val Acc: 0.0440
Epoch [126/1000], Batch [140/201], Loss: 3.3616, Train Acc: 0.2812, Val Acc: 0.0520
Epoch [126/1000], Batch [150/201], Loss: 3.4165, Train Acc: 0.3438, Val Acc: 0.0520
Epoch [126/1000], Batch [160/201], Loss: 2.9377, Train Acc: 0.4062, Val Acc: 0.0400
Epoch [126/1000], Batch [170/201], Loss: 2.5962, Train Acc: 0.4375, Val Acc: 0.0520
Epoch [126/1000], Batch [180/201], Loss: 2.9613, Train Acc: 0.3594, Val Acc: 0.0480
Epoch [126/1000], Batch [190/201], Loss: 3.2046, Train Acc: 0.2344, Val Acc: 0.0480
Epoch [126/1000], Batch [200/201], Loss: 3.0449, Train Acc: 0.3281, Val Acc: 0.0520
Epoch [127/1000], Batch [10/201], Loss: 2.8454, Train Acc: 0.3594, Val Acc: 0.0440
Epoch [127/1000], Batch [20/201], Loss: 2.6360, Train Acc: 0.4219, Val Acc: 0.0520
Epoch [127/1000], Batch [30/201], Loss: 3.1987, Train Acc: 0.2969, Val Acc: 0.0520
Epoch [127/1000], Batch [40/201], Loss: 2.7474, Train Acc: 0.3906, Val Acc: 0.0440
Epoch [127/1000], Batch [50/201], Loss: 3.2167, Train Acc: 0.3281, Val Acc: 0.0520
Epoch [127/1000], Batch [60/201], Loss: 3.0611, Train Acc: 0.3438, Val Acc: 0.0480
Epoch [127/1000], Batch [70/201], Loss: 3.0441, Train Acc: 0.3594, Val Acc: 0.0480
Epoch [127/1000], Batch [80/201], Loss: 2.6208, Train Acc: 0.3594, Val Acc: 0.0520
Epoch [127/1000], Batch [90/201], Loss: 3.3674, Train Acc: 0.2656, Val Acc: 0.0520
Epoch [127/1000], Batch [100/201], Loss: 2.9773, Train Acc: 0.2812, Val Acc: 0.0480
Epoch [127/1000], Batch [110/201], Loss: 2.7720, Train Acc: 0.3750, Val Acc: 0.0360
Epoch [127/1000], Batch [120/201], Loss: 2.8230, Train Acc: 0.2812, Val Acc: 0.0520
Epoch [127/1000], Batch [130/201], Loss: 3.1877, Train Acc: 0.1875, Val Acc: 0.0520
Epoch [127/1000], Batch [140/201], Loss: 3.0148, Train Acc: 0.3438, Val Acc: 0.0520
Epoch [127/1000], Batch [150/201], Loss: 2.8043, Train Acc: 0.3906, Val Acc: 0.0520
Epoch [127/1000], Batch [160/201], Loss: 3.2953, Train Acc: 0.2656, Val Acc: 0.0600
Epoch [127/1000], Batch [170/201], Loss: 3.3088, Train Acc: 0.2188, Val Acc: 0.0640
Epoch [127/1000], Batch [180/201], Loss: 3.2735, Train Acc: 0.2344, Val Acc: 0.0520
Epoch [127/1000], Batch [190/201], Loss: 2.8573, Train Acc: 0.3438, Val Acc: 0.0480
Epoch [127/1000], Batch [200/201], Loss: 2.7788, Train Acc: 0.4375, Val Acc: 0.0480
Epoch [128/1000], Batch [10/201], Loss: 2.6605, Train Acc: 0.4219, Val Acc: 0.0640
Epoch [128/1000], Batch [20/201], Loss: 2.7156, Train Acc: 0.3594, Val Acc: 0.0520
Epoch [128/1000], Batch [30/201], Loss: 2.7927, Train Acc: 0.3906, Val Acc: 0.0480
Epoch [128/1000], Batch [40/201], Loss: 2.9473, Train Acc: 0.4531, Val Acc: 0.0480
Epoch [128/1000], Batch [50/201], Loss: 3.0465, Train Acc: 0.3594, Val Acc: 0.0480
Epoch [128/1000], Batch [60/201], Loss: 3.1371, Train Acc: 0.3125, Val Acc: 0.0440
Epoch [128/1000], Batch [70/201], Loss: 2.8223, Train Acc: 0.4062, Val Acc: 0.0560
Epoch [128/1000], Batch [80/201], Loss: 2.6431, Train Acc: 0.5156, Val Acc: 0.0560
Epoch [128/1000], Batch [90/201], Loss: 2.7736, Train Acc: 0.3750, Val Acc: 0.0480
Epoch [128/1000], Batch [100/201], Loss: 2.9532, Train Acc: 0.3281, Val Acc: 0.0520
Epoch [128/1000], Batch [110/201], Loss: 2.7463, Train Acc: 0.3281, Val Acc: 0.0600
Epoch [128/1000], Batch [120/201], Loss: 3.1084, Train Acc: 0.3906, Val Acc: 0.0560
Epoch [128/1000], Batch [130/201], Loss: 2.9311, Train Acc: 0.4062, Val Acc: 0.0640
Epoch [128/1000], Batch [140/201], Loss: 3.1372, Train Acc: 0.4062, Val Acc: 0.0560
Epoch [128/1000], Batch [150/201], Loss: 2.9757, Train Acc: 0.3594, Val Acc: 0.0440
Epoch [128/1000], Batch [160/201], Loss: 3.1227, Train Acc: 0.2969, Val Acc: 0.0520
Epoch [128/1000], Batch [170/201], Loss: 3.0603, Train Acc: 0.3594, Val Acc: 0.0440
Epoch [128/1000], Batch [180/201], Loss: 2.9167, Train Acc: 0.3438, Val Acc: 0.0560
Epoch [128/1000], Batch [190/201], Loss: 2.9390, Train Acc: 0.3281, Val Acc: 0.0480
Epoch [128/1000], Batch [200/201], Loss: 3.0374, Train Acc: 0.4375, Val Acc: 0.0480
Epoch [129/1000], Batch [10/201], Loss: 2.9783, Train Acc: 0.3594, Val Acc: 0.0560
Epoch [129/1000], Batch [20/201], Loss: 2.6958, Train Acc: 0.3594, Val Acc: 0.0560
Epoch [129/1000], Batch [30/201], Loss: 2.7915, Train Acc: 0.3750, Val Acc: 0.0520
Epoch [129/1000], Batch [40/201], Loss: 3.0810, Train Acc: 0.3438, Val Acc: 0.0440
Epoch [129/1000], Batch [50/201], Loss: 2.8464, Train Acc: 0.2969, Val Acc: 0.0520
Epoch [129/1000], Batch [60/201], Loss: 2.8014, Train Acc: 0.2812, Val Acc: 0.0560
Epoch [129/1000], Batch [70/201], Loss: 2.7768, Train Acc: 0.4375, Val Acc: 0.0440
Epoch [129/1000], Batch [80/201], Loss: 2.6620, Train Acc: 0.4219, Val Acc: 0.0440
Epoch [129/1000], Batch [90/201], Loss: 3.1181, Train Acc: 0.4219, Val Acc: 0.0520
Epoch [129/1000], Batch [100/201], Loss: 2.6124, Train Acc: 0.4688, Val Acc: 0.0520
Epoch [129/1000], Batch [110/201], Loss: 2.7212, Train Acc: 0.3594, Val Acc: 0.0400
Epoch [129/1000], Batch [120/201], Loss: 3.2581, Train Acc: 0.2969, Val Acc: 0.0520
Epoch [129/1000], Batch [130/201], Loss: 3.3335, Train Acc: 0.2812, Val Acc: 0.0560
Epoch [129/1000], Batch [140/201], Loss: 3.3085, Train Acc: 0.2969, Val Acc: 0.0600
Epoch [129/1000], Batch [150/201], Loss: 3.1232, Train Acc: 0.3438, Val Acc: 0.0480
Epoch [129/1000], Batch [160/201], Loss: 2.9623, Train Acc: 0.3438, Val Acc: 0.0440
Epoch [129/1000], Batch [170/201], Loss: 2.9846, Train Acc: 0.3750, Val Acc: 0.0480
Epoch [129/1000], Batch [180/201], Loss: 2.9619, Train Acc: 0.2969, Val Acc: 0.0480
Epoch [129/1000], Batch [190/201], Loss: 2.8300, Train Acc: 0.4062, Val Acc: 0.0520
Epoch [129/1000], Batch [200/201], Loss: 2.8685, Train Acc: 0.3125, Val Acc: 0.0520
Epoch [130/1000], Batch [10/201], Loss: 2.9241, Train Acc: 0.4062, Val Acc: 0.0560
Epoch [130/1000], Batch [20/201], Loss: 2.6879, Train Acc: 0.4375, Val Acc: 0.0600
Epoch [130/1000], Batch [30/201], Loss: 2.9275, Train Acc: 0.3750, Val Acc: 0.0560
Epoch [130/1000], Batch [40/201], Loss: 3.1333, Train Acc: 0.3750, Val Acc: 0.0600
Epoch [130/1000], Batch [50/201], Loss: 2.9476, Train Acc: 0.3125, Val Acc: 0.0560
Epoch [130/1000], Batch [60/201], Loss: 3.0090, Train Acc: 0.3594, Val Acc: 0.0400
Epoch [130/1000], Batch [70/201], Loss: 3.2470, Train Acc: 0.2656, Val Acc: 0.0560
Epoch [130/1000], Batch [80/201], Loss: 3.1413, Train Acc: 0.3594, Val Acc: 0.0520
Epoch [130/1000], Batch [90/201], Loss: 3.3296, Train Acc: 0.2656, Val Acc: 0.0520
Epoch [130/1000], Batch [100/201], Loss: 2.6399, Train Acc: 0.3281, Val Acc: 0.0480
Epoch [130/1000], Batch [110/201], Loss: 2.8940, Train Acc: 0.4375, Val Acc: 0.0440
Epoch [130/1000], Batch [120/201], Loss: 2.9586, Train Acc: 0.3594, Val Acc: 0.0360
Epoch [130/1000], Batch [130/201], Loss: 3.1733, Train Acc: 0.2969, Val Acc: 0.0520
Epoch [130/1000], Batch [140/201], Loss: 3.0853, Train Acc: 0.3281, Val Acc: 0.0520
Epoch [130/1000], Batch [150/201], Loss: 3.0495, Train Acc: 0.3750, Val Acc: 0.0560
Epoch [130/1000], Batch [160/201], Loss: 2.6932, Train Acc: 0.3438, Val Acc: 0.0600
Epoch [130/1000], Batch [170/201], Loss: 3.2463, Train Acc: 0.3594, Val Acc: 0.0520
Epoch [130/1000], Batch [180/201], Loss: 2.9531, Train Acc: 0.4219, Val Acc: 0.0600
Epoch [130/1000], Batch [190/201], Loss: 2.9112, Train Acc: 0.3594, Val Acc: 0.0480
Epoch [130/1000], Batch [200/201], Loss: 3.0193, Train Acc: 0.3750, Val Acc: 0.0440
Epoch [131/1000], Batch [10/201], Loss: 2.6108, Train Acc: 0.3906, Val Acc: 0.0400
Epoch [131/1000], Batch [20/201], Loss: 2.7577, Train Acc: 0.3438, Val Acc: 0.0440
Epoch [131/1000], Batch [30/201], Loss: 3.0732, Train Acc: 0.3125, Val Acc: 0.0440
Epoch [131/1000], Batch [40/201], Loss: 2.8546, Train Acc: 0.3281, Val Acc: 0.0440
Epoch [131/1000], Batch [50/201], Loss: 3.2565, Train Acc: 0.2969, Val Acc: 0.0480
Epoch [131/1000], Batch [60/201], Loss: 2.8157, Train Acc: 0.4062, Val Acc: 0.0440
Epoch [131/1000], Batch [70/201], Loss: 2.9700, Train Acc: 0.3125, Val Acc: 0.0560
Epoch [131/1000], Batch [80/201], Loss: 2.8113, Train Acc: 0.3594, Val Acc: 0.0480
Epoch [131/1000], Batch [90/201], Loss: 2.6456, Train Acc: 0.4531, Val Acc: 0.0560
Epoch [131/1000], Batch [100/201], Loss: 2.9622, Train Acc: 0.3438, Val Acc: 0.0640
Epoch [131/1000], Batch [110/201], Loss: 2.5995, Train Acc: 0.4531, Val Acc: 0.0600
Epoch [131/1000], Batch [120/201], Loss: 2.4731, Train Acc: 0.3594, Val Acc: 0.0480
Epoch [131/1000], Batch [130/201], Loss: 2.9804, Train Acc: 0.3750, Val Acc: 0.0440
Epoch [131/1000], Batch [140/201], Loss: 3.0506, Train Acc: 0.2969, Val Acc: 0.0480
Epoch [131/1000], Batch [150/201], Loss: 3.3149, Train Acc: 0.3125, Val Acc: 0.0440
Epoch [131/1000], Batch [160/201], Loss: 3.1680, Train Acc: 0.3438, Val Acc: 0.0480
Epoch [131/1000], Batch [170/201], Loss: 3.0609, Train Acc: 0.4688, Val Acc: 0.0560
Epoch [131/1000], Batch [180/201], Loss: 3.1498, Train Acc: 0.2969, Val Acc: 0.0640
Epoch [131/1000], Batch [190/201], Loss: 2.8029, Train Acc: 0.4219, Val Acc: 0.0520
Epoch [131/1000], Batch [200/201], Loss: 2.5888, Train Acc: 0.4844, Val Acc: 0.0600
Epoch [132/1000], Batch [10/201], Loss: 2.9187, Train Acc: 0.3594, Val Acc: 0.0480
Epoch [132/1000], Batch [20/201], Loss: 3.1752, Train Acc: 0.3594, Val Acc: 0.0520
Epoch [132/1000], Batch [30/201], Loss: 2.6656, Train Acc: 0.3906, Val Acc: 0.0600
Epoch [132/1000], Batch [40/201], Loss: 2.8772, Train Acc: 0.3594, Val Acc: 0.0600
Epoch [132/1000], Batch [50/201], Loss: 3.1770, Train Acc: 0.3125, Val Acc: 0.0480
Epoch [132/1000], Batch [60/201], Loss: 2.7561, Train Acc: 0.4062, Val Acc: 0.0520
Epoch [132/1000], Batch [70/201], Loss: 2.8090, Train Acc: 0.3594, Val Acc: 0.0480
Epoch [132/1000], Batch [80/201], Loss: 2.7610, Train Acc: 0.4062, Val Acc: 0.0480
Epoch [132/1000], Batch [90/201], Loss: 3.0029, Train Acc: 0.3750, Val Acc: 0.0520
Epoch [132/1000], Batch [100/201], Loss: 3.3770, Train Acc: 0.3438, Val Acc: 0.0480
Epoch [132/1000], Batch [110/201], Loss: 3.1663, Train Acc: 0.4062, Val Acc: 0.0600
Epoch [132/1000], Batch [120/201], Loss: 3.1199, Train Acc: 0.3125, Val Acc: 0.0560
Epoch [132/1000], Batch [130/201], Loss: 3.1192, Train Acc: 0.3750, Val Acc: 0.0560
Epoch [132/1000], Batch [140/201], Loss: 3.0201, Train Acc: 0.3750, Val Acc: 0.0360
Epoch [132/1000], Batch [150/201], Loss: 2.9290, Train Acc: 0.2969, Val Acc: 0.0480
Epoch [132/1000], Batch [160/201], Loss: 2.9385, Train Acc: 0.4219, Val Acc: 0.0600
Epoch [132/1000], Batch [170/201], Loss: 3.2450, Train Acc: 0.3594, Val Acc: 0.0480
Epoch [132/1000], Batch [180/201], Loss: 2.8424, Train Acc: 0.3438, Val Acc: 0.0440
Epoch [132/1000], Batch [190/201], Loss: 2.9638, Train Acc: 0.3750, Val Acc: 0.0520
Epoch [132/1000], Batch [200/201], Loss: 2.9146, Train Acc: 0.4531, Val Acc: 0.0440
Epoch [133/1000], Batch [10/201], Loss: 2.8850, Train Acc: 0.3281, Val Acc: 0.0480
Epoch [133/1000], Batch [20/201], Loss: 3.3593, Train Acc: 0.2969, Val Acc: 0.0480
Epoch [133/1000], Batch [30/201], Loss: 2.4058, Train Acc: 0.5469, Val Acc: 0.0560
Epoch [133/1000], Batch [40/201], Loss: 2.8214, Train Acc: 0.4688, Val Acc: 0.0480
Epoch [133/1000], Batch [50/201], Loss: 2.9102, Train Acc: 0.4219, Val Acc: 0.0560
Epoch [133/1000], Batch [60/201], Loss: 3.1065, Train Acc: 0.3281, Val Acc: 0.0440
Epoch [133/1000], Batch [70/201], Loss: 2.9627, Train Acc: 0.3750, Val Acc: 0.0520
Epoch [133/1000], Batch [80/201], Loss: 3.1920, Train Acc: 0.2812, Val Acc: 0.0400
Epoch [133/1000], Batch [90/201], Loss: 2.7649, Train Acc: 0.4219, Val Acc: 0.0360
Epoch [133/1000], Batch [100/201], Loss: 2.8954, Train Acc: 0.4062, Val Acc: 0.0560
Epoch [133/1000], Batch [110/201], Loss: 2.8734, Train Acc: 0.2969, Val Acc: 0.0440
Epoch [133/1000], Batch [120/201], Loss: 2.9904, Train Acc: 0.4219, Val Acc: 0.0400
Epoch [133/1000], Batch [130/201], Loss: 3.2033, Train Acc: 0.3125, Val Acc: 0.0480
Epoch [133/1000], Batch [140/201], Loss: 3.2141, Train Acc: 0.3594, Val Acc: 0.0480
Epoch [133/1000], Batch [150/201], Loss: 3.3177, Train Acc: 0.3281, Val Acc: 0.0480
Epoch [133/1000], Batch [160/201], Loss: 2.6382, Train Acc: 0.4219, Val Acc: 0.0520
Epoch [133/1000], Batch [170/201], Loss: 2.4918, Train Acc: 0.4062, Val Acc: 0.0560
Epoch [133/1000], Batch [180/201], Loss: 3.3063, Train Acc: 0.3594, Val Acc: 0.0560
Epoch [133/1000], Batch [190/201], Loss: 2.8995, Train Acc: 0.3438, Val Acc: 0.0520
Epoch [133/1000], Batch [200/201], Loss: 3.3168, Train Acc: 0.3125, Val Acc: 0.0480
Epoch [134/1000], Batch [10/201], Loss: 2.7546, Train Acc: 0.3438, Val Acc: 0.0440
Epoch [134/1000], Batch [20/201], Loss: 3.0227, Train Acc: 0.3438, Val Acc: 0.0400
Epoch [134/1000], Batch [30/201], Loss: 3.1983, Train Acc: 0.3438, Val Acc: 0.0600
Epoch [134/1000], Batch [40/201], Loss: 2.7071, Train Acc: 0.4531, Val Acc: 0.0520
Epoch [134/1000], Batch [50/201], Loss: 2.8038, Train Acc: 0.3594, Val Acc: 0.0440
Epoch [134/1000], Batch [60/201], Loss: 2.3014, Train Acc: 0.4688, Val Acc: 0.0560
Epoch [134/1000], Batch [70/201], Loss: 2.8875, Train Acc: 0.3125, Val Acc: 0.0560
Epoch [134/1000], Batch [80/201], Loss: 3.0689, Train Acc: 0.2969, Val Acc: 0.0560
Epoch [134/1000], Batch [90/201], Loss: 2.9071, Train Acc: 0.3594, Val Acc: 0.0520
Epoch [134/1000], Batch [100/201], Loss: 3.0340, Train Acc: 0.4219, Val Acc: 0.0560
Epoch [134/1000], Batch [110/201], Loss: 2.6304, Train Acc: 0.4219, Val Acc: 0.0560
Epoch [134/1000], Batch [120/201], Loss: 2.8688, Train Acc: 0.4219, Val Acc: 0.0520
Epoch [134/1000], Batch [130/201], Loss: 3.2246, Train Acc: 0.3750, Val Acc: 0.0480
Epoch [134/1000], Batch [140/201], Loss: 3.3423, Train Acc: 0.3125, Val Acc: 0.0560
Epoch [134/1000], Batch [150/201], Loss: 3.0092, Train Acc: 0.2812, Val Acc: 0.0480
Epoch [134/1000], Batch [160/201], Loss: 3.2541, Train Acc: 0.3438, Val Acc: 0.0400
Epoch [134/1000], Batch [170/201], Loss: 3.1685, Train Acc: 0.2969, Val Acc: 0.0520
Epoch [134/1000], Batch [180/201], Loss: 2.8397, Train Acc: 0.3438, Val Acc: 0.0600
Epoch [134/1000], Batch [190/201], Loss: 2.8292, Train Acc: 0.4062, Val Acc: 0.0520
Epoch [134/1000], Batch [200/201], Loss: 3.1298, Train Acc: 0.3750, Val Acc: 0.0440
Epoch [135/1000], Batch [10/201], Loss: 2.9996, Train Acc: 0.4062, Val Acc: 0.0520
Epoch [135/1000], Batch [20/201], Loss: 3.4753, Train Acc: 0.3125, Val Acc: 0.0440
Epoch [135/1000], Batch [30/201], Loss: 2.7781, Train Acc: 0.3906, Val Acc: 0.0480
Epoch [135/1000], Batch [40/201], Loss: 3.1862, Train Acc: 0.3281, Val Acc: 0.0480
Epoch [135/1000], Batch [50/201], Loss: 3.1215, Train Acc: 0.3438, Val Acc: 0.0520
Epoch [135/1000], Batch [60/201], Loss: 2.5855, Train Acc: 0.4844, Val Acc: 0.0480
Epoch [135/1000], Batch [70/201], Loss: 2.9056, Train Acc: 0.3438, Val Acc: 0.0600
Epoch [135/1000], Batch [80/201], Loss: 3.1450, Train Acc: 0.3125, Val Acc: 0.0400
Epoch [135/1000], Batch [90/201], Loss: 3.0070, Train Acc: 0.2812, Val Acc: 0.0600
Epoch [135/1000], Batch [100/201], Loss: 2.8321, Train Acc: 0.3438, Val Acc: 0.0560
Epoch [135/1000], Batch [110/201], Loss: 3.1133, Train Acc: 0.3281, Val Acc: 0.0560
Epoch [135/1000], Batch [120/201], Loss: 2.8016, Train Acc: 0.3281, Val Acc: 0.0480
Epoch [135/1000], Batch [130/201], Loss: 3.1319, Train Acc: 0.3125, Val Acc: 0.0360
Epoch [135/1000], Batch [140/201], Loss: 3.2018, Train Acc: 0.3906, Val Acc: 0.0520
Epoch [135/1000], Batch [150/201], Loss: 2.8727, Train Acc: 0.3906, Val Acc: 0.0520
Epoch [135/1000], Batch [160/201], Loss: 2.5391, Train Acc: 0.4531, Val Acc: 0.0520
Epoch [135/1000], Batch [170/201], Loss: 2.9360, Train Acc: 0.3594, Val Acc: 0.0440
Epoch [135/1000], Batch [180/201], Loss: 2.6500, Train Acc: 0.4375, Val Acc: 0.0520
Epoch [135/1000], Batch [190/201], Loss: 3.0288, Train Acc: 0.3594, Val Acc: 0.0520
Epoch [135/1000], Batch [200/201], Loss: 2.6601, Train Acc: 0.4375, Val Acc: 0.0520
Epoch [136/1000], Batch [10/201], Loss: 3.0374, Train Acc: 0.3906, Val Acc: 0.0480
Epoch [136/1000], Batch [20/201], Loss: 2.9204, Train Acc: 0.4062, Val Acc: 0.0480
Epoch [136/1000], Batch [30/201], Loss: 2.8626, Train Acc: 0.3438, Val Acc: 0.0400
Epoch [136/1000], Batch [40/201], Loss: 2.8165, Train Acc: 0.3125, Val Acc: 0.0480
Epoch [136/1000], Batch [50/201], Loss: 2.8767, Train Acc: 0.3281, Val Acc: 0.0520
Epoch [136/1000], Batch [60/201], Loss: 2.7657, Train Acc: 0.3906, Val Acc: 0.0480
Epoch [136/1000], Batch [70/201], Loss: 3.1693, Train Acc: 0.2969, Val Acc: 0.0520
Epoch [136/1000], Batch [80/201], Loss: 2.6522, Train Acc: 0.4062, Val Acc: 0.0640
Epoch [136/1000], Batch [90/201], Loss: 3.0448, Train Acc: 0.2812, Val Acc: 0.0480
Epoch [136/1000], Batch [100/201], Loss: 3.2523, Train Acc: 0.2969, Val Acc: 0.0480
Epoch [136/1000], Batch [110/201], Loss: 2.7087, Train Acc: 0.3125, Val Acc: 0.0520
Epoch [136/1000], Batch [120/201], Loss: 2.8922, Train Acc: 0.3906, Val Acc: 0.0400
Epoch [136/1000], Batch [130/201], Loss: 3.0693, Train Acc: 0.3125, Val Acc: 0.0400
Epoch [136/1000], Batch [140/201], Loss: 2.9571, Train Acc: 0.3281, Val Acc: 0.0440
Epoch [136/1000], Batch [150/201], Loss: 2.6161, Train Acc: 0.3594, Val Acc: 0.0440
Epoch [136/1000], Batch [160/201], Loss: 2.9706, Train Acc: 0.3906, Val Acc: 0.0520
Epoch [136/1000], Batch [170/201], Loss: 2.9652, Train Acc: 0.4219, Val Acc: 0.0520
Epoch [136/1000], Batch [180/201], Loss: 2.6371, Train Acc: 0.5156, Val Acc: 0.0480
Epoch [136/1000], Batch [190/201], Loss: 2.5051, Train Acc: 0.4688, Val Acc: 0.0480
Epoch [136/1000], Batch [200/201], Loss: 2.9602, Train Acc: 0.3906, Val Acc: 0.0560
Epoch [137/1000], Batch [10/201], Loss: 3.1283, Train Acc: 0.3281, Val Acc: 0.0560
Epoch [137/1000], Batch [20/201], Loss: 3.4406, Train Acc: 0.2344, Val Acc: 0.0440
Epoch [137/1000], Batch [30/201], Loss: 2.7330, Train Acc: 0.3594, Val Acc: 0.0560
Epoch [137/1000], Batch [40/201], Loss: 2.8102, Train Acc: 0.4688, Val Acc: 0.0520
Epoch [137/1000], Batch [50/201], Loss: 2.8443, Train Acc: 0.3750, Val Acc: 0.0560
Epoch [137/1000], Batch [60/201], Loss: 2.6711, Train Acc: 0.4688, Val Acc: 0.0640
Epoch [137/1000], Batch [70/201], Loss: 2.4266, Train Acc: 0.4688, Val Acc: 0.0560
Epoch [137/1000], Batch [80/201], Loss: 2.9274, Train Acc: 0.3906, Val Acc: 0.0400
Epoch [137/1000], Batch [90/201], Loss: 2.8733, Train Acc: 0.3750, Val Acc: 0.0480
Epoch [137/1000], Batch [100/201], Loss: 2.8713, Train Acc: 0.3125, Val Acc: 0.0520
Epoch [137/1000], Batch [110/201], Loss: 2.9645, Train Acc: 0.3594, Val Acc: 0.0520
Epoch [137/1000], Batch [120/201], Loss: 2.8547, Train Acc: 0.4375, Val Acc: 0.0520
Epoch [137/1000], Batch [130/201], Loss: 3.3089, Train Acc: 0.3281, Val Acc: 0.0400
Epoch [137/1000], Batch [140/201], Loss: 2.6231, Train Acc: 0.4688, Val Acc: 0.0480
Epoch [137/1000], Batch [150/201], Loss: 2.9679, Train Acc: 0.3438, Val Acc: 0.0520
Epoch [137/1000], Batch [160/201], Loss: 2.9422, Train Acc: 0.3906, Val Acc: 0.0560
Epoch [137/1000], Batch [170/201], Loss: 3.0333, Train Acc: 0.2969, Val Acc: 0.0520
Epoch [137/1000], Batch [180/201], Loss: 3.0405, Train Acc: 0.3125, Val Acc: 0.0480
Epoch [137/1000], Batch [190/201], Loss: 2.9512, Train Acc: 0.4062, Val Acc: 0.0560
Epoch [137/1000], Batch [200/201], Loss: 2.9799, Train Acc: 0.2812, Val Acc: 0.0520
Epoch [138/1000], Batch [10/201], Loss: 3.1123, Train Acc: 0.3281, Val Acc: 0.0480
Epoch [138/1000], Batch [20/201], Loss: 3.1254, Train Acc: 0.3281, Val Acc: 0.0480
Epoch [138/1000], Batch [30/201], Loss: 3.0462, Train Acc: 0.3125, Val Acc: 0.0440
Epoch [138/1000], Batch [40/201], Loss: 2.8415, Train Acc: 0.4062, Val Acc: 0.0480
Epoch [138/1000], Batch [50/201], Loss: 3.0042, Train Acc: 0.3438, Val Acc: 0.0520
Epoch [138/1000], Batch [60/201], Loss: 2.5950, Train Acc: 0.5000, Val Acc: 0.0520
Epoch [138/1000], Batch [70/201], Loss: 3.1507, Train Acc: 0.2656, Val Acc: 0.0480
Epoch [138/1000], Batch [80/201], Loss: 3.0704, Train Acc: 0.3438, Val Acc: 0.0520
Epoch [138/1000], Batch [90/201], Loss: 3.4092, Train Acc: 0.2656, Val Acc: 0.0640
Epoch [138/1000], Batch [100/201], Loss: 2.8978, Train Acc: 0.3125, Val Acc: 0.0600
Epoch [138/1000], Batch [110/201], Loss: 3.0342, Train Acc: 0.3906, Val Acc: 0.0480
Epoch [138/1000], Batch [120/201], Loss: 2.7923, Train Acc: 0.3594, Val Acc: 0.0520
Epoch [138/1000], Batch [130/201], Loss: 2.6568, Train Acc: 0.3594, Val Acc: 0.0560
Epoch [138/1000], Batch [140/201], Loss: 3.3623, Train Acc: 0.2812, Val Acc: 0.0560
Epoch [138/1000], Batch [150/201], Loss: 2.6332, Train Acc: 0.4219, Val Acc: 0.0440
Epoch [138/1000], Batch [160/201], Loss: 2.9116, Train Acc: 0.3125, Val Acc: 0.0480
Epoch [138/1000], Batch [170/201], Loss: 2.9291, Train Acc: 0.3750, Val Acc: 0.0400
Epoch [138/1000], Batch [180/201], Loss: 3.0127, Train Acc: 0.3125, Val Acc: 0.0520
Epoch [138/1000], Batch [190/201], Loss: 2.8848, Train Acc: 0.3594, Val Acc: 0.0520
Epoch [138/1000], Batch [200/201], Loss: 3.3041, Train Acc: 0.3438, Val Acc: 0.0520
Epoch [139/1000], Batch [10/201], Loss: 3.4125, Train Acc: 0.2500, Val Acc: 0.0600
Epoch [139/1000], Batch [20/201], Loss: 3.2105, Train Acc: 0.2656, Val Acc: 0.0560
Epoch [139/1000], Batch [30/201], Loss: 3.4037, Train Acc: 0.3125, Val Acc: 0.0480
Epoch [139/1000], Batch [40/201], Loss: 3.0339, Train Acc: 0.3125, Val Acc: 0.0560
Epoch [139/1000], Batch [50/201], Loss: 3.0025, Train Acc: 0.4219, Val Acc: 0.0560
Epoch [139/1000], Batch [60/201], Loss: 2.8019, Train Acc: 0.4062, Val Acc: 0.0480
Epoch [139/1000], Batch [70/201], Loss: 3.1743, Train Acc: 0.1875, Val Acc: 0.0560
Epoch [139/1000], Batch [80/201], Loss: 2.5354, Train Acc: 0.4062, Val Acc: 0.0560
Epoch [139/1000], Batch [90/201], Loss: 2.8970, Train Acc: 0.3750, Val Acc: 0.0560
Epoch [139/1000], Batch [100/201], Loss: 2.6779, Train Acc: 0.3906, Val Acc: 0.0480
Epoch [139/1000], Batch [110/201], Loss: 3.0732, Train Acc: 0.3906, Val Acc: 0.0480
Epoch [139/1000], Batch [120/201], Loss: 3.1687, Train Acc: 0.3125, Val Acc: 0.0480
Epoch [139/1000], Batch [130/201], Loss: 2.8254, Train Acc: 0.3750, Val Acc: 0.0520
Epoch [139/1000], Batch [140/201], Loss: 2.4994, Train Acc: 0.4375, Val Acc: 0.0520
Epoch [139/1000], Batch [150/201], Loss: 3.0979, Train Acc: 0.3594, Val Acc: 0.0480
Epoch [139/1000], Batch [160/201], Loss: 3.1667, Train Acc: 0.3281, Val Acc: 0.0400
Epoch [139/1000], Batch [170/201], Loss: 3.0506, Train Acc: 0.3281, Val Acc: 0.0560
Epoch [139/1000], Batch [180/201], Loss: 3.1576, Train Acc: 0.2812, Val Acc: 0.0400
Epoch [139/1000], Batch [190/201], Loss: 3.1502, Train Acc: 0.3125, Val Acc: 0.0520
Epoch [139/1000], Batch [200/201], Loss: 3.0440, Train Acc: 0.3750, Val Acc: 0.0520
Epoch [140/1000], Batch [10/201], Loss: 2.6395, Train Acc: 0.4688, Val Acc: 0.0520
Epoch [140/1000], Batch [20/201], Loss: 2.5852, Train Acc: 0.4219, Val Acc: 0.0520
Epoch [140/1000], Batch [30/201], Loss: 2.6271, Train Acc: 0.4531, Val Acc: 0.0440
Epoch [140/1000], Batch [40/201], Loss: 2.6964, Train Acc: 0.4062, Val Acc: 0.0400
Epoch [140/1000], Batch [50/201], Loss: 3.2089, Train Acc: 0.3750, Val Acc: 0.0440
Epoch [140/1000], Batch [60/201], Loss: 2.9102, Train Acc: 0.3438, Val Acc: 0.0480
Epoch [140/1000], Batch [70/201], Loss: 2.9137, Train Acc: 0.4062, Val Acc: 0.0440
Epoch [140/1000], Batch [80/201], Loss: 2.8116, Train Acc: 0.4062, Val Acc: 0.0480
Epoch [140/1000], Batch [90/201], Loss: 2.7073, Train Acc: 0.4375, Val Acc: 0.0480
Epoch [140/1000], Batch [100/201], Loss: 3.0847, Train Acc: 0.3281, Val Acc: 0.0520
Epoch [140/1000], Batch [110/201], Loss: 2.9267, Train Acc: 0.3594, Val Acc: 0.0440
Epoch [140/1000], Batch [120/201], Loss: 3.0725, Train Acc: 0.2812, Val Acc: 0.0480
Epoch [140/1000], Batch [130/201], Loss: 2.9661, Train Acc: 0.4219, Val Acc: 0.0480
Epoch [140/1000], Batch [140/201], Loss: 2.3653, Train Acc: 0.4375, Val Acc: 0.0480
Epoch [140/1000], Batch [150/201], Loss: 3.2391, Train Acc: 0.3125, Val Acc: 0.0560
Epoch [140/1000], Batch [160/201], Loss: 3.2139, Train Acc: 0.3438, Val Acc: 0.0560
Epoch [140/1000], Batch [170/201], Loss: 2.7392, Train Acc: 0.3906, Val Acc: 0.0520
Epoch [140/1000], Batch [180/201], Loss: 2.6703, Train Acc: 0.4531, Val Acc: 0.0480
Epoch [140/1000], Batch [190/201], Loss: 2.9501, Train Acc: 0.2969, Val Acc: 0.0520
Epoch [140/1000], Batch [200/201], Loss: 3.0946, Train Acc: 0.3750, Val Acc: 0.0560
Epoch [141/1000], Batch [10/201], Loss: 2.8935, Train Acc: 0.4062, Val Acc: 0.0560
Epoch [141/1000], Batch [20/201], Loss: 3.0149, Train Acc: 0.2812, Val Acc: 0.0480
Epoch [141/1000], Batch [30/201], Loss: 2.9469, Train Acc: 0.3750, Val Acc: 0.0560
Epoch [141/1000], Batch [40/201], Loss: 2.8393, Train Acc: 0.4062, Val Acc: 0.0600
Epoch [141/1000], Batch [50/201], Loss: 2.7426, Train Acc: 0.3906, Val Acc: 0.0520
Epoch [141/1000], Batch [60/201], Loss: 3.0919, Train Acc: 0.3438, Val Acc: 0.0520
Epoch [141/1000], Batch [70/201], Loss: 3.4717, Train Acc: 0.2656, Val Acc: 0.0600
Epoch [141/1000], Batch [80/201], Loss: 3.0002, Train Acc: 0.3594, Val Acc: 0.0560
Epoch [141/1000], Batch [90/201], Loss: 3.0163, Train Acc: 0.4375, Val Acc: 0.0440
Epoch [141/1000], Batch [100/201], Loss: 2.7403, Train Acc: 0.3125, Val Acc: 0.0360
Epoch [141/1000], Batch [110/201], Loss: 3.0020, Train Acc: 0.4219, Val Acc: 0.0480
Epoch [141/1000], Batch [120/201], Loss: 3.3544, Train Acc: 0.2656, Val Acc: 0.0560
Epoch [141/1000], Batch [130/201], Loss: 3.0844, Train Acc: 0.3906, Val Acc: 0.0520
Epoch [141/1000], Batch [140/201], Loss: 2.9934, Train Acc: 0.3750, Val Acc: 0.0480
Epoch [141/1000], Batch [150/201], Loss: 3.1340, Train Acc: 0.2812, Val Acc: 0.0320
Epoch [141/1000], Batch [160/201], Loss: 2.9231, Train Acc: 0.4375, Val Acc: 0.0480
Epoch [141/1000], Batch [170/201], Loss: 2.6860, Train Acc: 0.3125, Val Acc: 0.0480
Epoch [141/1000], Batch [180/201], Loss: 2.8936, Train Acc: 0.3750, Val Acc: 0.0520
Epoch [141/1000], Batch [190/201], Loss: 2.7297, Train Acc: 0.3906, Val Acc: 0.0480
Epoch [141/1000], Batch [200/201], Loss: 2.9196, Train Acc: 0.3594, Val Acc: 0.0600
Epoch [142/1000], Batch [10/201], Loss: 3.1510, Train Acc: 0.3594, Val Acc: 0.0560
Epoch [142/1000], Batch [20/201], Loss: 2.9184, Train Acc: 0.3906, Val Acc: 0.0480
Epoch [142/1000], Batch [30/201], Loss: 3.0825, Train Acc: 0.3750, Val Acc: 0.0560
Epoch [142/1000], Batch [40/201], Loss: 3.2065, Train Acc: 0.2656, Val Acc: 0.0360
Epoch [142/1000], Batch [50/201], Loss: 2.8678, Train Acc: 0.4062, Val Acc: 0.0560
Epoch [142/1000], Batch [60/201], Loss: 3.2291, Train Acc: 0.2969, Val Acc: 0.0520
Epoch [142/1000], Batch [70/201], Loss: 3.1916, Train Acc: 0.3438, Val Acc: 0.0440
Epoch [142/1000], Batch [80/201], Loss: 2.6763, Train Acc: 0.4531, Val Acc: 0.0520
Epoch [142/1000], Batch [90/201], Loss: 3.5261, Train Acc: 0.2500, Val Acc: 0.0520
Epoch [142/1000], Batch [100/201], Loss: 3.0158, Train Acc: 0.3750, Val Acc: 0.0440
Epoch [142/1000], Batch [110/201], Loss: 2.7352, Train Acc: 0.4375, Val Acc: 0.0600
Epoch [142/1000], Batch [120/201], Loss: 2.7467, Train Acc: 0.4219, Val Acc: 0.0520
Epoch [142/1000], Batch [130/201], Loss: 3.0890, Train Acc: 0.3906, Val Acc: 0.0520
Epoch [142/1000], Batch [140/201], Loss: 3.2678, Train Acc: 0.2969, Val Acc: 0.0480
Epoch [142/1000], Batch [150/201], Loss: 3.1330, Train Acc: 0.2812, Val Acc: 0.0480
Epoch [142/1000], Batch [160/201], Loss: 2.9521, Train Acc: 0.4062, Val Acc: 0.0480
Epoch [142/1000], Batch [170/201], Loss: 3.2863, Train Acc: 0.2969, Val Acc: 0.0440
Epoch [142/1000], Batch [180/201], Loss: 3.2229, Train Acc: 0.3594, Val Acc: 0.0520
Epoch [142/1000], Batch [190/201], Loss: 2.7210, Train Acc: 0.3750, Val Acc: 0.0480
Epoch [142/1000], Batch [200/201], Loss: 2.8295, Train Acc: 0.3438, Val Acc: 0.0520
Epoch [143/1000], Batch [10/201], Loss: 2.8446, Train Acc: 0.4375, Val Acc: 0.0400
Epoch [143/1000], Batch [20/201], Loss: 2.9733, Train Acc: 0.3438, Val Acc: 0.0440
Epoch [143/1000], Batch [30/201], Loss: 2.6275, Train Acc: 0.4844, Val Acc: 0.0520
Epoch [143/1000], Batch [40/201], Loss: 2.7340, Train Acc: 0.4531, Val Acc: 0.0480
Epoch [143/1000], Batch [50/201], Loss: 2.9457, Train Acc: 0.4531, Val Acc: 0.0600
Epoch [143/1000], Batch [60/201], Loss: 2.9812, Train Acc: 0.3906, Val Acc: 0.0480
Epoch [143/1000], Batch [70/201], Loss: 3.0422, Train Acc: 0.2969, Val Acc: 0.0520
Epoch [143/1000], Batch [80/201], Loss: 2.5443, Train Acc: 0.4531, Val Acc: 0.0560
Epoch [143/1000], Batch [90/201], Loss: 3.1746, Train Acc: 0.3125, Val Acc: 0.0520
Epoch [143/1000], Batch [100/201], Loss: 2.9265, Train Acc: 0.4219, Val Acc: 0.0440
Epoch [143/1000], Batch [110/201], Loss: 2.6133, Train Acc: 0.4219, Val Acc: 0.0480
Epoch [143/1000], Batch [120/201], Loss: 3.0015, Train Acc: 0.3125, Val Acc: 0.0400
Epoch [143/1000], Batch [130/201], Loss: 2.7038, Train Acc: 0.4062, Val Acc: 0.0520
Epoch [143/1000], Batch [140/201], Loss: 2.6834, Train Acc: 0.4375, Val Acc: 0.0520
Epoch [143/1000], Batch [150/201], Loss: 2.9021, Train Acc: 0.3906, Val Acc: 0.0560
Epoch [143/1000], Batch [160/201], Loss: 2.9287, Train Acc: 0.3750, Val Acc: 0.0520
Epoch [143/1000], Batch [170/201], Loss: 2.8878, Train Acc: 0.4062, Val Acc: 0.0480
Epoch [143/1000], Batch [180/201], Loss: 3.0351, Train Acc: 0.3281, Val Acc: 0.0480
Epoch [143/1000], Batch [190/201], Loss: 3.0312, Train Acc: 0.3594, Val Acc: 0.0480
Epoch [143/1000], Batch [200/201], Loss: 2.7039, Train Acc: 0.3906, Val Acc: 0.0520
Epoch [144/1000], Batch [10/201], Loss: 3.4048, Train Acc: 0.2344, Val Acc: 0.0520
Epoch [144/1000], Batch [20/201], Loss: 2.5678, Train Acc: 0.4062, Val Acc: 0.0560
Epoch [144/1000], Batch [30/201], Loss: 2.9253, Train Acc: 0.3594, Val Acc: 0.0560
Epoch [144/1000], Batch [40/201], Loss: 2.9037, Train Acc: 0.3125, Val Acc: 0.0560
Epoch [144/1000], Batch [50/201], Loss: 2.8354, Train Acc: 0.4219, Val Acc: 0.0560
Epoch [144/1000], Batch [60/201], Loss: 3.1070, Train Acc: 0.3281, Val Acc: 0.0480
Epoch [144/1000], Batch [70/201], Loss: 2.5814, Train Acc: 0.3750, Val Acc: 0.0600
Epoch [144/1000], Batch [80/201], Loss: 2.8110, Train Acc: 0.3906, Val Acc: 0.0520
Epoch [144/1000], Batch [90/201], Loss: 2.9707, Train Acc: 0.3281, Val Acc: 0.0480
Epoch [144/1000], Batch [100/201], Loss: 2.8760, Train Acc: 0.4219, Val Acc: 0.0520
Epoch [144/1000], Batch [110/201], Loss: 2.8426, Train Acc: 0.4062, Val Acc: 0.0560
Epoch [144/1000], Batch [120/201], Loss: 2.6695, Train Acc: 0.4219, Val Acc: 0.0560
Epoch [144/1000], Batch [130/201], Loss: 3.0283, Train Acc: 0.3750, Val Acc: 0.0480
Epoch [144/1000], Batch [140/201], Loss: 2.8181, Train Acc: 0.4219, Val Acc: 0.0480
Epoch [144/1000], Batch [150/201], Loss: 3.0260, Train Acc: 0.3906, Val Acc: 0.0520
Epoch [144/1000], Batch [160/201], Loss: 2.9700, Train Acc: 0.3281, Val Acc: 0.0400
Epoch [144/1000], Batch [170/201], Loss: 2.6405, Train Acc: 0.5312, Val Acc: 0.0480
Epoch [144/1000], Batch [180/201], Loss: 3.2943, Train Acc: 0.3281, Val Acc: 0.0560
Epoch [144/1000], Batch [190/201], Loss: 3.0711, Train Acc: 0.3594, Val Acc: 0.0520
Epoch [144/1000], Batch [200/201], Loss: 2.6680, Train Acc: 0.4844, Val Acc: 0.0480
Epoch [145/1000], Batch [10/201], Loss: 2.9920, Train Acc: 0.3750, Val Acc: 0.0520
Epoch [145/1000], Batch [20/201], Loss: 2.7265, Train Acc: 0.4062, Val Acc: 0.0560
Epoch [145/1000], Batch [30/201], Loss: 2.7694, Train Acc: 0.3906, Val Acc: 0.0480
Epoch [145/1000], Batch [40/201], Loss: 3.0428, Train Acc: 0.4219, Val Acc: 0.0440
Epoch [145/1000], Batch [50/201], Loss: 2.6704, Train Acc: 0.4531, Val Acc: 0.0440
Epoch [145/1000], Batch [60/201], Loss: 3.0633, Train Acc: 0.3594, Val Acc: 0.0520
Epoch [145/1000], Batch [70/201], Loss: 2.6468, Train Acc: 0.4375, Val Acc: 0.0520
Epoch [145/1000], Batch [80/201], Loss: 3.1187, Train Acc: 0.2969, Val Acc: 0.0400
Epoch [145/1000], Batch [90/201], Loss: 2.9191, Train Acc: 0.3750, Val Acc: 0.0560
Epoch [145/1000], Batch [100/201], Loss: 2.8936, Train Acc: 0.4531, Val Acc: 0.0600
Epoch [145/1000], Batch [110/201], Loss: 2.6321, Train Acc: 0.3750, Val Acc: 0.0560
Epoch [145/1000], Batch [120/201], Loss: 2.3531, Train Acc: 0.5469, Val Acc: 0.0520
Epoch [145/1000], Batch [130/201], Loss: 2.7939, Train Acc: 0.4375, Val Acc: 0.0520
Epoch [145/1000], Batch [140/201], Loss: 2.8836, Train Acc: 0.4844, Val Acc: 0.0560
Epoch [145/1000], Batch [150/201], Loss: 2.8439, Train Acc: 0.4062, Val Acc: 0.0400
Epoch [145/1000], Batch [160/201], Loss: 2.6465, Train Acc: 0.4062, Val Acc: 0.0480
Epoch [145/1000], Batch [170/201], Loss: 2.7817, Train Acc: 0.3750, Val Acc: 0.0600
Epoch [145/1000], Batch [180/201], Loss: 3.1214, Train Acc: 0.2656, Val Acc: 0.0560
Epoch [145/1000], Batch [190/201], Loss: 2.5219, Train Acc: 0.4688, Val Acc: 0.0560
Epoch [145/1000], Batch [200/201], Loss: 2.8115, Train Acc: 0.3906, Val Acc: 0.0560
Epoch [146/1000], Batch [10/201], Loss: 2.8002, Train Acc: 0.3594, Val Acc: 0.0640
Epoch [146/1000], Batch [20/201], Loss: 3.1218, Train Acc: 0.3438, Val Acc: 0.0560
Epoch [146/1000], Batch [30/201], Loss: 3.1678, Train Acc: 0.3438, Val Acc: 0.0520
Epoch [146/1000], Batch [40/201], Loss: 3.0183, Train Acc: 0.2656, Val Acc: 0.0600
Epoch [146/1000], Batch [50/201], Loss: 3.0623, Train Acc: 0.3750, Val Acc: 0.0480
Epoch [146/1000], Batch [60/201], Loss: 2.8888, Train Acc: 0.4219, Val Acc: 0.0440
Epoch [146/1000], Batch [70/201], Loss: 2.7120, Train Acc: 0.5000, Val Acc: 0.0440
Epoch [146/1000], Batch [80/201], Loss: 2.9259, Train Acc: 0.3750, Val Acc: 0.0440
Epoch [146/1000], Batch [90/201], Loss: 3.1767, Train Acc: 0.2500, Val Acc: 0.0480
Epoch [146/1000], Batch [100/201], Loss: 3.1145, Train Acc: 0.3438, Val Acc: 0.0520
Epoch [146/1000], Batch [110/201], Loss: 2.9130, Train Acc: 0.3438, Val Acc: 0.0560
Epoch [146/1000], Batch [120/201], Loss: 2.7702, Train Acc: 0.3750, Val Acc: 0.0480
Epoch [146/1000], Batch [130/201], Loss: 2.9141, Train Acc: 0.4062, Val Acc: 0.0400
Epoch [146/1000], Batch [140/201], Loss: 2.7000, Train Acc: 0.5000, Val Acc: 0.0440
Epoch [146/1000], Batch [150/201], Loss: 2.6934, Train Acc: 0.3281, Val Acc: 0.0520
Epoch [146/1000], Batch [160/201], Loss: 2.7863, Train Acc: 0.3125, Val Acc: 0.0560
Epoch [146/1000], Batch [170/201], Loss: 3.0350, Train Acc: 0.3281, Val Acc: 0.0480
Epoch [146/1000], Batch [180/201], Loss: 3.2456, Train Acc: 0.3438, Val Acc: 0.0560
Epoch [146/1000], Batch [190/201], Loss: 3.1343, Train Acc: 0.2500, Val Acc: 0.0480
Epoch [146/1000], Batch [200/201], Loss: 3.0695, Train Acc: 0.3594, Val Acc: 0.0400
Epoch [147/1000], Batch [10/201], Loss: 3.1396, Train Acc: 0.3281, Val Acc: 0.0480
Epoch [147/1000], Batch [20/201], Loss: 3.2167, Train Acc: 0.3281, Val Acc: 0.0520
Epoch [147/1000], Batch [30/201], Loss: 2.6862, Train Acc: 0.3906, Val Acc: 0.0480
Epoch [147/1000], Batch [40/201], Loss: 3.1859, Train Acc: 0.2344, Val Acc: 0.0560
Epoch [147/1000], Batch [50/201], Loss: 3.5284, Train Acc: 0.2188, Val Acc: 0.0480
Epoch [147/1000], Batch [60/201], Loss: 2.8730, Train Acc: 0.3438, Val Acc: 0.0520
Epoch [147/1000], Batch [70/201], Loss: 3.1242, Train Acc: 0.3750, Val Acc: 0.0480
Epoch [147/1000], Batch [80/201], Loss: 2.8139, Train Acc: 0.4375, Val Acc: 0.0520
Epoch [147/1000], Batch [90/201], Loss: 2.5766, Train Acc: 0.3438, Val Acc: 0.0520
Epoch [147/1000], Batch [100/201], Loss: 2.8080, Train Acc: 0.3594, Val Acc: 0.0440
Epoch [147/1000], Batch [110/201], Loss: 2.9210, Train Acc: 0.3906, Val Acc: 0.0440
Epoch [147/1000], Batch [120/201], Loss: 2.7796, Train Acc: 0.4062, Val Acc: 0.0560
Epoch [147/1000], Batch [130/201], Loss: 3.3180, Train Acc: 0.3594, Val Acc: 0.0520
Epoch [147/1000], Batch [140/201], Loss: 2.7759, Train Acc: 0.3438, Val Acc: 0.0600
Epoch [147/1000], Batch [150/201], Loss: 2.8674, Train Acc: 0.3594, Val Acc: 0.0560
Epoch [147/1000], Batch [160/201], Loss: 2.9698, Train Acc: 0.3750, Val Acc: 0.0560
Epoch [147/1000], Batch [170/201], Loss: 3.2468, Train Acc: 0.3281, Val Acc: 0.0480
Epoch [147/1000], Batch [180/201], Loss: 3.1459, Train Acc: 0.3281, Val Acc: 0.0560
Epoch [147/1000], Batch [190/201], Loss: 2.7910, Train Acc: 0.3750, Val Acc: 0.0400
Epoch [147/1000], Batch [200/201], Loss: 2.4648, Train Acc: 0.4688, Val Acc: 0.0400
Epoch [148/1000], Batch [10/201], Loss: 3.2058, Train Acc: 0.2656, Val Acc: 0.0480
Epoch [148/1000], Batch [20/201], Loss: 2.8623, Train Acc: 0.2969, Val Acc: 0.0480
Epoch [148/1000], Batch [30/201], Loss: 2.7403, Train Acc: 0.3438, Val Acc: 0.0520
Epoch [148/1000], Batch [40/201], Loss: 2.9183, Train Acc: 0.4531, Val Acc: 0.0520
Epoch [148/1000], Batch [50/201], Loss: 2.7102, Train Acc: 0.4219, Val Acc: 0.0520
Epoch [148/1000], Batch [60/201], Loss: 3.2598, Train Acc: 0.3906, Val Acc: 0.0520
Epoch [148/1000], Batch [70/201], Loss: 3.0319, Train Acc: 0.3594, Val Acc: 0.0520
Epoch [148/1000], Batch [80/201], Loss: 2.9367, Train Acc: 0.3438, Val Acc: 0.0520
Epoch [148/1000], Batch [90/201], Loss: 2.7006, Train Acc: 0.4219, Val Acc: 0.0440
Epoch [148/1000], Batch [100/201], Loss: 2.7428, Train Acc: 0.3594, Val Acc: 0.0520
Epoch [148/1000], Batch [110/201], Loss: 2.8527, Train Acc: 0.3750, Val Acc: 0.0480
Epoch [148/1000], Batch [120/201], Loss: 3.0635, Train Acc: 0.3438, Val Acc: 0.0440
Epoch [148/1000], Batch [130/201], Loss: 2.7693, Train Acc: 0.4375, Val Acc: 0.0600
Epoch [148/1000], Batch [140/201], Loss: 2.8518, Train Acc: 0.4062, Val Acc: 0.0440
Epoch [148/1000], Batch [150/201], Loss: 2.8047, Train Acc: 0.4062, Val Acc: 0.0600
Epoch [148/1000], Batch [160/201], Loss: 2.6332, Train Acc: 0.4062, Val Acc: 0.0440
Epoch [148/1000], Batch [170/201], Loss: 2.9849, Train Acc: 0.3281, Val Acc: 0.0520
Epoch [148/1000], Batch [180/201], Loss: 2.8945, Train Acc: 0.3906, Val Acc: 0.0320
Epoch [148/1000], Batch [190/201], Loss: 3.2157, Train Acc: 0.3281, Val Acc: 0.0440
Epoch [148/1000], Batch [200/201], Loss: 2.2244, Train Acc: 0.5156, Val Acc: 0.0520
Epoch [149/1000], Batch [10/201], Loss: 3.0748, Train Acc: 0.2969, Val Acc: 0.0520
Epoch [149/1000], Batch [20/201], Loss: 3.0547, Train Acc: 0.3750, Val Acc: 0.0440
Epoch [149/1000], Batch [30/201], Loss: 2.8517, Train Acc: 0.3281, Val Acc: 0.0480
Epoch [149/1000], Batch [40/201], Loss: 3.1959, Train Acc: 0.2656, Val Acc: 0.0480
Epoch [149/1000], Batch [50/201], Loss: 2.7029, Train Acc: 0.4375, Val Acc: 0.0400
Epoch [149/1000], Batch [60/201], Loss: 2.6061, Train Acc: 0.3906, Val Acc: 0.0480
Epoch [149/1000], Batch [70/201], Loss: 3.0726, Train Acc: 0.3438, Val Acc: 0.0560
Epoch [149/1000], Batch [80/201], Loss: 2.6446, Train Acc: 0.4531, Val Acc: 0.0480
Epoch [149/1000], Batch [90/201], Loss: 3.0163, Train Acc: 0.3438, Val Acc: 0.0520
Epoch [149/1000], Batch [100/201], Loss: 2.7989, Train Acc: 0.3906, Val Acc: 0.0440
Epoch [149/1000], Batch [110/201], Loss: 3.0695, Train Acc: 0.2969, Val Acc: 0.0480
Epoch [149/1000], Batch [120/201], Loss: 3.5314, Train Acc: 0.2656, Val Acc: 0.0400
Epoch [149/1000], Batch [130/201], Loss: 2.7162, Train Acc: 0.4844, Val Acc: 0.0560
Epoch [149/1000], Batch [140/201], Loss: 3.3818, Train Acc: 0.2812, Val Acc: 0.0480
Epoch [149/1000], Batch [150/201], Loss: 2.9052, Train Acc: 0.3281, Val Acc: 0.0600
Epoch [149/1000], Batch [160/201], Loss: 3.0030, Train Acc: 0.3438, Val Acc: 0.0600
Epoch [149/1000], Batch [170/201], Loss: 2.7570, Train Acc: 0.4375, Val Acc: 0.0560
Epoch [149/1000], Batch [180/201], Loss: 2.9581, Train Acc: 0.4219, Val Acc: 0.0520
Epoch [149/1000], Batch [190/201], Loss: 2.8847, Train Acc: 0.2812, Val Acc: 0.0520
Epoch [149/1000], Batch [200/201], Loss: 3.0663, Train Acc: 0.3438, Val Acc: 0.0600
Epoch [150/1000], Batch [10/201], Loss: 2.6694, Train Acc: 0.3750, Val Acc: 0.0560
Epoch [150/1000], Batch [20/201], Loss: 2.9573, Train Acc: 0.3594, Val Acc: 0.0600
Epoch [150/1000], Batch [30/201], Loss: 3.2512, Train Acc: 0.3125, Val Acc: 0.0440
Epoch [150/1000], Batch [40/201], Loss: 2.6817, Train Acc: 0.3906, Val Acc: 0.0440
Epoch [150/1000], Batch [50/201], Loss: 2.9500, Train Acc: 0.3906, Val Acc: 0.0440
Epoch [150/1000], Batch [60/201], Loss: 2.6116, Train Acc: 0.3906, Val Acc: 0.0520
Epoch [150/1000], Batch [70/201], Loss: 3.0568, Train Acc: 0.3750, Val Acc: 0.0520
Epoch [150/1000], Batch [80/201], Loss: 2.8321, Train Acc: 0.4375, Val Acc: 0.0480
Epoch [150/1000], Batch [90/201], Loss: 2.9474, Train Acc: 0.3281, Val Acc: 0.0560
Epoch [150/1000], Batch [100/201], Loss: 2.8997, Train Acc: 0.4375, Val Acc: 0.0600
Epoch [150/1000], Batch [110/201], Loss: 2.5486, Train Acc: 0.4219, Val Acc: 0.0560
Epoch [150/1000], Batch [120/201], Loss: 3.5422, Train Acc: 0.2812, Val Acc: 0.0520
Epoch [150/1000], Batch [130/201], Loss: 2.7380, Train Acc: 0.4062, Val Acc: 0.0560
Epoch [150/1000], Batch [140/201], Loss: 2.9862, Train Acc: 0.4062, Val Acc: 0.0480
Epoch [150/1000], Batch [150/201], Loss: 2.6886, Train Acc: 0.4062, Val Acc: 0.0560
Epoch [150/1000], Batch [160/201], Loss: 3.0128, Train Acc: 0.3281, Val Acc: 0.0480
Epoch [150/1000], Batch [170/201], Loss: 2.8591, Train Acc: 0.3125, Val Acc: 0.0480
Epoch [150/1000], Batch [180/201], Loss: 3.3743, Train Acc: 0.3438, Val Acc: 0.0440
Epoch [150/1000], Batch [190/201], Loss: 3.0100, Train Acc: 0.3906, Val Acc: 0.0400
Epoch [150/1000], Batch [200/201], Loss: 2.5343, Train Acc: 0.4688, Val Acc: 0.0480
Epoch [151/1000], Batch [10/201], Loss: 3.2159, Train Acc: 0.2500, Val Acc: 0.0360
Epoch [151/1000], Batch [20/201], Loss: 2.7451, Train Acc: 0.4062, Val Acc: 0.0560
Epoch [151/1000], Batch [30/201], Loss: 3.2774, Train Acc: 0.3438, Val Acc: 0.0600
Epoch [151/1000], Batch [40/201], Loss: 3.0377, Train Acc: 0.3281, Val Acc: 0.0600
Epoch [151/1000], Batch [50/201], Loss: 2.7074, Train Acc: 0.4219, Val Acc: 0.0600
Epoch [151/1000], Batch [60/201], Loss: 2.9407, Train Acc: 0.4219, Val Acc: 0.0560
Epoch [151/1000], Batch [70/201], Loss: 2.8634, Train Acc: 0.3750, Val Acc: 0.0560
Epoch [151/1000], Batch [80/201], Loss: 2.9811, Train Acc: 0.3906, Val Acc: 0.0480
Epoch [151/1000], Batch [90/201], Loss: 3.0658, Train Acc: 0.3906, Val Acc: 0.0520
Epoch [151/1000], Batch [100/201], Loss: 2.9014, Train Acc: 0.3438, Val Acc: 0.0480
Epoch [151/1000], Batch [110/201], Loss: 2.6886, Train Acc: 0.4062, Val Acc: 0.0440
Epoch [151/1000], Batch [120/201], Loss: 2.6643, Train Acc: 0.3750, Val Acc: 0.0400
Epoch [151/1000], Batch [130/201], Loss: 2.7285, Train Acc: 0.4375, Val Acc: 0.0440
Epoch [151/1000], Batch [140/201], Loss: 3.4396, Train Acc: 0.2812, Val Acc: 0.0440
Epoch [151/1000], Batch [150/201], Loss: 2.9201, Train Acc: 0.3750, Val Acc: 0.0520
Epoch [151/1000], Batch [160/201], Loss: 2.9006, Train Acc: 0.3438, Val Acc: 0.0440
Epoch [151/1000], Batch [170/201], Loss: 2.9505, Train Acc: 0.4688, Val Acc: 0.0440
Epoch [151/1000], Batch [180/201], Loss: 2.9319, Train Acc: 0.3750, Val Acc: 0.0480
Epoch [151/1000], Batch [190/201], Loss: 3.3767, Train Acc: 0.2812, Val Acc: 0.0520
Epoch [151/1000], Batch [200/201], Loss: 3.2665, Train Acc: 0.3125, Val Acc: 0.0480
Epoch [152/1000], Batch [10/201], Loss: 2.6921, Train Acc: 0.3906, Val Acc: 0.0520
Epoch [152/1000], Batch [20/201], Loss: 3.0975, Train Acc: 0.3594, Val Acc: 0.0400
Epoch [152/1000], Batch [30/201], Loss: 3.1581, Train Acc: 0.3594, Val Acc: 0.0480
Epoch [152/1000], Batch [40/201], Loss: 2.8395, Train Acc: 0.3281, Val Acc: 0.0480
Epoch [152/1000], Batch [50/201], Loss: 3.2611, Train Acc: 0.3750, Val Acc: 0.0560
Epoch [152/1000], Batch [60/201], Loss: 3.3131, Train Acc: 0.3281, Val Acc: 0.0520
Epoch [152/1000], Batch [70/201], Loss: 2.8972, Train Acc: 0.4219, Val Acc: 0.0600
Epoch [152/1000], Batch [80/201], Loss: 2.7100, Train Acc: 0.3594, Val Acc: 0.0480
Epoch [152/1000], Batch [90/201], Loss: 2.9439, Train Acc: 0.3438, Val Acc: 0.0560
Epoch [152/1000], Batch [100/201], Loss: 2.9552, Train Acc: 0.4375, Val Acc: 0.0480
Epoch [152/1000], Batch [110/201], Loss: 3.2132, Train Acc: 0.3438, Val Acc: 0.0480
Epoch [152/1000], Batch [120/201], Loss: 2.5550, Train Acc: 0.4062, Val Acc: 0.0520
Epoch [152/1000], Batch [130/201], Loss: 2.7955, Train Acc: 0.4062, Val Acc: 0.0600
Epoch [152/1000], Batch [140/201], Loss: 3.1316, Train Acc: 0.2969, Val Acc: 0.0600
Epoch [152/1000], Batch [150/201], Loss: 2.5107, Train Acc: 0.5000, Val Acc: 0.0560
Epoch [152/1000], Batch [160/201], Loss: 2.7716, Train Acc: 0.3438, Val Acc: 0.0480
Epoch [152/1000], Batch [170/201], Loss: 2.6724, Train Acc: 0.4062, Val Acc: 0.0480
Epoch [152/1000], Batch [180/201], Loss: 2.7346, Train Acc: 0.3594, Val Acc: 0.0600
Epoch [152/1000], Batch [190/201], Loss: 3.0296, Train Acc: 0.3594, Val Acc: 0.0520
Epoch [152/1000], Batch [200/201], Loss: 2.8337, Train Acc: 0.3594, Val Acc: 0.0400
Epoch [153/1000], Batch [10/201], Loss: 2.7569, Train Acc: 0.3594, Val Acc: 0.0520
Epoch [153/1000], Batch [20/201], Loss: 3.0763, Train Acc: 0.3594, Val Acc: 0.0560
Epoch [153/1000], Batch [30/201], Loss: 3.1001, Train Acc: 0.2969, Val Acc: 0.0480
Epoch [153/1000], Batch [40/201], Loss: 2.7642, Train Acc: 0.4375, Val Acc: 0.0520
Epoch [153/1000], Batch [50/201], Loss: 3.0188, Train Acc: 0.3438, Val Acc: 0.0480
Epoch [153/1000], Batch [60/201], Loss: 2.6555, Train Acc: 0.3594, Val Acc: 0.0520
Epoch [153/1000], Batch [70/201], Loss: 3.0836, Train Acc: 0.3906, Val Acc: 0.0600
Epoch [153/1000], Batch [80/201], Loss: 3.2042, Train Acc: 0.2969, Val Acc: 0.0520
Epoch [153/1000], Batch [90/201], Loss: 3.1020, Train Acc: 0.3125, Val Acc: 0.0520
Epoch [153/1000], Batch [100/201], Loss: 3.5613, Train Acc: 0.2812, Val Acc: 0.0600
Epoch [153/1000], Batch [110/201], Loss: 2.6462, Train Acc: 0.4688, Val Acc: 0.0560
Epoch [153/1000], Batch [120/201], Loss: 3.2922, Train Acc: 0.3125, Val Acc: 0.0520
Epoch [153/1000], Batch [130/201], Loss: 3.0860, Train Acc: 0.3281, Val Acc: 0.0520
Epoch [153/1000], Batch [140/201], Loss: 2.4362, Train Acc: 0.4219, Val Acc: 0.0480
Epoch [153/1000], Batch [150/201], Loss: 2.8156, Train Acc: 0.4531, Val Acc: 0.0600
Epoch [153/1000], Batch [160/201], Loss: 3.3185, Train Acc: 0.2656, Val Acc: 0.0480
Epoch [153/1000], Batch [170/201], Loss: 2.8615, Train Acc: 0.4062, Val Acc: 0.0360
Epoch [153/1000], Batch [180/201], Loss: 2.5708, Train Acc: 0.4219, Val Acc: 0.0440
Epoch [153/1000], Batch [190/201], Loss: 2.6781, Train Acc: 0.3750, Val Acc: 0.0480
Epoch [153/1000], Batch [200/201], Loss: 3.0993, Train Acc: 0.3125, Val Acc: 0.0440
Epoch [154/1000], Batch [10/201], Loss: 2.9247, Train Acc: 0.2969, Val Acc: 0.0560
Epoch [154/1000], Batch [20/201], Loss: 3.3887, Train Acc: 0.2188, Val Acc: 0.0480
Epoch [154/1000], Batch [30/201], Loss: 2.7706, Train Acc: 0.3750, Val Acc: 0.0520
Epoch [154/1000], Batch [40/201], Loss: 2.7644, Train Acc: 0.3594, Val Acc: 0.0520
Epoch [154/1000], Batch [50/201], Loss: 2.7583, Train Acc: 0.2969, Val Acc: 0.0520
Epoch [154/1000], Batch [60/201], Loss: 2.8726, Train Acc: 0.4375, Val Acc: 0.0560
Epoch [154/1000], Batch [70/201], Loss: 2.8563, Train Acc: 0.3594, Val Acc: 0.0480
Epoch [154/1000], Batch [80/201], Loss: 3.0874, Train Acc: 0.3125, Val Acc: 0.0520
Epoch [154/1000], Batch [90/201], Loss: 3.1640, Train Acc: 0.2969, Val Acc: 0.0480
Epoch [154/1000], Batch [100/201], Loss: 2.8539, Train Acc: 0.4219, Val Acc: 0.0400
Epoch [154/1000], Batch [110/201], Loss: 2.7573, Train Acc: 0.4062, Val Acc: 0.0520
Epoch [154/1000], Batch [120/201], Loss: 2.8636, Train Acc: 0.4844, Val Acc: 0.0520
Epoch [154/1000], Batch [130/201], Loss: 3.1148, Train Acc: 0.2344, Val Acc: 0.0480
Epoch [154/1000], Batch [140/201], Loss: 3.2882, Train Acc: 0.2656, Val Acc: 0.0480
Epoch [154/1000], Batch [150/201], Loss: 2.8307, Train Acc: 0.4688, Val Acc: 0.0440
Epoch [154/1000], Batch [160/201], Loss: 3.0766, Train Acc: 0.3281, Val Acc: 0.0480
Epoch [154/1000], Batch [170/201], Loss: 3.2068, Train Acc: 0.3906, Val Acc: 0.0600
Epoch [154/1000], Batch [180/201], Loss: 3.3772, Train Acc: 0.2188, Val Acc: 0.0520
Epoch [154/1000], Batch [190/201], Loss: 2.6972, Train Acc: 0.4219, Val Acc: 0.0520
Epoch [154/1000], Batch [200/201], Loss: 3.1804, Train Acc: 0.3125, Val Acc: 0.0440
Epoch [155/1000], Batch [10/201], Loss: 3.1001, Train Acc: 0.2812, Val Acc: 0.0560
Epoch [155/1000], Batch [20/201], Loss: 3.2025, Train Acc: 0.2969, Val Acc: 0.0640
Epoch [155/1000], Batch [30/201], Loss: 3.1772, Train Acc: 0.2969, Val Acc: 0.0520
Epoch [155/1000], Batch [40/201], Loss: 3.1009, Train Acc: 0.2969, Val Acc: 0.0480
Epoch [155/1000], Batch [50/201], Loss: 2.8077, Train Acc: 0.4062, Val Acc: 0.0480
Epoch [155/1000], Batch [60/201], Loss: 2.6813, Train Acc: 0.3594, Val Acc: 0.0400
Epoch [155/1000], Batch [70/201], Loss: 2.6265, Train Acc: 0.4062, Val Acc: 0.0440
Epoch [155/1000], Batch [80/201], Loss: 3.0679, Train Acc: 0.3750, Val Acc: 0.0480
Epoch [155/1000], Batch [90/201], Loss: 2.3949, Train Acc: 0.4688, Val Acc: 0.0440
Epoch [155/1000], Batch [100/201], Loss: 3.1030, Train Acc: 0.2812, Val Acc: 0.0520
Epoch [155/1000], Batch [110/201], Loss: 2.8238, Train Acc: 0.4062, Val Acc: 0.0440
Epoch [155/1000], Batch [120/201], Loss: 2.7248, Train Acc: 0.3594, Val Acc: 0.0600
Epoch [155/1000], Batch [130/201], Loss: 2.9961, Train Acc: 0.2812, Val Acc: 0.0440
Epoch [155/1000], Batch [140/201], Loss: 2.9031, Train Acc: 0.2656, Val Acc: 0.0520
Epoch [155/1000], Batch [150/201], Loss: 3.1441, Train Acc: 0.3438, Val Acc: 0.0520
Epoch [155/1000], Batch [160/201], Loss: 2.8665, Train Acc: 0.3906, Val Acc: 0.0560
Epoch [155/1000], Batch [170/201], Loss: 3.0288, Train Acc: 0.2812, Val Acc: 0.0560
Epoch [155/1000], Batch [180/201], Loss: 3.2812, Train Acc: 0.3281, Val Acc: 0.0520
Epoch [155/1000], Batch [190/201], Loss: 2.5026, Train Acc: 0.3438, Val Acc: 0.0480
Epoch [155/1000], Batch [200/201], Loss: 3.0521, Train Acc: 0.3281, Val Acc: 0.0480
Epoch [156/1000], Batch [10/201], Loss: 2.7485, Train Acc: 0.4375, Val Acc: 0.0600
Epoch [156/1000], Batch [20/201], Loss: 2.9140, Train Acc: 0.3750, Val Acc: 0.0480
Epoch [156/1000], Batch [30/201], Loss: 2.7089, Train Acc: 0.4219, Val Acc: 0.0440
Epoch [156/1000], Batch [40/201], Loss: 3.2442, Train Acc: 0.2500, Val Acc: 0.0560
Epoch [156/1000], Batch [50/201], Loss: 3.2138, Train Acc: 0.3281, Val Acc: 0.0480
Epoch [156/1000], Batch [60/201], Loss: 3.1607, Train Acc: 0.2812, Val Acc: 0.0480
Epoch [156/1000], Batch [70/201], Loss: 3.1951, Train Acc: 0.2969, Val Acc: 0.0520
Epoch [156/1000], Batch [80/201], Loss: 2.8997, Train Acc: 0.4531, Val Acc: 0.0480
Epoch [156/1000], Batch [90/201], Loss: 2.7208, Train Acc: 0.4219, Val Acc: 0.0520
Epoch [156/1000], Batch [100/201], Loss: 2.7591, Train Acc: 0.4375, Val Acc: 0.0520
Epoch [156/1000], Batch [110/201], Loss: 3.2128, Train Acc: 0.3750, Val Acc: 0.0480
Epoch [156/1000], Batch [120/201], Loss: 3.0535, Train Acc: 0.2969, Val Acc: 0.0520
Epoch [156/1000], Batch [130/201], Loss: 3.0464, Train Acc: 0.3438, Val Acc: 0.0520
Epoch [156/1000], Batch [140/201], Loss: 3.0171, Train Acc: 0.3438, Val Acc: 0.0560
Epoch [156/1000], Batch [150/201], Loss: 2.7467, Train Acc: 0.4219, Val Acc: 0.0520
Epoch [156/1000], Batch [160/201], Loss: 2.8672, Train Acc: 0.3906, Val Acc: 0.0560
Epoch [156/1000], Batch [170/201], Loss: 3.2818, Train Acc: 0.3281, Val Acc: 0.0520
Epoch [156/1000], Batch [180/201], Loss: 2.9105, Train Acc: 0.3906, Val Acc: 0.0560
Epoch [156/1000], Batch [190/201], Loss: 3.5548, Train Acc: 0.2344, Val Acc: 0.0520
Epoch [156/1000], Batch [200/201], Loss: 2.9813, Train Acc: 0.3125, Val Acc: 0.0520
Epoch [157/1000], Batch [10/201], Loss: 3.3541, Train Acc: 0.2031, Val Acc: 0.0480
Epoch [157/1000], Batch [20/201], Loss: 2.8672, Train Acc: 0.3438, Val Acc: 0.0480
Epoch [157/1000], Batch [30/201], Loss: 2.7460, Train Acc: 0.4062, Val Acc: 0.0520
Epoch [157/1000], Batch [40/201], Loss: 2.8936, Train Acc: 0.3438, Val Acc: 0.0440
Epoch [157/1000], Batch [50/201], Loss: 2.8653, Train Acc: 0.3594, Val Acc: 0.0560
Epoch [157/1000], Batch [60/201], Loss: 2.3236, Train Acc: 0.4688, Val Acc: 0.0480
Epoch [157/1000], Batch [70/201], Loss: 2.6457, Train Acc: 0.5156, Val Acc: 0.0520
Epoch [157/1000], Batch [80/201], Loss: 3.0276, Train Acc: 0.4375, Val Acc: 0.0600
Epoch [157/1000], Batch [90/201], Loss: 3.2094, Train Acc: 0.3125, Val Acc: 0.0560
Epoch [157/1000], Batch [100/201], Loss: 2.8815, Train Acc: 0.4062, Val Acc: 0.0440
Epoch [157/1000], Batch [110/201], Loss: 2.9582, Train Acc: 0.3281, Val Acc: 0.0560
Epoch [157/1000], Batch [120/201], Loss: 2.7106, Train Acc: 0.4062, Val Acc: 0.0440
Epoch [157/1000], Batch [130/201], Loss: 2.5348, Train Acc: 0.4219, Val Acc: 0.0520
Epoch [157/1000], Batch [140/201], Loss: 2.9793, Train Acc: 0.3906, Val Acc: 0.0440
Epoch [157/1000], Batch [150/201], Loss: 3.1053, Train Acc: 0.3750, Val Acc: 0.0440
Epoch [157/1000], Batch [160/201], Loss: 2.5731, Train Acc: 0.3438, Val Acc: 0.0440
Epoch [157/1000], Batch [170/201], Loss: 3.1585, Train Acc: 0.2500, Val Acc: 0.0600
Epoch [157/1000], Batch [180/201], Loss: 3.0020, Train Acc: 0.3438, Val Acc: 0.0560
Epoch [157/1000], Batch [190/201], Loss: 3.2431, Train Acc: 0.3906, Val Acc: 0.0520
Epoch [157/1000], Batch [200/201], Loss: 3.0612, Train Acc: 0.4062, Val Acc: 0.0560
Epoch [158/1000], Batch [10/201], Loss: 3.0238, Train Acc: 0.3594, Val Acc: 0.0400
Epoch [158/1000], Batch [20/201], Loss: 2.9457, Train Acc: 0.3750, Val Acc: 0.0560
Epoch [158/1000], Batch [30/201], Loss: 3.1291, Train Acc: 0.3906, Val Acc: 0.0440
Epoch [158/1000], Batch [40/201], Loss: 2.7682, Train Acc: 0.4375, Val Acc: 0.0520
Epoch [158/1000], Batch [50/201], Loss: 3.0763, Train Acc: 0.2812, Val Acc: 0.0520
Epoch [158/1000], Batch [60/201], Loss: 3.3754, Train Acc: 0.3125, Val Acc: 0.0520
Epoch [158/1000], Batch [70/201], Loss: 3.1087, Train Acc: 0.3125, Val Acc: 0.0480
Epoch [158/1000], Batch [80/201], Loss: 3.0425, Train Acc: 0.4219, Val Acc: 0.0600
Epoch [158/1000], Batch [90/201], Loss: 3.2039, Train Acc: 0.4219, Val Acc: 0.0600
Epoch [158/1000], Batch [100/201], Loss: 3.0673, Train Acc: 0.3438, Val Acc: 0.0480
Epoch [158/1000], Batch [110/201], Loss: 2.7510, Train Acc: 0.3281, Val Acc: 0.0480
Epoch [158/1000], Batch [120/201], Loss: 3.3913, Train Acc: 0.2969, Val Acc: 0.0520
Epoch [158/1000], Batch [130/201], Loss: 3.0683, Train Acc: 0.2500, Val Acc: 0.0480
Epoch [158/1000], Batch [140/201], Loss: 2.9992, Train Acc: 0.2656, Val Acc: 0.0520
Epoch [158/1000], Batch [150/201], Loss: 2.7868, Train Acc: 0.3438, Val Acc: 0.0480
Epoch [158/1000], Batch [160/201], Loss: 3.0227, Train Acc: 0.3438, Val Acc: 0.0440
Epoch [158/1000], Batch [170/201], Loss: 2.6397, Train Acc: 0.3750, Val Acc: 0.0440
Epoch [158/1000], Batch [180/201], Loss: 2.6991, Train Acc: 0.3906, Val Acc: 0.0520
Epoch [158/1000], Batch [190/201], Loss: 2.6723, Train Acc: 0.3906, Val Acc: 0.0480
Epoch [158/1000], Batch [200/201], Loss: 2.8578, Train Acc: 0.4062, Val Acc: 0.0440
Epoch [159/1000], Batch [10/201], Loss: 3.0788, Train Acc: 0.3125, Val Acc: 0.0440
Epoch [159/1000], Batch [20/201], Loss: 3.0381, Train Acc: 0.3281, Val Acc: 0.0400
Epoch [159/1000], Batch [30/201], Loss: 3.1774, Train Acc: 0.3125, Val Acc: 0.0480
Epoch [159/1000], Batch [40/201], Loss: 3.5345, Train Acc: 0.2500, Val Acc: 0.0480
Epoch [159/1000], Batch [50/201], Loss: 3.0239, Train Acc: 0.3594, Val Acc: 0.0520
Epoch [159/1000], Batch [60/201], Loss: 3.3565, Train Acc: 0.2188, Val Acc: 0.0520
Epoch [159/1000], Batch [70/201], Loss: 3.2714, Train Acc: 0.3281, Val Acc: 0.0560
Epoch [159/1000], Batch [80/201], Loss: 2.7681, Train Acc: 0.3750, Val Acc: 0.0640
Epoch [159/1000], Batch [90/201], Loss: 3.1828, Train Acc: 0.3438, Val Acc: 0.0600
Epoch [159/1000], Batch [100/201], Loss: 3.2644, Train Acc: 0.2344, Val Acc: 0.0560
Epoch [159/1000], Batch [110/201], Loss: 3.2150, Train Acc: 0.2969, Val Acc: 0.0480
Epoch [159/1000], Batch [120/201], Loss: 3.2072, Train Acc: 0.2969, Val Acc: 0.0480
Epoch [159/1000], Batch [130/201], Loss: 3.0307, Train Acc: 0.3594, Val Acc: 0.0440
Epoch [159/1000], Batch [140/201], Loss: 2.9488, Train Acc: 0.3438, Val Acc: 0.0520
Epoch [159/1000], Batch [150/201], Loss: 3.0133, Train Acc: 0.3750, Val Acc: 0.0480
Epoch [159/1000], Batch [160/201], Loss: 3.0757, Train Acc: 0.2969, Val Acc: 0.0520
Epoch [159/1000], Batch [170/201], Loss: 3.2582, Train Acc: 0.3281, Val Acc: 0.0560
Epoch [159/1000], Batch [180/201], Loss: 2.8318, Train Acc: 0.3594, Val Acc: 0.0440
Epoch [159/1000], Batch [190/201], Loss: 2.7409, Train Acc: 0.3750, Val Acc: 0.0520
Epoch [159/1000], Batch [200/201], Loss: 3.1302, Train Acc: 0.3438, Val Acc: 0.0480
Epoch [160/1000], Batch [10/201], Loss: 2.7106, Train Acc: 0.3594, Val Acc: 0.0600
Epoch [160/1000], Batch [20/201], Loss: 2.7257, Train Acc: 0.3906, Val Acc: 0.0520
Epoch [160/1000], Batch [30/201], Loss: 2.6894, Train Acc: 0.4219, Val Acc: 0.0520
Epoch [160/1000], Batch [40/201], Loss: 2.8742, Train Acc: 0.3125, Val Acc: 0.0480
Epoch [160/1000], Batch [50/201], Loss: 2.9910, Train Acc: 0.3281, Val Acc: 0.0520
Epoch [160/1000], Batch [60/201], Loss: 3.0179, Train Acc: 0.3594, Val Acc: 0.0520
Epoch [160/1000], Batch [70/201], Loss: 2.9106, Train Acc: 0.4219, Val Acc: 0.0600
Epoch [160/1000], Batch [80/201], Loss: 2.8743, Train Acc: 0.3594, Val Acc: 0.0520
Epoch [160/1000], Batch [90/201], Loss: 2.6288, Train Acc: 0.4844, Val Acc: 0.0440
Epoch [160/1000], Batch [100/201], Loss: 2.6955, Train Acc: 0.4062, Val Acc: 0.0520
Epoch [160/1000], Batch [110/201], Loss: 3.1474, Train Acc: 0.3281, Val Acc: 0.0520
Epoch [160/1000], Batch [120/201], Loss: 2.4004, Train Acc: 0.5000, Val Acc: 0.0520
Epoch [160/1000], Batch [130/201], Loss: 3.1413, Train Acc: 0.3594, Val Acc: 0.0520
Epoch [160/1000], Batch [140/201], Loss: 3.2098, Train Acc: 0.1875, Val Acc: 0.0560
Epoch [160/1000], Batch [150/201], Loss: 3.1328, Train Acc: 0.3125, Val Acc: 0.0520
Epoch [160/1000], Batch [160/201], Loss: 2.8939, Train Acc: 0.3281, Val Acc: 0.0480
Epoch [160/1000], Batch [170/201], Loss: 2.9318, Train Acc: 0.4062, Val Acc: 0.0400
Epoch [160/1000], Batch [180/201], Loss: 3.0805, Train Acc: 0.2812, Val Acc: 0.0400
Epoch [160/1000], Batch [190/201], Loss: 2.7372, Train Acc: 0.4375, Val Acc: 0.0440
Epoch [160/1000], Batch [200/201], Loss: 2.6837, Train Acc: 0.4531, Val Acc: 0.0400
Epoch [161/1000], Batch [10/201], Loss: 3.1081, Train Acc: 0.3906, Val Acc: 0.0480
Epoch [161/1000], Batch [20/201], Loss: 2.7344, Train Acc: 0.3438, Val Acc: 0.0600
Epoch [161/1000], Batch [30/201], Loss: 3.0902, Train Acc: 0.3750, Val Acc: 0.0520
Epoch [161/1000], Batch [40/201], Loss: 3.0463, Train Acc: 0.3438, Val Acc: 0.0520
Epoch [161/1000], Batch [50/201], Loss: 2.7567, Train Acc: 0.4219, Val Acc: 0.0360
Epoch [161/1000], Batch [60/201], Loss: 3.1168, Train Acc: 0.3281, Val Acc: 0.0520
Epoch [161/1000], Batch [70/201], Loss: 2.8719, Train Acc: 0.3750, Val Acc: 0.0360
Epoch [161/1000], Batch [80/201], Loss: 2.8426, Train Acc: 0.3906, Val Acc: 0.0520
Epoch [161/1000], Batch [90/201], Loss: 3.0619, Train Acc: 0.3906, Val Acc: 0.0600
Epoch [161/1000], Batch [100/201], Loss: 2.5542, Train Acc: 0.4844, Val Acc: 0.0560
Epoch [161/1000], Batch [110/201], Loss: 2.8061, Train Acc: 0.3438, Val Acc: 0.0520
Epoch [161/1000], Batch [120/201], Loss: 2.7557, Train Acc: 0.4062, Val Acc: 0.0520
Epoch [161/1000], Batch [130/201], Loss: 3.0794, Train Acc: 0.3594, Val Acc: 0.0560
Epoch [161/1000], Batch [140/201], Loss: 2.8496, Train Acc: 0.3125, Val Acc: 0.0520
Epoch [161/1000], Batch [150/201], Loss: 3.0695, Train Acc: 0.3125, Val Acc: 0.0520
Epoch [161/1000], Batch [160/201], Loss: 2.6339, Train Acc: 0.3906, Val Acc: 0.0520
Epoch [161/1000], Batch [170/201], Loss: 2.6912, Train Acc: 0.4531, Val Acc: 0.0520
Epoch [161/1000], Batch [180/201], Loss: 2.7791, Train Acc: 0.3594, Val Acc: 0.0480
Epoch [161/1000], Batch [190/201], Loss: 2.5626, Train Acc: 0.4531, Val Acc: 0.0520
Epoch [161/1000], Batch [200/201], Loss: 2.9785, Train Acc: 0.3594, Val Acc: 0.0440
Epoch [162/1000], Batch [10/201], Loss: 2.8278, Train Acc: 0.4688, Val Acc: 0.0480
Epoch [162/1000], Batch [20/201], Loss: 3.0165, Train Acc: 0.3438, Val Acc: 0.0520
Epoch [162/1000], Batch [30/201], Loss: 3.0555, Train Acc: 0.3438, Val Acc: 0.0440
Epoch [162/1000], Batch [40/201], Loss: 2.9098, Train Acc: 0.3906, Val Acc: 0.0400
Epoch [162/1000], Batch [50/201], Loss: 3.3274, Train Acc: 0.2812, Val Acc: 0.0400
Epoch [162/1000], Batch [60/201], Loss: 3.3910, Train Acc: 0.3125, Val Acc: 0.0440
Epoch [162/1000], Batch [70/201], Loss: 3.0394, Train Acc: 0.3906, Val Acc: 0.0440
Epoch [162/1000], Batch [80/201], Loss: 3.0545, Train Acc: 0.3594, Val Acc: 0.0560
Epoch [162/1000], Batch [90/201], Loss: 2.9153, Train Acc: 0.3281, Val Acc: 0.0520
Epoch [162/1000], Batch [100/201], Loss: 2.8529, Train Acc: 0.4062, Val Acc: 0.0480
Epoch [162/1000], Batch [110/201], Loss: 3.2013, Train Acc: 0.3594, Val Acc: 0.0520
Epoch [162/1000], Batch [120/201], Loss: 2.7248, Train Acc: 0.3906, Val Acc: 0.0440
Epoch [162/1000], Batch [130/201], Loss: 3.2886, Train Acc: 0.3594, Val Acc: 0.0480
Epoch [162/1000], Batch [140/201], Loss: 2.9384, Train Acc: 0.3906, Val Acc: 0.0480
Epoch [162/1000], Batch [150/201], Loss: 2.7375, Train Acc: 0.4062, Val Acc: 0.0520
Epoch [162/1000], Batch [160/201], Loss: 3.0968, Train Acc: 0.2812, Val Acc: 0.0560
Epoch [162/1000], Batch [170/201], Loss: 3.1075, Train Acc: 0.3281, Val Acc: 0.0560
Epoch [162/1000], Batch [180/201], Loss: 2.7838, Train Acc: 0.4219, Val Acc: 0.0520
Epoch [162/1000], Batch [190/201], Loss: 2.8875, Train Acc: 0.3594, Val Acc: 0.0600
Epoch [162/1000], Batch [200/201], Loss: 3.2241, Train Acc: 0.3125, Val Acc: 0.0560
Epoch [163/1000], Batch [10/201], Loss: 3.1971, Train Acc: 0.3594, Val Acc: 0.0560
Epoch [163/1000], Batch [20/201], Loss: 2.8294, Train Acc: 0.3750, Val Acc: 0.0560
Epoch [163/1000], Batch [30/201], Loss: 2.8774, Train Acc: 0.3750, Val Acc: 0.0520
Epoch [163/1000], Batch [40/201], Loss: 2.7086, Train Acc: 0.4219, Val Acc: 0.0520
Epoch [163/1000], Batch [50/201], Loss: 3.0801, Train Acc: 0.3438, Val Acc: 0.0560
Epoch [163/1000], Batch [60/201], Loss: 3.2695, Train Acc: 0.2969, Val Acc: 0.0600
Epoch [163/1000], Batch [70/201], Loss: 3.0001, Train Acc: 0.4219, Val Acc: 0.0440
Epoch [163/1000], Batch [80/201], Loss: 2.8710, Train Acc: 0.3594, Val Acc: 0.0560
Epoch [163/1000], Batch [90/201], Loss: 2.8607, Train Acc: 0.4531, Val Acc: 0.0480
Epoch [163/1000], Batch [100/201], Loss: 3.4289, Train Acc: 0.1875, Val Acc: 0.0600
Epoch [163/1000], Batch [110/201], Loss: 2.5626, Train Acc: 0.4062, Val Acc: 0.0520
Epoch [163/1000], Batch [120/201], Loss: 2.9006, Train Acc: 0.3750, Val Acc: 0.0560
Epoch [163/1000], Batch [130/201], Loss: 2.8209, Train Acc: 0.4375, Val Acc: 0.0440
Epoch [163/1000], Batch [140/201], Loss: 3.1029, Train Acc: 0.3594, Val Acc: 0.0440
Epoch [163/1000], Batch [150/201], Loss: 3.0066, Train Acc: 0.4062, Val Acc: 0.0400
Epoch [163/1000], Batch [160/201], Loss: 3.2506, Train Acc: 0.2344, Val Acc: 0.0440
Epoch [163/1000], Batch [170/201], Loss: 2.9516, Train Acc: 0.3438, Val Acc: 0.0560
Epoch [163/1000], Batch [180/201], Loss: 2.8520, Train Acc: 0.4219, Val Acc: 0.0560
Epoch [163/1000], Batch [190/201], Loss: 2.8905, Train Acc: 0.3438, Val Acc: 0.0560
Epoch [163/1000], Batch [200/201], Loss: 3.1429, Train Acc: 0.3125, Val Acc: 0.0440
Epoch [164/1000], Batch [10/201], Loss: 3.2756, Train Acc: 0.3594, Val Acc: 0.0520
Epoch [164/1000], Batch [20/201], Loss: 3.2471, Train Acc: 0.3125, Val Acc: 0.0440
Epoch [164/1000], Batch [30/201], Loss: 2.7138, Train Acc: 0.4375, Val Acc: 0.0480
Epoch [164/1000], Batch [40/201], Loss: 3.3420, Train Acc: 0.2969, Val Acc: 0.0520
Epoch [164/1000], Batch [50/201], Loss: 3.5524, Train Acc: 0.2188, Val Acc: 0.0560
Epoch [164/1000], Batch [60/201], Loss: 2.7721, Train Acc: 0.4219, Val Acc: 0.0560
Epoch [164/1000], Batch [70/201], Loss: 2.7800, Train Acc: 0.3594, Val Acc: 0.0560
Epoch [164/1000], Batch [80/201], Loss: 2.7469, Train Acc: 0.5312, Val Acc: 0.0520
Epoch [164/1000], Batch [90/201], Loss: 2.8338, Train Acc: 0.3438, Val Acc: 0.0400
Epoch [164/1000], Batch [100/201], Loss: 3.0916, Train Acc: 0.4062, Val Acc: 0.0640
Epoch [164/1000], Batch [110/201], Loss: 2.7864, Train Acc: 0.3750, Val Acc: 0.0560
Epoch [164/1000], Batch [120/201], Loss: 2.9609, Train Acc: 0.3750, Val Acc: 0.0520
Epoch [164/1000], Batch [130/201], Loss: 3.1983, Train Acc: 0.3125, Val Acc: 0.0560
Epoch [164/1000], Batch [140/201], Loss: 2.5121, Train Acc: 0.4688, Val Acc: 0.0440
Epoch [164/1000], Batch [150/201], Loss: 2.7714, Train Acc: 0.3906, Val Acc: 0.0440
Epoch [164/1000], Batch [160/201], Loss: 3.2473, Train Acc: 0.3594, Val Acc: 0.0520
Epoch [164/1000], Batch [170/201], Loss: 2.9457, Train Acc: 0.3281, Val Acc: 0.0480
Epoch [164/1000], Batch [180/201], Loss: 2.7426, Train Acc: 0.4062, Val Acc: 0.0440
Epoch [164/1000], Batch [190/201], Loss: 3.0167, Train Acc: 0.3281, Val Acc: 0.0480
Epoch [164/1000], Batch [200/201], Loss: 2.8805, Train Acc: 0.4062, Val Acc: 0.0520
Epoch [165/1000], Batch [10/201], Loss: 2.9957, Train Acc: 0.3906, Val Acc: 0.0560
Epoch [165/1000], Batch [20/201], Loss: 2.8615, Train Acc: 0.3906, Val Acc: 0.0480
Epoch [165/1000], Batch [30/201], Loss: 2.5435, Train Acc: 0.5000, Val Acc: 0.0520
Epoch [165/1000], Batch [40/201], Loss: 2.4529, Train Acc: 0.5312, Val Acc: 0.0520
Epoch [165/1000], Batch [50/201], Loss: 3.2259, Train Acc: 0.3281, Val Acc: 0.0520
Epoch [165/1000], Batch [60/201], Loss: 2.9571, Train Acc: 0.2969, Val Acc: 0.0640
Epoch [165/1000], Batch [70/201], Loss: 2.9770, Train Acc: 0.4375, Val Acc: 0.0640
Epoch [165/1000], Batch [80/201], Loss: 2.9724, Train Acc: 0.3281, Val Acc: 0.0520
Epoch [165/1000], Batch [90/201], Loss: 2.9752, Train Acc: 0.3438, Val Acc: 0.0560
Epoch [165/1000], Batch [100/201], Loss: 2.8991, Train Acc: 0.3438, Val Acc: 0.0480
Epoch [165/1000], Batch [110/201], Loss: 3.2099, Train Acc: 0.2500, Val Acc: 0.0520
Epoch [165/1000], Batch [120/201], Loss: 3.0209, Train Acc: 0.3906, Val Acc: 0.0480
Epoch [165/1000], Batch [130/201], Loss: 2.8432, Train Acc: 0.3438, Val Acc: 0.0440
Epoch [165/1000], Batch [140/201], Loss: 2.9218, Train Acc: 0.3906, Val Acc: 0.0440
Epoch [165/1000], Batch [150/201], Loss: 3.1659, Train Acc: 0.4062, Val Acc: 0.0520
Epoch [165/1000], Batch [160/201], Loss: 2.6781, Train Acc: 0.4219, Val Acc: 0.0520
Epoch [165/1000], Batch [170/201], Loss: 2.8836, Train Acc: 0.4219, Val Acc: 0.0480
Epoch [165/1000], Batch [180/201], Loss: 2.7138, Train Acc: 0.4375, Val Acc: 0.0480
Epoch [165/1000], Batch [190/201], Loss: 2.9276, Train Acc: 0.2812, Val Acc: 0.0440
Epoch [165/1000], Batch [200/201], Loss: 3.2939, Train Acc: 0.2656, Val Acc: 0.0520
Epoch [166/1000], Batch [10/201], Loss: 2.9038, Train Acc: 0.3438, Val Acc: 0.0440
Epoch [166/1000], Batch [20/201], Loss: 3.3155, Train Acc: 0.2969, Val Acc: 0.0400
Epoch [166/1000], Batch [30/201], Loss: 3.0102, Train Acc: 0.3438, Val Acc: 0.0520
Epoch [166/1000], Batch [40/201], Loss: 2.8894, Train Acc: 0.4062, Val Acc: 0.0480
Epoch [166/1000], Batch [50/201], Loss: 3.0168, Train Acc: 0.2969, Val Acc: 0.0520
Epoch [166/1000], Batch [60/201], Loss: 2.8159, Train Acc: 0.3750, Val Acc: 0.0600
Epoch [166/1000], Batch [70/201], Loss: 2.6914, Train Acc: 0.4062, Val Acc: 0.0520
Epoch [166/1000], Batch [80/201], Loss: 2.7896, Train Acc: 0.3906, Val Acc: 0.0440
Epoch [166/1000], Batch [90/201], Loss: 2.7830, Train Acc: 0.3906, Val Acc: 0.0480
Epoch [166/1000], Batch [100/201], Loss: 3.0326, Train Acc: 0.3438, Val Acc: 0.0480
Epoch [166/1000], Batch [110/201], Loss: 3.1110, Train Acc: 0.2812, Val Acc: 0.0480
Epoch [166/1000], Batch [120/201], Loss: 3.1387, Train Acc: 0.3281, Val Acc: 0.0520
Epoch [166/1000], Batch [130/201], Loss: 2.8453, Train Acc: 0.4062, Val Acc: 0.0560
Epoch [166/1000], Batch [140/201], Loss: 2.8363, Train Acc: 0.4531, Val Acc: 0.0520
Epoch [166/1000], Batch [150/201], Loss: 2.9565, Train Acc: 0.4219, Val Acc: 0.0520
Epoch [166/1000], Batch [160/201], Loss: 3.3842, Train Acc: 0.3125, Val Acc: 0.0480
Epoch [166/1000], Batch [170/201], Loss: 3.2920, Train Acc: 0.3281, Val Acc: 0.0400
Epoch [166/1000], Batch [180/201], Loss: 2.9453, Train Acc: 0.3594, Val Acc: 0.0520
Epoch [166/1000], Batch [190/201], Loss: 2.6076, Train Acc: 0.3906, Val Acc: 0.0560
Epoch [166/1000], Batch [200/201], Loss: 3.0065, Train Acc: 0.2656, Val Acc: 0.0560
Epoch [167/1000], Batch [10/201], Loss: 3.3640, Train Acc: 0.2812, Val Acc: 0.0560
Epoch [167/1000], Batch [20/201], Loss: 3.3443, Train Acc: 0.3906, Val Acc: 0.0560
Epoch [167/1000], Batch [30/201], Loss: 3.0713, Train Acc: 0.3594, Val Acc: 0.0600
Epoch [167/1000], Batch [40/201], Loss: 2.8630, Train Acc: 0.4219, Val Acc: 0.0560
Epoch [167/1000], Batch [50/201], Loss: 2.7911, Train Acc: 0.3594, Val Acc: 0.0520
Epoch [167/1000], Batch [60/201], Loss: 2.9659, Train Acc: 0.3750, Val Acc: 0.0520
Epoch [167/1000], Batch [70/201], Loss: 2.7911, Train Acc: 0.2969, Val Acc: 0.0400
Epoch [167/1000], Batch [80/201], Loss: 2.5504, Train Acc: 0.3281, Val Acc: 0.0440
Epoch [167/1000], Batch [90/201], Loss: 3.1522, Train Acc: 0.3281, Val Acc: 0.0440
Epoch [167/1000], Batch [100/201], Loss: 2.6802, Train Acc: 0.4062, Val Acc: 0.0560
Epoch [167/1000], Batch [110/201], Loss: 2.7267, Train Acc: 0.4844, Val Acc: 0.0520
Epoch [167/1000], Batch [120/201], Loss: 2.9930, Train Acc: 0.3438, Val Acc: 0.0520
Epoch [167/1000], Batch [130/201], Loss: 3.2876, Train Acc: 0.3594, Val Acc: 0.0400
Epoch [167/1000], Batch [140/201], Loss: 2.9105, Train Acc: 0.3281, Val Acc: 0.0400
Epoch [167/1000], Batch [150/201], Loss: 3.3251, Train Acc: 0.2188, Val Acc: 0.0520
Epoch [167/1000], Batch [160/201], Loss: 2.9924, Train Acc: 0.3906, Val Acc: 0.0480
Epoch [167/1000], Batch [170/201], Loss: 2.8991, Train Acc: 0.4375, Val Acc: 0.0480
Epoch [167/1000], Batch [180/201], Loss: 3.2488, Train Acc: 0.3125, Val Acc: 0.0520
Epoch [167/1000], Batch [190/201], Loss: 2.7770, Train Acc: 0.3438, Val Acc: 0.0520
Epoch [167/1000], Batch [200/201], Loss: 2.9622, Train Acc: 0.3438, Val Acc: 0.0440
Epoch [168/1000], Batch [10/201], Loss: 2.8666, Train Acc: 0.4062, Val Acc: 0.0640
Epoch [168/1000], Batch [20/201], Loss: 2.7045, Train Acc: 0.4219, Val Acc: 0.0480
Epoch [168/1000], Batch [30/201], Loss: 3.0638, Train Acc: 0.3281, Val Acc: 0.0360
Epoch [168/1000], Batch [40/201], Loss: 2.4993, Train Acc: 0.5000, Val Acc: 0.0520
Epoch [168/1000], Batch [50/201], Loss: 2.9855, Train Acc: 0.3438, Val Acc: 0.0520
Epoch [168/1000], Batch [60/201], Loss: 2.8872, Train Acc: 0.3906, Val Acc: 0.0520
Epoch [168/1000], Batch [70/201], Loss: 2.9571, Train Acc: 0.3906, Val Acc: 0.0480
Epoch [168/1000], Batch [80/201], Loss: 2.7955, Train Acc: 0.3125, Val Acc: 0.0560
Epoch [168/1000], Batch [90/201], Loss: 3.3667, Train Acc: 0.3281, Val Acc: 0.0520
Epoch [168/1000], Batch [100/201], Loss: 2.7412, Train Acc: 0.4062, Val Acc: 0.0360
Epoch [168/1000], Batch [110/201], Loss: 2.6624, Train Acc: 0.4531, Val Acc: 0.0560
Epoch [168/1000], Batch [120/201], Loss: 2.9959, Train Acc: 0.3750, Val Acc: 0.0520
Epoch [168/1000], Batch [130/201], Loss: 3.0176, Train Acc: 0.4219, Val Acc: 0.0520
Epoch [168/1000], Batch [140/201], Loss: 3.0138, Train Acc: 0.3125, Val Acc: 0.0600
Epoch [168/1000], Batch [150/201], Loss: 2.9325, Train Acc: 0.4375, Val Acc: 0.0600
Epoch [168/1000], Batch [160/201], Loss: 3.3924, Train Acc: 0.3125, Val Acc: 0.0600
Epoch [168/1000], Batch [170/201], Loss: 2.7357, Train Acc: 0.4062, Val Acc: 0.0400
Epoch [168/1000], Batch [180/201], Loss: 3.0513, Train Acc: 0.3750, Val Acc: 0.0400
Epoch [168/1000], Batch [190/201], Loss: 2.9036, Train Acc: 0.3281, Val Acc: 0.0440
Epoch [168/1000], Batch [200/201], Loss: 2.9747, Train Acc: 0.3594, Val Acc: 0.0400
Epoch [169/1000], Batch [10/201], Loss: 2.7027, Train Acc: 0.3906, Val Acc: 0.0440
Epoch [169/1000], Batch [20/201], Loss: 2.7909, Train Acc: 0.3438, Val Acc: 0.0440
Epoch [169/1000], Batch [30/201], Loss: 2.6036, Train Acc: 0.4375, Val Acc: 0.0560
Epoch [169/1000], Batch [40/201], Loss: 2.7064, Train Acc: 0.3438, Val Acc: 0.0560
Epoch [169/1000], Batch [50/201], Loss: 2.9803, Train Acc: 0.3281, Val Acc: 0.0520
Epoch [169/1000], Batch [60/201], Loss: 3.3736, Train Acc: 0.2969, Val Acc: 0.0440
Epoch [169/1000], Batch [70/201], Loss: 3.2444, Train Acc: 0.2812, Val Acc: 0.0480
Epoch [169/1000], Batch [80/201], Loss: 2.8187, Train Acc: 0.3281, Val Acc: 0.0560
Epoch [169/1000], Batch [90/201], Loss: 3.4818, Train Acc: 0.2656, Val Acc: 0.0400
Epoch [169/1000], Batch [100/201], Loss: 3.2184, Train Acc: 0.3281, Val Acc: 0.0440
Epoch [169/1000], Batch [110/201], Loss: 3.0115, Train Acc: 0.2969, Val Acc: 0.0520
Epoch [169/1000], Batch [120/201], Loss: 2.6546, Train Acc: 0.4219, Val Acc: 0.0560
Epoch [169/1000], Batch [130/201], Loss: 3.4030, Train Acc: 0.2344, Val Acc: 0.0520
Epoch [169/1000], Batch [140/201], Loss: 3.1518, Train Acc: 0.3125, Val Acc: 0.0520
Epoch [169/1000], Batch [150/201], Loss: 3.0008, Train Acc: 0.3750, Val Acc: 0.0560
Epoch [169/1000], Batch [160/201], Loss: 2.8160, Train Acc: 0.3906, Val Acc: 0.0560
Epoch [169/1000], Batch [170/201], Loss: 2.7336, Train Acc: 0.3906, Val Acc: 0.0520
Epoch [169/1000], Batch [180/201], Loss: 2.8145, Train Acc: 0.3750, Val Acc: 0.0480
Epoch [169/1000], Batch [190/201], Loss: 2.8914, Train Acc: 0.3906, Val Acc: 0.0560
Epoch [169/1000], Batch [200/201], Loss: 2.4190, Train Acc: 0.4375, Val Acc: 0.0560
Epoch [170/1000], Batch [10/201], Loss: 3.0237, Train Acc: 0.2812, Val Acc: 0.0440
Epoch [170/1000], Batch [20/201], Loss: 2.8496, Train Acc: 0.3750, Val Acc: 0.0480
Epoch [170/1000], Batch [30/201], Loss: 2.7104, Train Acc: 0.4375, Val Acc: 0.0520
Epoch [170/1000], Batch [40/201], Loss: 3.0744, Train Acc: 0.3750, Val Acc: 0.0440
Epoch [170/1000], Batch [50/201], Loss: 2.9525, Train Acc: 0.3281, Val Acc: 0.0520
Epoch [170/1000], Batch [60/201], Loss: 2.8937, Train Acc: 0.3594, Val Acc: 0.0480
Epoch [170/1000], Batch [70/201], Loss: 3.0799, Train Acc: 0.3906, Val Acc: 0.0440
Epoch [170/1000], Batch [80/201], Loss: 3.3393, Train Acc: 0.3125, Val Acc: 0.0560
Epoch [170/1000], Batch [90/201], Loss: 2.9485, Train Acc: 0.3438, Val Acc: 0.0440
Epoch [170/1000], Batch [100/201], Loss: 2.9137, Train Acc: 0.3438, Val Acc: 0.0600
Epoch [170/1000], Batch [110/201], Loss: 3.1759, Train Acc: 0.3594, Val Acc: 0.0520
Epoch [170/1000], Batch [120/201], Loss: 3.2302, Train Acc: 0.2969, Val Acc: 0.0480
Epoch [170/1000], Batch [130/201], Loss: 3.0357, Train Acc: 0.3750, Val Acc: 0.0360
Epoch [170/1000], Batch [140/201], Loss: 2.6063, Train Acc: 0.3281, Val Acc: 0.0480
Epoch [170/1000], Batch [150/201], Loss: 2.8970, Train Acc: 0.3906, Val Acc: 0.0480
Epoch [170/1000], Batch [160/201], Loss: 3.2921, Train Acc: 0.2969, Val Acc: 0.0520
Epoch [170/1000], Batch [170/201], Loss: 2.6988, Train Acc: 0.3750, Val Acc: 0.0480
Epoch [170/1000], Batch [180/201], Loss: 3.1168, Train Acc: 0.3281, Val Acc: 0.0520
Epoch [170/1000], Batch [190/201], Loss: 2.7595, Train Acc: 0.3750, Val Acc: 0.0560
Epoch [170/1000], Batch [200/201], Loss: 3.1923, Train Acc: 0.3750, Val Acc: 0.0560
Epoch [171/1000], Batch [10/201], Loss: 2.9198, Train Acc: 0.3281, Val Acc: 0.0600
Epoch [171/1000], Batch [20/201], Loss: 2.5846, Train Acc: 0.4219, Val Acc: 0.0600
Epoch [171/1000], Batch [30/201], Loss: 2.9992, Train Acc: 0.3125, Val Acc: 0.0480
Epoch [171/1000], Batch [40/201], Loss: 3.4870, Train Acc: 0.2812, Val Acc: 0.0600
Epoch [171/1000], Batch [50/201], Loss: 3.1426, Train Acc: 0.3281, Val Acc: 0.0520
Epoch [171/1000], Batch [60/201], Loss: 2.9633, Train Acc: 0.3438, Val Acc: 0.0400
Epoch [171/1000], Batch [70/201], Loss: 2.9894, Train Acc: 0.3281, Val Acc: 0.0600
Epoch [171/1000], Batch [80/201], Loss: 3.1295, Train Acc: 0.3750, Val Acc: 0.0520
Epoch [171/1000], Batch [90/201], Loss: 2.8336, Train Acc: 0.4062, Val Acc: 0.0480
Epoch [171/1000], Batch [100/201], Loss: 3.0107, Train Acc: 0.3594, Val Acc: 0.0360
Epoch [171/1000], Batch [110/201], Loss: 2.7086, Train Acc: 0.4219, Val Acc: 0.0480
Epoch [171/1000], Batch [120/201], Loss: 2.9853, Train Acc: 0.3125, Val Acc: 0.0520
Epoch [171/1000], Batch [130/201], Loss: 2.6936, Train Acc: 0.3906, Val Acc: 0.0440
Epoch [171/1000], Batch [140/201], Loss: 3.0509, Train Acc: 0.3438, Val Acc: 0.0480
Epoch [171/1000], Batch [150/201], Loss: 2.8587, Train Acc: 0.4062, Val Acc: 0.0400
Epoch [171/1000], Batch [160/201], Loss: 3.2931, Train Acc: 0.3438, Val Acc: 0.0400
Epoch [171/1000], Batch [170/201], Loss: 2.9837, Train Acc: 0.3594, Val Acc: 0.0560
Epoch [171/1000], Batch [180/201], Loss: 2.9209, Train Acc: 0.3906, Val Acc: 0.0480
Epoch [171/1000], Batch [190/201], Loss: 2.6631, Train Acc: 0.5000, Val Acc: 0.0480
Epoch [171/1000], Batch [200/201], Loss: 2.6413, Train Acc: 0.4219, Val Acc: 0.0480
Epoch [172/1000], Batch [10/201], Loss: 3.3254, Train Acc: 0.2500, Val Acc: 0.0520
Epoch [172/1000], Batch [20/201], Loss: 2.8045, Train Acc: 0.4219, Val Acc: 0.0440
Epoch [172/1000], Batch [30/201], Loss: 3.1674, Train Acc: 0.2812, Val Acc: 0.0480
Epoch [172/1000], Batch [40/201], Loss: 2.7115, Train Acc: 0.4062, Val Acc: 0.0400
Epoch [172/1000], Batch [50/201], Loss: 2.8502, Train Acc: 0.3906, Val Acc: 0.0560
Epoch [172/1000], Batch [60/201], Loss: 2.5169, Train Acc: 0.4688, Val Acc: 0.0600
Epoch [172/1000], Batch [70/201], Loss: 2.9442, Train Acc: 0.3750, Val Acc: 0.0520
Epoch [172/1000], Batch [80/201], Loss: 2.9124, Train Acc: 0.4062, Val Acc: 0.0480
Epoch [172/1000], Batch [90/201], Loss: 3.5443, Train Acc: 0.2344, Val Acc: 0.0480
Epoch [172/1000], Batch [100/201], Loss: 3.0122, Train Acc: 0.3438, Val Acc: 0.0560
Epoch [172/1000], Batch [110/201], Loss: 2.8297, Train Acc: 0.3438, Val Acc: 0.0520
Epoch [172/1000], Batch [120/201], Loss: 2.8186, Train Acc: 0.4219, Val Acc: 0.0400
Epoch [172/1000], Batch [130/201], Loss: 2.9372, Train Acc: 0.3906, Val Acc: 0.0520
Epoch [172/1000], Batch [140/201], Loss: 3.1921, Train Acc: 0.3281, Val Acc: 0.0600
Epoch [172/1000], Batch [150/201], Loss: 3.0991, Train Acc: 0.3438, Val Acc: 0.0520
Epoch [172/1000], Batch [160/201], Loss: 2.8965, Train Acc: 0.3906, Val Acc: 0.0480
Epoch [172/1000], Batch [170/201], Loss: 2.7900, Train Acc: 0.4062, Val Acc: 0.0560
Epoch [172/1000], Batch [180/201], Loss: 2.6293, Train Acc: 0.4219, Val Acc: 0.0520
Epoch [172/1000], Batch [190/201], Loss: 3.0361, Train Acc: 0.3438, Val Acc: 0.0520
Epoch [172/1000], Batch [200/201], Loss: 2.6061, Train Acc: 0.4531, Val Acc: 0.0440
Epoch [173/1000], Batch [10/201], Loss: 3.2130, Train Acc: 0.2969, Val Acc: 0.0440
Epoch [173/1000], Batch [20/201], Loss: 2.6247, Train Acc: 0.3906, Val Acc: 0.0440
Epoch [173/1000], Batch [30/201], Loss: 2.8095, Train Acc: 0.3750, Val Acc: 0.0480
Epoch [173/1000], Batch [40/201], Loss: 2.7702, Train Acc: 0.2812, Val Acc: 0.0480
Epoch [173/1000], Batch [50/201], Loss: 3.4870, Train Acc: 0.2656, Val Acc: 0.0520
Epoch [173/1000], Batch [60/201], Loss: 3.0517, Train Acc: 0.2812, Val Acc: 0.0480
Epoch [173/1000], Batch [70/201], Loss: 3.3159, Train Acc: 0.2344, Val Acc: 0.0480
Epoch [173/1000], Batch [80/201], Loss: 2.9940, Train Acc: 0.3125, Val Acc: 0.0560
Epoch [173/1000], Batch [90/201], Loss: 2.9699, Train Acc: 0.3125, Val Acc: 0.0520
Epoch [173/1000], Batch [100/201], Loss: 2.8074, Train Acc: 0.4062, Val Acc: 0.0480
Epoch [173/1000], Batch [110/201], Loss: 3.1736, Train Acc: 0.3125, Val Acc: 0.0480
Epoch [173/1000], Batch [120/201], Loss: 3.3442, Train Acc: 0.3125, Val Acc: 0.0520
Epoch [173/1000], Batch [130/201], Loss: 2.9032, Train Acc: 0.4062, Val Acc: 0.0520
Epoch [173/1000], Batch [140/201], Loss: 2.8151, Train Acc: 0.4062, Val Acc: 0.0520
Epoch [173/1000], Batch [150/201], Loss: 2.7668, Train Acc: 0.3125, Val Acc: 0.0440
Epoch [173/1000], Batch [160/201], Loss: 2.7824, Train Acc: 0.3750, Val Acc: 0.0560
Epoch [173/1000], Batch [170/201], Loss: 2.7567, Train Acc: 0.3750, Val Acc: 0.0520
Epoch [173/1000], Batch [180/201], Loss: 2.8676, Train Acc: 0.4531, Val Acc: 0.0600
Epoch [173/1000], Batch [190/201], Loss: 2.8120, Train Acc: 0.4219, Val Acc: 0.0560
Epoch [173/1000], Batch [200/201], Loss: 3.4105, Train Acc: 0.3281, Val Acc: 0.0520
Epoch [174/1000], Batch [10/201], Loss: 2.7467, Train Acc: 0.3750, Val Acc: 0.0520
Epoch [174/1000], Batch [20/201], Loss: 3.3058, Train Acc: 0.2969, Val Acc: 0.0520
Epoch [174/1000], Batch [30/201], Loss: 3.3611, Train Acc: 0.3281, Val Acc: 0.0520
Epoch [174/1000], Batch [40/201], Loss: 3.1523, Train Acc: 0.3906, Val Acc: 0.0440
Epoch [174/1000], Batch [50/201], Loss: 3.0222, Train Acc: 0.3438, Val Acc: 0.0480
Epoch [174/1000], Batch [60/201], Loss: 3.2014, Train Acc: 0.3281, Val Acc: 0.0440
Epoch [174/1000], Batch [70/201], Loss: 2.8079, Train Acc: 0.4219, Val Acc: 0.0480
Epoch [174/1000], Batch [80/201], Loss: 2.7154, Train Acc: 0.4844, Val Acc: 0.0560
Epoch [174/1000], Batch [90/201], Loss: 2.9786, Train Acc: 0.3906, Val Acc: 0.0480
Epoch [174/1000], Batch [100/201], Loss: 3.0835, Train Acc: 0.2969, Val Acc: 0.0520
Epoch [174/1000], Batch [110/201], Loss: 2.9095, Train Acc: 0.3906, Val Acc: 0.0560
Epoch [174/1000], Batch [120/201], Loss: 2.7358, Train Acc: 0.3750, Val Acc: 0.0600
Epoch [174/1000], Batch [130/201], Loss: 2.7862, Train Acc: 0.3906, Val Acc: 0.0440
Epoch [174/1000], Batch [140/201], Loss: 3.1989, Train Acc: 0.3438, Val Acc: 0.0560
Epoch [174/1000], Batch [150/201], Loss: 2.8152, Train Acc: 0.3906, Val Acc: 0.0560
Epoch [174/1000], Batch [160/201], Loss: 3.0832, Train Acc: 0.3906, Val Acc: 0.0520
Epoch [174/1000], Batch [170/201], Loss: 3.1143, Train Acc: 0.4531, Val Acc: 0.0640
Epoch [174/1000], Batch [180/201], Loss: 3.1820, Train Acc: 0.2969, Val Acc: 0.0520
Epoch [174/1000], Batch [190/201], Loss: 3.0473, Train Acc: 0.3750, Val Acc: 0.0400
Epoch [174/1000], Batch [200/201], Loss: 2.9144, Train Acc: 0.4062, Val Acc: 0.0520
Epoch [175/1000], Batch [10/201], Loss: 2.7710, Train Acc: 0.3906, Val Acc: 0.0600
Epoch [175/1000], Batch [20/201], Loss: 3.1897, Train Acc: 0.3281, Val Acc: 0.0600
Epoch [175/1000], Batch [30/201], Loss: 3.3974, Train Acc: 0.3438, Val Acc: 0.0520
Epoch [175/1000], Batch [40/201], Loss: 3.0517, Train Acc: 0.3438, Val Acc: 0.0440
Epoch [175/1000], Batch [50/201], Loss: 2.7991, Train Acc: 0.3281, Val Acc: 0.0600
Epoch [175/1000], Batch [60/201], Loss: 3.1308, Train Acc: 0.3281, Val Acc: 0.0480
Epoch [175/1000], Batch [70/201], Loss: 2.3599, Train Acc: 0.5312, Val Acc: 0.0320
Epoch [175/1000], Batch [80/201], Loss: 3.1453, Train Acc: 0.3906, Val Acc: 0.0440
Epoch [175/1000], Batch [90/201], Loss: 3.1337, Train Acc: 0.3750, Val Acc: 0.0480
Epoch [175/1000], Batch [100/201], Loss: 3.5280, Train Acc: 0.2344, Val Acc: 0.0560
Epoch [175/1000], Batch [110/201], Loss: 3.4387, Train Acc: 0.2969, Val Acc: 0.0520
Epoch [175/1000], Batch [120/201], Loss: 3.0039, Train Acc: 0.4375, Val Acc: 0.0520
Epoch [175/1000], Batch [130/201], Loss: 2.8281, Train Acc: 0.3438, Val Acc: 0.0440
Epoch [175/1000], Batch [140/201], Loss: 2.8054, Train Acc: 0.3906, Val Acc: 0.0440
Epoch [175/1000], Batch [150/201], Loss: 3.1588, Train Acc: 0.3906, Val Acc: 0.0440
Epoch [175/1000], Batch [160/201], Loss: 2.9193, Train Acc: 0.3125, Val Acc: 0.0520
Epoch [175/1000], Batch [170/201], Loss: 2.6262, Train Acc: 0.4688, Val Acc: 0.0560
Epoch [175/1000], Batch [180/201], Loss: 2.7534, Train Acc: 0.4375, Val Acc: 0.0480
Epoch [175/1000], Batch [190/201], Loss: 2.9507, Train Acc: 0.3594, Val Acc: 0.0440
Epoch [175/1000], Batch [200/201], Loss: 2.9434, Train Acc: 0.3594, Val Acc: 0.0480
Epoch [176/1000], Batch [10/201], Loss: 2.8921, Train Acc: 0.3750, Val Acc: 0.0480
Epoch [176/1000], Batch [20/201], Loss: 2.6051, Train Acc: 0.4531, Val Acc: 0.0520
Epoch [176/1000], Batch [30/201], Loss: 2.7021, Train Acc: 0.4688, Val Acc: 0.0560
Epoch [176/1000], Batch [40/201], Loss: 2.9210, Train Acc: 0.2969, Val Acc: 0.0560
Epoch [176/1000], Batch [50/201], Loss: 2.6026, Train Acc: 0.4531, Val Acc: 0.0480
Epoch [176/1000], Batch [60/201], Loss: 2.9998, Train Acc: 0.2969, Val Acc: 0.0480
Epoch [176/1000], Batch [70/201], Loss: 3.0724, Train Acc: 0.3125, Val Acc: 0.0520
Epoch [176/1000], Batch [80/201], Loss: 3.0608, Train Acc: 0.3438, Val Acc: 0.0440
Epoch [176/1000], Batch [90/201], Loss: 3.0544, Train Acc: 0.3594, Val Acc: 0.0400
Epoch [176/1000], Batch [100/201], Loss: 3.2006, Train Acc: 0.3438, Val Acc: 0.0520
Epoch [176/1000], Batch [110/201], Loss: 3.0622, Train Acc: 0.3438, Val Acc: 0.0520
Epoch [176/1000], Batch [120/201], Loss: 2.7574, Train Acc: 0.3438, Val Acc: 0.0480
Epoch [176/1000], Batch [130/201], Loss: 2.9090, Train Acc: 0.3750, Val Acc: 0.0480
Epoch [176/1000], Batch [140/201], Loss: 2.7503, Train Acc: 0.3906, Val Acc: 0.0560
Epoch [176/1000], Batch [150/201], Loss: 3.1495, Train Acc: 0.2812, Val Acc: 0.0520
Epoch [176/1000], Batch [160/201], Loss: 2.8163, Train Acc: 0.4062, Val Acc: 0.0520
Epoch [176/1000], Batch [170/201], Loss: 2.9801, Train Acc: 0.3594, Val Acc: 0.0480
Epoch [176/1000], Batch [180/201], Loss: 3.1020, Train Acc: 0.3438, Val Acc: 0.0560
Epoch [176/1000], Batch [190/201], Loss: 3.3882, Train Acc: 0.3125, Val Acc: 0.0560
Epoch [176/1000], Batch [200/201], Loss: 2.9564, Train Acc: 0.3438, Val Acc: 0.0480
Epoch [177/1000], Batch [10/201], Loss: 3.0200, Train Acc: 0.3438, Val Acc: 0.0520
Epoch [177/1000], Batch [20/201], Loss: 3.2444, Train Acc: 0.3594, Val Acc: 0.0560
Epoch [177/1000], Batch [30/201], Loss: 3.0047, Train Acc: 0.3594, Val Acc: 0.0600
Epoch [177/1000], Batch [40/201], Loss: 2.8396, Train Acc: 0.3906, Val Acc: 0.0560
Epoch [177/1000], Batch [50/201], Loss: 3.0242, Train Acc: 0.3594, Val Acc: 0.0560
Epoch [177/1000], Batch [60/201], Loss: 2.9667, Train Acc: 0.3594, Val Acc: 0.0480
Epoch [177/1000], Batch [70/201], Loss: 2.9559, Train Acc: 0.3438, Val Acc: 0.0360
Epoch [177/1000], Batch [80/201], Loss: 3.1706, Train Acc: 0.3594, Val Acc: 0.0520
Epoch [177/1000], Batch [90/201], Loss: 3.0633, Train Acc: 0.3281, Val Acc: 0.0560
Epoch [177/1000], Batch [100/201], Loss: 2.9993, Train Acc: 0.3438, Val Acc: 0.0520
Epoch [177/1000], Batch [110/201], Loss: 3.0061, Train Acc: 0.3594, Val Acc: 0.0520
Epoch [177/1000], Batch [120/201], Loss: 2.7011, Train Acc: 0.4531, Val Acc: 0.0480
Epoch [177/1000], Batch [130/201], Loss: 2.5912, Train Acc: 0.4375, Val Acc: 0.0400
Epoch [177/1000], Batch [140/201], Loss: 3.0994, Train Acc: 0.3125, Val Acc: 0.0360
Epoch [177/1000], Batch [150/201], Loss: 2.8129, Train Acc: 0.3281, Val Acc: 0.0400
Epoch [177/1000], Batch [160/201], Loss: 2.8649, Train Acc: 0.4062, Val Acc: 0.0600
Epoch [177/1000], Batch [170/201], Loss: 3.0687, Train Acc: 0.3750, Val Acc: 0.0600
Epoch [177/1000], Batch [180/201], Loss: 2.9708, Train Acc: 0.3750, Val Acc: 0.0400
Epoch [177/1000], Batch [190/201], Loss: 2.8776, Train Acc: 0.4219, Val Acc: 0.0520
Epoch [177/1000], Batch [200/201], Loss: 2.7515, Train Acc: 0.4531, Val Acc: 0.0480
Epoch [178/1000], Batch [10/201], Loss: 2.9335, Train Acc: 0.3438, Val Acc: 0.0440
Epoch [178/1000], Batch [20/201], Loss: 3.2067, Train Acc: 0.3750, Val Acc: 0.0440
Epoch [178/1000], Batch [30/201], Loss: 2.9221, Train Acc: 0.4219, Val Acc: 0.0480
Epoch [178/1000], Batch [40/201], Loss: 3.1659, Train Acc: 0.3906, Val Acc: 0.0520
Epoch [178/1000], Batch [50/201], Loss: 3.1843, Train Acc: 0.3438, Val Acc: 0.0520
Epoch [178/1000], Batch [60/201], Loss: 2.7010, Train Acc: 0.4062, Val Acc: 0.0560
Epoch [178/1000], Batch [70/201], Loss: 3.1430, Train Acc: 0.2812, Val Acc: 0.0520
Epoch [178/1000], Batch [80/201], Loss: 2.9074, Train Acc: 0.3594, Val Acc: 0.0480
Epoch [178/1000], Batch [90/201], Loss: 2.7890, Train Acc: 0.4375, Val Acc: 0.0560
Epoch [178/1000], Batch [100/201], Loss: 3.0135, Train Acc: 0.2969, Val Acc: 0.0520
Epoch [178/1000], Batch [110/201], Loss: 2.6589, Train Acc: 0.4219, Val Acc: 0.0560
Epoch [178/1000], Batch [120/201], Loss: 2.7260, Train Acc: 0.4531, Val Acc: 0.0560
Epoch [178/1000], Batch [130/201], Loss: 2.8897, Train Acc: 0.3594, Val Acc: 0.0480
Epoch [178/1000], Batch [140/201], Loss: 2.7832, Train Acc: 0.4531, Val Acc: 0.0560
Epoch [178/1000], Batch [150/201], Loss: 2.6129, Train Acc: 0.4688, Val Acc: 0.0520
Epoch [178/1000], Batch [160/201], Loss: 2.8745, Train Acc: 0.3281, Val Acc: 0.0560
Epoch [178/1000], Batch [170/201], Loss: 3.1337, Train Acc: 0.3594, Val Acc: 0.0520
Epoch [178/1000], Batch [180/201], Loss: 3.0824, Train Acc: 0.3594, Val Acc: 0.0480
Epoch [178/1000], Batch [190/201], Loss: 2.9415, Train Acc: 0.3750, Val Acc: 0.0520
Epoch [178/1000], Batch [200/201], Loss: 3.1174, Train Acc: 0.4062, Val Acc: 0.0560
Epoch [179/1000], Batch [10/201], Loss: 2.7837, Train Acc: 0.4062, Val Acc: 0.0520
Epoch [179/1000], Batch [20/201], Loss: 2.8697, Train Acc: 0.3750, Val Acc: 0.0360
Epoch [179/1000], Batch [30/201], Loss: 2.9788, Train Acc: 0.3438, Val Acc: 0.0480
Epoch [179/1000], Batch [40/201], Loss: 2.9845, Train Acc: 0.2969, Val Acc: 0.0480
Epoch [179/1000], Batch [50/201], Loss: 2.7803, Train Acc: 0.3438, Val Acc: 0.0480
Epoch [179/1000], Batch [60/201], Loss: 2.8744, Train Acc: 0.4219, Val Acc: 0.0480
Epoch [179/1000], Batch [70/201], Loss: 3.0674, Train Acc: 0.3906, Val Acc: 0.0480
Epoch [179/1000], Batch [80/201], Loss: 3.3688, Train Acc: 0.2656, Val Acc: 0.0560
Epoch [179/1000], Batch [90/201], Loss: 3.6768, Train Acc: 0.2969, Val Acc: 0.0640
Epoch [179/1000], Batch [100/201], Loss: 2.8220, Train Acc: 0.3594, Val Acc: 0.0560
Epoch [179/1000], Batch [110/201], Loss: 2.9921, Train Acc: 0.2812, Val Acc: 0.0560
Epoch [179/1000], Batch [120/201], Loss: 2.6917, Train Acc: 0.4219, Val Acc: 0.0480
Epoch [179/1000], Batch [130/201], Loss: 2.7064, Train Acc: 0.3594, Val Acc: 0.0400
Epoch [179/1000], Batch [140/201], Loss: 2.9218, Train Acc: 0.3594, Val Acc: 0.0520
Epoch [179/1000], Batch [150/201], Loss: 2.7543, Train Acc: 0.4375, Val Acc: 0.0440
Epoch [179/1000], Batch [160/201], Loss: 3.3714, Train Acc: 0.2969, Val Acc: 0.0560
Epoch [179/1000], Batch [170/201], Loss: 3.3987, Train Acc: 0.2969, Val Acc: 0.0480
Epoch [179/1000], Batch [180/201], Loss: 3.0592, Train Acc: 0.3438, Val Acc: 0.0520
Epoch [179/1000], Batch [190/201], Loss: 3.1732, Train Acc: 0.3125, Val Acc: 0.0560
Epoch [179/1000], Batch [200/201], Loss: 2.8543, Train Acc: 0.4375, Val Acc: 0.0400
Epoch [180/1000], Batch [10/201], Loss: 2.8627, Train Acc: 0.4219, Val Acc: 0.0560
Epoch [180/1000], Batch [20/201], Loss: 2.7390, Train Acc: 0.3594, Val Acc: 0.0600
Epoch [180/1000], Batch [30/201], Loss: 3.3843, Train Acc: 0.2188, Val Acc: 0.0600
Epoch [180/1000], Batch [40/201], Loss: 2.8332, Train Acc: 0.3750, Val Acc: 0.0480
Epoch [180/1000], Batch [50/201], Loss: 2.5903, Train Acc: 0.5312, Val Acc: 0.0520
Epoch [180/1000], Batch [60/201], Loss: 2.8144, Train Acc: 0.3906, Val Acc: 0.0520
Epoch [180/1000], Batch [70/201], Loss: 2.5558, Train Acc: 0.4375, Val Acc: 0.0560
Epoch [180/1000], Batch [80/201], Loss: 2.7733, Train Acc: 0.3594, Val Acc: 0.0560
Epoch [180/1000], Batch [90/201], Loss: 3.0122, Train Acc: 0.3281, Val Acc: 0.0560
Epoch [180/1000], Batch [100/201], Loss: 2.9020, Train Acc: 0.4062, Val Acc: 0.0440
Epoch [180/1000], Batch [110/201], Loss: 3.1887, Train Acc: 0.3281, Val Acc: 0.0360
Epoch [180/1000], Batch [120/201], Loss: 2.8056, Train Acc: 0.4062, Val Acc: 0.0400
Epoch [180/1000], Batch [130/201], Loss: 2.5483, Train Acc: 0.4375, Val Acc: 0.0520
Epoch [180/1000], Batch [140/201], Loss: 2.7562, Train Acc: 0.3750, Val Acc: 0.0520
Epoch [180/1000], Batch [150/201], Loss: 3.0622, Train Acc: 0.3281, Val Acc: 0.0560
Epoch [180/1000], Batch [160/201], Loss: 3.2642, Train Acc: 0.3438, Val Acc: 0.0480
Epoch [180/1000], Batch [170/201], Loss: 2.8064, Train Acc: 0.3750, Val Acc: 0.0440
Epoch [180/1000], Batch [180/201], Loss: 3.0274, Train Acc: 0.3438, Val Acc: 0.0480
Epoch [180/1000], Batch [190/201], Loss: 2.8964, Train Acc: 0.4062, Val Acc: 0.0560
Epoch [180/1000], Batch [200/201], Loss: 2.6936, Train Acc: 0.4531, Val Acc: 0.0480
Epoch [181/1000], Batch [10/201], Loss: 2.3527, Train Acc: 0.4375, Val Acc: 0.0520
Epoch [181/1000], Batch [20/201], Loss: 2.4544, Train Acc: 0.5000, Val Acc: 0.0480
Epoch [181/1000], Batch [30/201], Loss: 2.9567, Train Acc: 0.4219, Val Acc: 0.0520
Epoch [181/1000], Batch [40/201], Loss: 3.0014, Train Acc: 0.3281, Val Acc: 0.0400
Epoch [181/1000], Batch [50/201], Loss: 2.4634, Train Acc: 0.3906, Val Acc: 0.0600
Epoch [181/1000], Batch [60/201], Loss: 2.8900, Train Acc: 0.3438, Val Acc: 0.0440
Epoch [181/1000], Batch [70/201], Loss: 3.1015, Train Acc: 0.3438, Val Acc: 0.0520
Epoch [181/1000], Batch [80/201], Loss: 3.1199, Train Acc: 0.3125, Val Acc: 0.0520
Epoch [181/1000], Batch [90/201], Loss: 3.0520, Train Acc: 0.4062, Val Acc: 0.0520
Epoch [181/1000], Batch [100/201], Loss: 3.0268, Train Acc: 0.3438, Val Acc: 0.0560
Epoch [181/1000], Batch [110/201], Loss: 3.3019, Train Acc: 0.3125, Val Acc: 0.0480
Epoch [181/1000], Batch [120/201], Loss: 2.9119, Train Acc: 0.3750, Val Acc: 0.0520
Epoch [181/1000], Batch [130/201], Loss: 3.1761, Train Acc: 0.2812, Val Acc: 0.0560
Epoch [181/1000], Batch [140/201], Loss: 3.2233, Train Acc: 0.2812, Val Acc: 0.0480
Epoch [181/1000], Batch [150/201], Loss: 2.7739, Train Acc: 0.4375, Val Acc: 0.0400
Epoch [181/1000], Batch [160/201], Loss: 3.3662, Train Acc: 0.2812, Val Acc: 0.0480
Epoch [181/1000], Batch [170/201], Loss: 3.3423, Train Acc: 0.2344, Val Acc: 0.0520
Epoch [181/1000], Batch [180/201], Loss: 3.1803, Train Acc: 0.3438, Val Acc: 0.0520
Epoch [181/1000], Batch [190/201], Loss: 3.1446, Train Acc: 0.3281, Val Acc: 0.0560
Epoch [181/1000], Batch [200/201], Loss: 3.3820, Train Acc: 0.3750, Val Acc: 0.0600
Epoch [182/1000], Batch [10/201], Loss: 3.2030, Train Acc: 0.2656, Val Acc: 0.0520
Epoch [182/1000], Batch [20/201], Loss: 2.5363, Train Acc: 0.3750, Val Acc: 0.0520
Epoch [182/1000], Batch [30/201], Loss: 2.9458, Train Acc: 0.3750, Val Acc: 0.0600
Epoch [182/1000], Batch [40/201], Loss: 2.9359, Train Acc: 0.3594, Val Acc: 0.0600
Epoch [182/1000], Batch [50/201], Loss: 3.1751, Train Acc: 0.3594, Val Acc: 0.0520
Epoch [182/1000], Batch [60/201], Loss: 2.6966, Train Acc: 0.3906, Val Acc: 0.0400
Epoch [182/1000], Batch [70/201], Loss: 3.0058, Train Acc: 0.4219, Val Acc: 0.0480
Epoch [182/1000], Batch [80/201], Loss: 3.0110, Train Acc: 0.3438, Val Acc: 0.0480
Epoch [182/1000], Batch [90/201], Loss: 3.1986, Train Acc: 0.3281, Val Acc: 0.0600
Epoch [182/1000], Batch [100/201], Loss: 3.4093, Train Acc: 0.2812, Val Acc: 0.0600
Epoch [182/1000], Batch [110/201], Loss: 2.7630, Train Acc: 0.3594, Val Acc: 0.0520
Epoch [182/1000], Batch [120/201], Loss: 2.7462, Train Acc: 0.3594, Val Acc: 0.0520
Epoch [182/1000], Batch [130/201], Loss: 3.4488, Train Acc: 0.2969, Val Acc: 0.0560
Epoch [182/1000], Batch [140/201], Loss: 2.9549, Train Acc: 0.2969, Val Acc: 0.0480
Epoch [182/1000], Batch [150/201], Loss: 2.9429, Train Acc: 0.3594, Val Acc: 0.0480
Epoch [182/1000], Batch [160/201], Loss: 2.8865, Train Acc: 0.3438, Val Acc: 0.0480
Epoch [182/1000], Batch [170/201], Loss: 3.2391, Train Acc: 0.2969, Val Acc: 0.0520
Epoch [182/1000], Batch [180/201], Loss: 2.9991, Train Acc: 0.2812, Val Acc: 0.0480
Epoch [182/1000], Batch [190/201], Loss: 2.8029, Train Acc: 0.3594, Val Acc: 0.0480
Epoch [182/1000], Batch [200/201], Loss: 3.0352, Train Acc: 0.4219, Val Acc: 0.0520
Epoch [183/1000], Batch [10/201], Loss: 2.6935, Train Acc: 0.5000, Val Acc: 0.0520
Epoch [183/1000], Batch [20/201], Loss: 3.1773, Train Acc: 0.3281, Val Acc: 0.0440
Epoch [183/1000], Batch [30/201], Loss: 2.8954, Train Acc: 0.3125, Val Acc: 0.0480
Epoch [183/1000], Batch [40/201], Loss: 2.9721, Train Acc: 0.4062, Val Acc: 0.0480
Epoch [183/1000], Batch [50/201], Loss: 3.0917, Train Acc: 0.2812, Val Acc: 0.0520
Epoch [183/1000], Batch [60/201], Loss: 2.8121, Train Acc: 0.3906, Val Acc: 0.0360
Epoch [183/1000], Batch [70/201], Loss: 2.6522, Train Acc: 0.3750, Val Acc: 0.0480
Epoch [183/1000], Batch [80/201], Loss: 3.0678, Train Acc: 0.3906, Val Acc: 0.0560
Epoch [183/1000], Batch [90/201], Loss: 2.6676, Train Acc: 0.4062, Val Acc: 0.0520
Epoch [183/1000], Batch [100/201], Loss: 3.1018, Train Acc: 0.3750, Val Acc: 0.0440
Epoch [183/1000], Batch [110/201], Loss: 2.8420, Train Acc: 0.4062, Val Acc: 0.0480
Epoch [183/1000], Batch [120/201], Loss: 3.2092, Train Acc: 0.3438, Val Acc: 0.0560
Epoch [183/1000], Batch [130/201], Loss: 3.3093, Train Acc: 0.2812, Val Acc: 0.0400
Epoch [183/1000], Batch [140/201], Loss: 2.8682, Train Acc: 0.3281, Val Acc: 0.0560
Epoch [183/1000], Batch [150/201], Loss: 2.7409, Train Acc: 0.4062, Val Acc: 0.0480
Epoch [183/1000], Batch [160/201], Loss: 3.0365, Train Acc: 0.2812, Val Acc: 0.0480
Epoch [183/1000], Batch [170/201], Loss: 2.8336, Train Acc: 0.4062, Val Acc: 0.0480
Epoch [183/1000], Batch [180/201], Loss: 2.8084, Train Acc: 0.3906, Val Acc: 0.0520
Epoch [183/1000], Batch [190/201], Loss: 3.0497, Train Acc: 0.4219, Val Acc: 0.0560
Epoch [183/1000], Batch [200/201], Loss: 2.9740, Train Acc: 0.3438, Val Acc: 0.0560
Epoch [184/1000], Batch [10/201], Loss: 3.0414, Train Acc: 0.3906, Val Acc: 0.0560
Epoch [184/1000], Batch [20/201], Loss: 3.3866, Train Acc: 0.2812, Val Acc: 0.0480
Epoch [184/1000], Batch [30/201], Loss: 2.8979, Train Acc: 0.3750, Val Acc: 0.0480
Epoch [184/1000], Batch [40/201], Loss: 3.4846, Train Acc: 0.2500, Val Acc: 0.0480
Epoch [184/1000], Batch [50/201], Loss: 3.4871, Train Acc: 0.2969, Val Acc: 0.0600
Epoch [184/1000], Batch [60/201], Loss: 2.8785, Train Acc: 0.3750, Val Acc: 0.0520
Epoch [184/1000], Batch [70/201], Loss: 3.3212, Train Acc: 0.3594, Val Acc: 0.0440
Epoch [184/1000], Batch [80/201], Loss: 3.0110, Train Acc: 0.3125, Val Acc: 0.0480
Epoch [184/1000], Batch [90/201], Loss: 3.5548, Train Acc: 0.2812, Val Acc: 0.0520
Epoch [184/1000], Batch [100/201], Loss: 3.2111, Train Acc: 0.3438, Val Acc: 0.0560
Epoch [184/1000], Batch [110/201], Loss: 3.0355, Train Acc: 0.3125, Val Acc: 0.0480
Epoch [184/1000], Batch [120/201], Loss: 3.0083, Train Acc: 0.2969, Val Acc: 0.0520
Epoch [184/1000], Batch [130/201], Loss: 3.3800, Train Acc: 0.2500, Val Acc: 0.0480
Epoch [184/1000], Batch [140/201], Loss: 3.0172, Train Acc: 0.2969, Val Acc: 0.0520
Epoch [184/1000], Batch [150/201], Loss: 3.2973, Train Acc: 0.2344, Val Acc: 0.0560
Epoch [184/1000], Batch [160/201], Loss: 2.9730, Train Acc: 0.2969, Val Acc: 0.0600
Epoch [184/1000], Batch [170/201], Loss: 2.9403, Train Acc: 0.4375, Val Acc: 0.0440
Epoch [184/1000], Batch [180/201], Loss: 3.1094, Train Acc: 0.3906, Val Acc: 0.0440
Epoch [184/1000], Batch [190/201], Loss: 2.7404, Train Acc: 0.3750, Val Acc: 0.0520
Epoch [184/1000], Batch [200/201], Loss: 3.0485, Train Acc: 0.4062, Val Acc: 0.0360
Epoch [185/1000], Batch [10/201], Loss: 3.1208, Train Acc: 0.3125, Val Acc: 0.0440
Epoch [185/1000], Batch [20/201], Loss: 2.9436, Train Acc: 0.3750, Val Acc: 0.0440
Epoch [185/1000], Batch [30/201], Loss: 3.1550, Train Acc: 0.2500, Val Acc: 0.0440
Epoch [185/1000], Batch [40/201], Loss: 2.7639, Train Acc: 0.3906, Val Acc: 0.0480
Epoch [185/1000], Batch [50/201], Loss: 2.7901, Train Acc: 0.3594, Val Acc: 0.0480
Epoch [185/1000], Batch [60/201], Loss: 2.8360, Train Acc: 0.3594, Val Acc: 0.0520
Epoch [185/1000], Batch [70/201], Loss: 3.0197, Train Acc: 0.3125, Val Acc: 0.0560
Epoch [185/1000], Batch [80/201], Loss: 3.2604, Train Acc: 0.3750, Val Acc: 0.0480
Epoch [185/1000], Batch [90/201], Loss: 3.2272, Train Acc: 0.3750, Val Acc: 0.0440
Epoch [185/1000], Batch [100/201], Loss: 3.1945, Train Acc: 0.3750, Val Acc: 0.0480
Epoch [185/1000], Batch [110/201], Loss: 2.8561, Train Acc: 0.3594, Val Acc: 0.0600
Epoch [185/1000], Batch [120/201], Loss: 3.0964, Train Acc: 0.3125, Val Acc: 0.0520
Epoch [185/1000], Batch [130/201], Loss: 3.0910, Train Acc: 0.2969, Val Acc: 0.0440
Epoch [185/1000], Batch [140/201], Loss: 3.1074, Train Acc: 0.3750, Val Acc: 0.0600
Epoch [185/1000], Batch [150/201], Loss: 2.6421, Train Acc: 0.4062, Val Acc: 0.0520
Epoch [185/1000], Batch [160/201], Loss: 3.1245, Train Acc: 0.2969, Val Acc: 0.0400
Epoch [185/1000], Batch [170/201], Loss: 3.2055, Train Acc: 0.3438, Val Acc: 0.0480
Epoch [185/1000], Batch [180/201], Loss: 2.6907, Train Acc: 0.4375, Val Acc: 0.0520
Epoch [185/1000], Batch [190/201], Loss: 2.9577, Train Acc: 0.3750, Val Acc: 0.0480
Epoch [185/1000], Batch [200/201], Loss: 2.6489, Train Acc: 0.2969, Val Acc: 0.0520
Epoch [186/1000], Batch [10/201], Loss: 3.1111, Train Acc: 0.2344, Val Acc: 0.0560
Epoch [186/1000], Batch [20/201], Loss: 2.5705, Train Acc: 0.4062, Val Acc: 0.0520
Epoch [186/1000], Batch [30/201], Loss: 3.0462, Train Acc: 0.2656, Val Acc: 0.0560
Epoch [186/1000], Batch [40/201], Loss: 2.8917, Train Acc: 0.3281, Val Acc: 0.0400
Epoch [186/1000], Batch [50/201], Loss: 3.1119, Train Acc: 0.2812, Val Acc: 0.0440
Epoch [186/1000], Batch [60/201], Loss: 3.3853, Train Acc: 0.2969, Val Acc: 0.0400
Epoch [186/1000], Batch [70/201], Loss: 3.1251, Train Acc: 0.3594, Val Acc: 0.0440
Epoch [186/1000], Batch [80/201], Loss: 2.7627, Train Acc: 0.3281, Val Acc: 0.0560
Epoch [186/1000], Batch [90/201], Loss: 2.9647, Train Acc: 0.3594, Val Acc: 0.0520
Epoch [186/1000], Batch [100/201], Loss: 2.6518, Train Acc: 0.5000, Val Acc: 0.0520
Epoch [186/1000], Batch [110/201], Loss: 2.7497, Train Acc: 0.3594, Val Acc: 0.0520
Epoch [186/1000], Batch [120/201], Loss: 2.7922, Train Acc: 0.3594, Val Acc: 0.0400
Epoch [186/1000], Batch [130/201], Loss: 2.7106, Train Acc: 0.4688, Val Acc: 0.0480
Epoch [186/1000], Batch [140/201], Loss: 3.1003, Train Acc: 0.3125, Val Acc: 0.0440
Epoch [186/1000], Batch [150/201], Loss: 2.9711, Train Acc: 0.3438, Val Acc: 0.0560
Epoch [186/1000], Batch [160/201], Loss: 2.8484, Train Acc: 0.2969, Val Acc: 0.0520
Epoch [186/1000], Batch [170/201], Loss: 3.0786, Train Acc: 0.2344, Val Acc: 0.0480
Epoch [186/1000], Batch [180/201], Loss: 2.9629, Train Acc: 0.2969, Val Acc: 0.0440
Epoch [186/1000], Batch [190/201], Loss: 3.1655, Train Acc: 0.3281, Val Acc: 0.0440
Epoch [186/1000], Batch [200/201], Loss: 2.7201, Train Acc: 0.4062, Val Acc: 0.0480
Epoch [187/1000], Batch [10/201], Loss: 2.7667, Train Acc: 0.4375, Val Acc: 0.0520
Epoch [187/1000], Batch [20/201], Loss: 3.0450, Train Acc: 0.3438, Val Acc: 0.0480
Epoch [187/1000], Batch [30/201], Loss: 2.4500, Train Acc: 0.4531, Val Acc: 0.0560
Epoch [187/1000], Batch [40/201], Loss: 2.6276, Train Acc: 0.4531, Val Acc: 0.0440
Epoch [187/1000], Batch [50/201], Loss: 3.2033, Train Acc: 0.3594, Val Acc: 0.0600
Epoch [187/1000], Batch [60/201], Loss: 2.5623, Train Acc: 0.4219, Val Acc: 0.0600
Epoch [187/1000], Batch [70/201], Loss: 2.9658, Train Acc: 0.2969, Val Acc: 0.0520
Epoch [187/1000], Batch [80/201], Loss: 3.1908, Train Acc: 0.3125, Val Acc: 0.0520
Epoch [187/1000], Batch [90/201], Loss: 3.0247, Train Acc: 0.3125, Val Acc: 0.0520
Epoch [187/1000], Batch [100/201], Loss: 3.2144, Train Acc: 0.2500, Val Acc: 0.0600
Epoch [187/1000], Batch [110/201], Loss: 3.1581, Train Acc: 0.2812, Val Acc: 0.0560
Epoch [187/1000], Batch [120/201], Loss: 2.9935, Train Acc: 0.3750, Val Acc: 0.0560
Epoch [187/1000], Batch [130/201], Loss: 3.1271, Train Acc: 0.2500, Val Acc: 0.0520
Epoch [187/1000], Batch [140/201], Loss: 2.7531, Train Acc: 0.3906, Val Acc: 0.0480
Epoch [187/1000], Batch [150/201], Loss: 2.8513, Train Acc: 0.4219, Val Acc: 0.0440
Epoch [187/1000], Batch [160/201], Loss: 3.0802, Train Acc: 0.3906, Val Acc: 0.0520
Epoch [187/1000], Batch [170/201], Loss: 2.9594, Train Acc: 0.4062, Val Acc: 0.0520
Epoch [187/1000], Batch [180/201], Loss: 3.1232, Train Acc: 0.3750, Val Acc: 0.0480
Epoch [187/1000], Batch [190/201], Loss: 3.0802, Train Acc: 0.3125, Val Acc: 0.0480
Epoch [187/1000], Batch [200/201], Loss: 2.8885, Train Acc: 0.3906, Val Acc: 0.0400
Epoch [188/1000], Batch [10/201], Loss: 3.0031, Train Acc: 0.3750, Val Acc: 0.0480
Epoch [188/1000], Batch [20/201], Loss: 2.7773, Train Acc: 0.3438, Val Acc: 0.0600
Epoch [188/1000], Batch [30/201], Loss: 3.2789, Train Acc: 0.2812, Val Acc: 0.0560
Epoch [188/1000], Batch [40/201], Loss: 2.7642, Train Acc: 0.3906, Val Acc: 0.0520
Epoch [188/1000], Batch [50/201], Loss: 2.9861, Train Acc: 0.2969, Val Acc: 0.0440
Epoch [188/1000], Batch [60/201], Loss: 2.9700, Train Acc: 0.3906, Val Acc: 0.0440
Epoch [188/1000], Batch [70/201], Loss: 3.0223, Train Acc: 0.3125, Val Acc: 0.0520
Epoch [188/1000], Batch [80/201], Loss: 2.8040, Train Acc: 0.4375, Val Acc: 0.0480
Epoch [188/1000], Batch [90/201], Loss: 2.3618, Train Acc: 0.5312, Val Acc: 0.0480
Epoch [188/1000], Batch [100/201], Loss: 3.3172, Train Acc: 0.2812, Val Acc: 0.0480
Epoch [188/1000], Batch [110/201], Loss: 2.9473, Train Acc: 0.3438, Val Acc: 0.0520
Epoch [188/1000], Batch [120/201], Loss: 3.1092, Train Acc: 0.3594, Val Acc: 0.0480
Epoch [188/1000], Batch [130/201], Loss: 3.2923, Train Acc: 0.2500, Val Acc: 0.0560
Epoch [188/1000], Batch [140/201], Loss: 2.7591, Train Acc: 0.4219, Val Acc: 0.0480
Epoch [188/1000], Batch [150/201], Loss: 2.8456, Train Acc: 0.3906, Val Acc: 0.0440
Epoch [188/1000], Batch [160/201], Loss: 2.7571, Train Acc: 0.4219, Val Acc: 0.0400
Epoch [188/1000], Batch [170/201], Loss: 2.8798, Train Acc: 0.3750, Val Acc: 0.0520
Epoch [188/1000], Batch [180/201], Loss: 2.8540, Train Acc: 0.4219, Val Acc: 0.0520
Epoch [188/1000], Batch [190/201], Loss: 2.7547, Train Acc: 0.4062, Val Acc: 0.0480
Epoch [188/1000], Batch [200/201], Loss: 3.0972, Train Acc: 0.3594, Val Acc: 0.0440
Epoch [189/1000], Batch [10/201], Loss: 3.2032, Train Acc: 0.2500, Val Acc: 0.0440
Epoch [189/1000], Batch [20/201], Loss: 2.8038, Train Acc: 0.4062, Val Acc: 0.0400
Epoch [189/1000], Batch [30/201], Loss: 3.2070, Train Acc: 0.3594, Val Acc: 0.0360
Epoch [189/1000], Batch [40/201], Loss: 2.9816, Train Acc: 0.3594, Val Acc: 0.0400
Epoch [189/1000], Batch [50/201], Loss: 3.3571, Train Acc: 0.4062, Val Acc: 0.0520
Epoch [189/1000], Batch [60/201], Loss: 2.9869, Train Acc: 0.3594, Val Acc: 0.0560
Epoch [189/1000], Batch [70/201], Loss: 3.0121, Train Acc: 0.3594, Val Acc: 0.0560
Epoch [189/1000], Batch [80/201], Loss: 2.9835, Train Acc: 0.3906, Val Acc: 0.0560
Epoch [189/1000], Batch [90/201], Loss: 3.0562, Train Acc: 0.4375, Val Acc: 0.0520
Epoch [189/1000], Batch [100/201], Loss: 2.8868, Train Acc: 0.4062, Val Acc: 0.0560
Epoch [189/1000], Batch [110/201], Loss: 3.0699, Train Acc: 0.3750, Val Acc: 0.0560
Epoch [189/1000], Batch [120/201], Loss: 2.6036, Train Acc: 0.4531, Val Acc: 0.0560
Epoch [189/1000], Batch [130/201], Loss: 2.8300, Train Acc: 0.3750, Val Acc: 0.0640
Epoch [189/1000], Batch [140/201], Loss: 3.0999, Train Acc: 0.3906, Val Acc: 0.0520
Epoch [189/1000], Batch [150/201], Loss: 3.1644, Train Acc: 0.3281, Val Acc: 0.0560
Epoch [189/1000], Batch [160/201], Loss: 3.2058, Train Acc: 0.2969, Val Acc: 0.0520
Epoch [189/1000], Batch [170/201], Loss: 2.7287, Train Acc: 0.3594, Val Acc: 0.0480
Epoch [189/1000], Batch [180/201], Loss: 3.0688, Train Acc: 0.4375, Val Acc: 0.0520
Epoch [189/1000], Batch [190/201], Loss: 2.6198, Train Acc: 0.4531, Val Acc: 0.0480
Epoch [189/1000], Batch [200/201], Loss: 2.8524, Train Acc: 0.3906, Val Acc: 0.0440
Epoch [190/1000], Batch [10/201], Loss: 2.7488, Train Acc: 0.3750, Val Acc: 0.0520
Epoch [190/1000], Batch [20/201], Loss: 3.3611, Train Acc: 0.2969, Val Acc: 0.0440
Epoch [190/1000], Batch [30/201], Loss: 2.7143, Train Acc: 0.4062, Val Acc: 0.0440
Epoch [190/1000], Batch [40/201], Loss: 3.1027, Train Acc: 0.3750, Val Acc: 0.0440
Epoch [190/1000], Batch [50/201], Loss: 2.7586, Train Acc: 0.4219, Val Acc: 0.0360
Epoch [190/1000], Batch [60/201], Loss: 2.9007, Train Acc: 0.4219, Val Acc: 0.0400
Epoch [190/1000], Batch [70/201], Loss: 2.8514, Train Acc: 0.3281, Val Acc: 0.0400
Epoch [190/1000], Batch [80/201], Loss: 3.1495, Train Acc: 0.3281, Val Acc: 0.0560
Epoch [190/1000], Batch [90/201], Loss: 2.9929, Train Acc: 0.3594, Val Acc: 0.0480
Epoch [190/1000], Batch [100/201], Loss: 2.9589, Train Acc: 0.2969, Val Acc: 0.0520
Epoch [190/1000], Batch [110/201], Loss: 3.2875, Train Acc: 0.2969, Val Acc: 0.0560
Epoch [190/1000], Batch [120/201], Loss: 2.9270, Train Acc: 0.3906, Val Acc: 0.0520
Epoch [190/1000], Batch [130/201], Loss: 2.9473, Train Acc: 0.3750, Val Acc: 0.0520
Epoch [190/1000], Batch [140/201], Loss: 3.0555, Train Acc: 0.3750, Val Acc: 0.0560
Epoch [190/1000], Batch [150/201], Loss: 2.7735, Train Acc: 0.5000, Val Acc: 0.0560
Epoch [190/1000], Batch [160/201], Loss: 2.9140, Train Acc: 0.4531, Val Acc: 0.0520
Epoch [190/1000], Batch [170/201], Loss: 3.2573, Train Acc: 0.3594, Val Acc: 0.0440
Epoch [190/1000], Batch [180/201], Loss: 2.7506, Train Acc: 0.4219, Val Acc: 0.0480
Epoch [190/1000], Batch [190/201], Loss: 2.5769, Train Acc: 0.3594, Val Acc: 0.0400
Epoch [190/1000], Batch [200/201], Loss: 3.3667, Train Acc: 0.2031, Val Acc: 0.0560
Epoch [191/1000], Batch [10/201], Loss: 2.7456, Train Acc: 0.4375, Val Acc: 0.0560
Epoch [191/1000], Batch [20/201], Loss: 3.2964, Train Acc: 0.2500, Val Acc: 0.0560
Epoch [191/1000], Batch [30/201], Loss: 2.9127, Train Acc: 0.3906, Val Acc: 0.0560
Epoch [191/1000], Batch [40/201], Loss: 3.0370, Train Acc: 0.3906, Val Acc: 0.0440
Epoch [191/1000], Batch [50/201], Loss: 2.5352, Train Acc: 0.4062, Val Acc: 0.0560
Epoch [191/1000], Batch [60/201], Loss: 2.8867, Train Acc: 0.4062, Val Acc: 0.0520
Epoch [191/1000], Batch [70/201], Loss: 2.9930, Train Acc: 0.2500, Val Acc: 0.0520
Epoch [191/1000], Batch [80/201], Loss: 2.4498, Train Acc: 0.5156, Val Acc: 0.0480
Epoch [191/1000], Batch [90/201], Loss: 3.0529, Train Acc: 0.3125, Val Acc: 0.0480
Epoch [191/1000], Batch [100/201], Loss: 2.9052, Train Acc: 0.4062, Val Acc: 0.0600
Epoch [191/1000], Batch [110/201], Loss: 3.1539, Train Acc: 0.3906, Val Acc: 0.0360
Epoch [191/1000], Batch [120/201], Loss: 2.8591, Train Acc: 0.5000, Val Acc: 0.0400
Epoch [191/1000], Batch [130/201], Loss: 2.6714, Train Acc: 0.4375, Val Acc: 0.0480
Epoch [191/1000], Batch [140/201], Loss: 2.8439, Train Acc: 0.3906, Val Acc: 0.0600
Epoch [191/1000], Batch [150/201], Loss: 2.9975, Train Acc: 0.3906, Val Acc: 0.0560
Epoch [191/1000], Batch [160/201], Loss: 3.0267, Train Acc: 0.3281, Val Acc: 0.0520
Epoch [191/1000], Batch [170/201], Loss: 2.5910, Train Acc: 0.4062, Val Acc: 0.0520
Epoch [191/1000], Batch [180/201], Loss: 2.7276, Train Acc: 0.3438, Val Acc: 0.0600
Epoch [191/1000], Batch [190/201], Loss: 2.9293, Train Acc: 0.4062, Val Acc: 0.0560
Epoch [191/1000], Batch [200/201], Loss: 2.6530, Train Acc: 0.3594, Val Acc: 0.0600
Epoch [192/1000], Batch [10/201], Loss: 2.8120, Train Acc: 0.4219, Val Acc: 0.0440
Epoch [192/1000], Batch [20/201], Loss: 3.1209, Train Acc: 0.3438, Val Acc: 0.0480
Epoch [192/1000], Batch [30/201], Loss: 2.8913, Train Acc: 0.2812, Val Acc: 0.0520
Epoch [192/1000], Batch [40/201], Loss: 3.1997, Train Acc: 0.2969, Val Acc: 0.0520
Epoch [192/1000], Batch [50/201], Loss: 2.7307, Train Acc: 0.3750, Val Acc: 0.0480
Epoch [192/1000], Batch [60/201], Loss: 2.7159, Train Acc: 0.4531, Val Acc: 0.0360
Epoch [192/1000], Batch [70/201], Loss: 2.7507, Train Acc: 0.3750, Val Acc: 0.0480
Epoch [192/1000], Batch [80/201], Loss: 2.4604, Train Acc: 0.4688, Val Acc: 0.0560
Epoch [192/1000], Batch [90/201], Loss: 2.9305, Train Acc: 0.4062, Val Acc: 0.0440
Epoch [192/1000], Batch [100/201], Loss: 2.5243, Train Acc: 0.5000, Val Acc: 0.0560
Epoch [192/1000], Batch [110/201], Loss: 3.2892, Train Acc: 0.2812, Val Acc: 0.0400
Epoch [192/1000], Batch [120/201], Loss: 3.0783, Train Acc: 0.3750, Val Acc: 0.0600
Epoch [192/1000], Batch [130/201], Loss: 3.3230, Train Acc: 0.2500, Val Acc: 0.0600
Epoch [192/1000], Batch [140/201], Loss: 3.1460, Train Acc: 0.3594, Val Acc: 0.0520
Epoch [192/1000], Batch [150/201], Loss: 2.9212, Train Acc: 0.3906, Val Acc: 0.0480
Epoch [192/1000], Batch [160/201], Loss: 2.9747, Train Acc: 0.3125, Val Acc: 0.0440
Epoch [192/1000], Batch [170/201], Loss: 3.1517, Train Acc: 0.2500, Val Acc: 0.0560
Epoch [192/1000], Batch [180/201], Loss: 3.3828, Train Acc: 0.2500, Val Acc: 0.0560
Epoch [192/1000], Batch [190/201], Loss: 3.4138, Train Acc: 0.3594, Val Acc: 0.0520
Epoch [192/1000], Batch [200/201], Loss: 2.7005, Train Acc: 0.4531, Val Acc: 0.0560
Epoch [193/1000], Batch [10/201], Loss: 2.6922, Train Acc: 0.3906, Val Acc: 0.0520
Epoch [193/1000], Batch [20/201], Loss: 3.0613, Train Acc: 0.3125, Val Acc: 0.0560
Epoch [193/1000], Batch [30/201], Loss: 3.0460, Train Acc: 0.2812, Val Acc: 0.0520
Epoch [193/1000], Batch [40/201], Loss: 2.9386, Train Acc: 0.4062, Val Acc: 0.0440
Epoch [193/1000], Batch [50/201], Loss: 2.7625, Train Acc: 0.3438, Val Acc: 0.0560
Epoch [193/1000], Batch [60/201], Loss: 2.9699, Train Acc: 0.3750, Val Acc: 0.0560
Epoch [193/1000], Batch [70/201], Loss: 3.1369, Train Acc: 0.2969, Val Acc: 0.0560
Epoch [193/1000], Batch [80/201], Loss: 3.1506, Train Acc: 0.3750, Val Acc: 0.0480
Epoch [193/1000], Batch [90/201], Loss: 3.1993, Train Acc: 0.3906, Val Acc: 0.0520
Epoch [193/1000], Batch [100/201], Loss: 3.4650, Train Acc: 0.3125, Val Acc: 0.0400
Epoch [193/1000], Batch [110/201], Loss: 3.3500, Train Acc: 0.3438, Val Acc: 0.0400
Epoch [193/1000], Batch [120/201], Loss: 3.0745, Train Acc: 0.4062, Val Acc: 0.0560
Epoch [193/1000], Batch [130/201], Loss: 3.1511, Train Acc: 0.3750, Val Acc: 0.0440
Epoch [193/1000], Batch [140/201], Loss: 2.9881, Train Acc: 0.3438, Val Acc: 0.0480
Epoch [193/1000], Batch [150/201], Loss: 2.8555, Train Acc: 0.3750, Val Acc: 0.0480
Epoch [193/1000], Batch [160/201], Loss: 3.2951, Train Acc: 0.2500, Val Acc: 0.0520
Epoch [193/1000], Batch [170/201], Loss: 3.0507, Train Acc: 0.3594, Val Acc: 0.0440
Epoch [193/1000], Batch [180/201], Loss: 3.0826, Train Acc: 0.3594, Val Acc: 0.0480
Epoch [193/1000], Batch [190/201], Loss: 3.2475, Train Acc: 0.3125, Val Acc: 0.0520
Epoch [193/1000], Batch [200/201], Loss: 2.8190, Train Acc: 0.3281, Val Acc: 0.0560
Epoch [194/1000], Batch [10/201], Loss: 2.5313, Train Acc: 0.2969, Val Acc: 0.0600
Epoch [194/1000], Batch [20/201], Loss: 3.2204, Train Acc: 0.3125, Val Acc: 0.0520
Epoch [194/1000], Batch [30/201], Loss: 3.2055, Train Acc: 0.3281, Val Acc: 0.0520
Epoch [194/1000], Batch [40/201], Loss: 3.3109, Train Acc: 0.3125, Val Acc: 0.0520
Epoch [194/1000], Batch [50/201], Loss: 2.7492, Train Acc: 0.3750, Val Acc: 0.0560
Epoch [194/1000], Batch [60/201], Loss: 3.2583, Train Acc: 0.3281, Val Acc: 0.0480
Epoch [194/1000], Batch [70/201], Loss: 2.9657, Train Acc: 0.3594, Val Acc: 0.0440
Epoch [194/1000], Batch [80/201], Loss: 2.9039, Train Acc: 0.2656, Val Acc: 0.0440
Epoch [194/1000], Batch [90/201], Loss: 3.2693, Train Acc: 0.3281, Val Acc: 0.0440
Epoch [194/1000], Batch [100/201], Loss: 2.8789, Train Acc: 0.4062, Val Acc: 0.0560
Epoch [194/1000], Batch [110/201], Loss: 3.0518, Train Acc: 0.3125, Val Acc: 0.0480
Epoch [194/1000], Batch [120/201], Loss: 3.1293, Train Acc: 0.3594, Val Acc: 0.0520
Epoch [194/1000], Batch [130/201], Loss: 3.0505, Train Acc: 0.3906, Val Acc: 0.0480
Epoch [194/1000], Batch [140/201], Loss: 3.0067, Train Acc: 0.3594, Val Acc: 0.0440
Epoch [194/1000], Batch [150/201], Loss: 2.8057, Train Acc: 0.4062, Val Acc: 0.0520
Epoch [194/1000], Batch [160/201], Loss: 2.6500, Train Acc: 0.4375, Val Acc: 0.0560
Epoch [194/1000], Batch [170/201], Loss: 3.1059, Train Acc: 0.3750, Val Acc: 0.0440
Epoch [194/1000], Batch [180/201], Loss: 2.7642, Train Acc: 0.3906, Val Acc: 0.0600
Epoch [194/1000], Batch [190/201], Loss: 3.2667, Train Acc: 0.3125, Val Acc: 0.0480
Epoch [194/1000], Batch [200/201], Loss: 2.5908, Train Acc: 0.4062, Val Acc: 0.0480
Epoch [195/1000], Batch [10/201], Loss: 2.8235, Train Acc: 0.3750, Val Acc: 0.0480
Epoch [195/1000], Batch [20/201], Loss: 3.5883, Train Acc: 0.2969, Val Acc: 0.0600
Epoch [195/1000], Batch [30/201], Loss: 3.4339, Train Acc: 0.2969, Val Acc: 0.0520
Epoch [195/1000], Batch [40/201], Loss: 2.6516, Train Acc: 0.4219, Val Acc: 0.0520
Epoch [195/1000], Batch [50/201], Loss: 3.0234, Train Acc: 0.3281, Val Acc: 0.0440
Epoch [195/1000], Batch [60/201], Loss: 2.8334, Train Acc: 0.3125, Val Acc: 0.0520
Epoch [195/1000], Batch [70/201], Loss: 3.0615, Train Acc: 0.3281, Val Acc: 0.0640
Epoch [195/1000], Batch [80/201], Loss: 2.9100, Train Acc: 0.3281, Val Acc: 0.0480
Epoch [195/1000], Batch [90/201], Loss: 3.1691, Train Acc: 0.2969, Val Acc: 0.0520
Epoch [195/1000], Batch [100/201], Loss: 2.5216, Train Acc: 0.4219, Val Acc: 0.0400
Epoch [195/1000], Batch [110/201], Loss: 3.1317, Train Acc: 0.3594, Val Acc: 0.0520
Epoch [195/1000], Batch [120/201], Loss: 3.1033, Train Acc: 0.3125, Val Acc: 0.0520
Epoch [195/1000], Batch [130/201], Loss: 2.5510, Train Acc: 0.3594, Val Acc: 0.0520
Epoch [195/1000], Batch [140/201], Loss: 3.1171, Train Acc: 0.2969, Val Acc: 0.0560
Epoch [195/1000], Batch [150/201], Loss: 3.0081, Train Acc: 0.3438, Val Acc: 0.0560
Epoch [195/1000], Batch [160/201], Loss: 3.0794, Train Acc: 0.4062, Val Acc: 0.0480
Epoch [195/1000], Batch [170/201], Loss: 2.7704, Train Acc: 0.3906, Val Acc: 0.0480
Epoch [195/1000], Batch [180/201], Loss: 3.0764, Train Acc: 0.2812, Val Acc: 0.0400
Epoch [195/1000], Batch [190/201], Loss: 2.6310, Train Acc: 0.4688, Val Acc: 0.0360
Epoch [195/1000], Batch [200/201], Loss: 2.8814, Train Acc: 0.3594, Val Acc: 0.0440
Epoch [196/1000], Batch [10/201], Loss: 3.0272, Train Acc: 0.3594, Val Acc: 0.0520
Epoch [196/1000], Batch [20/201], Loss: 2.7495, Train Acc: 0.3750, Val Acc: 0.0480
Epoch [196/1000], Batch [30/201], Loss: 3.2191, Train Acc: 0.2500, Val Acc: 0.0480
Epoch [196/1000], Batch [40/201], Loss: 2.7408, Train Acc: 0.4219, Val Acc: 0.0520
Epoch [196/1000], Batch [50/201], Loss: 2.8328, Train Acc: 0.2969, Val Acc: 0.0400
Epoch [196/1000], Batch [60/201], Loss: 2.9172, Train Acc: 0.3594, Val Acc: 0.0560
Epoch [196/1000], Batch [70/201], Loss: 2.8929, Train Acc: 0.4219, Val Acc: 0.0520
Epoch [196/1000], Batch [80/201], Loss: 2.7314, Train Acc: 0.3906, Val Acc: 0.0480
Epoch [196/1000], Batch [90/201], Loss: 2.3771, Train Acc: 0.4531, Val Acc: 0.0480
Epoch [196/1000], Batch [100/201], Loss: 3.2006, Train Acc: 0.3438, Val Acc: 0.0560
Epoch [196/1000], Batch [110/201], Loss: 3.3026, Train Acc: 0.3125, Val Acc: 0.0480
Epoch [196/1000], Batch [120/201], Loss: 2.6966, Train Acc: 0.4062, Val Acc: 0.0440
Epoch [196/1000], Batch [130/201], Loss: 2.9899, Train Acc: 0.3750, Val Acc: 0.0560
Epoch [196/1000], Batch [140/201], Loss: 3.3208, Train Acc: 0.3281, Val Acc: 0.0520
Epoch [196/1000], Batch [150/201], Loss: 2.8531, Train Acc: 0.3594, Val Acc: 0.0520
Epoch [196/1000], Batch [160/201], Loss: 3.2722, Train Acc: 0.2500, Val Acc: 0.0520
Epoch [196/1000], Batch [170/201], Loss: 2.6419, Train Acc: 0.3906, Val Acc: 0.0400
Epoch [196/1000], Batch [180/201], Loss: 3.1056, Train Acc: 0.3281, Val Acc: 0.0480
Epoch [196/1000], Batch [190/201], Loss: 2.8680, Train Acc: 0.4219, Val Acc: 0.0560
Epoch [196/1000], Batch [200/201], Loss: 3.1082, Train Acc: 0.2969, Val Acc: 0.0480
Epoch [197/1000], Batch [10/201], Loss: 2.9320, Train Acc: 0.3750, Val Acc: 0.0520
Epoch [197/1000], Batch [20/201], Loss: 3.1718, Train Acc: 0.3438, Val Acc: 0.0520
Epoch [197/1000], Batch [30/201], Loss: 3.2650, Train Acc: 0.3125, Val Acc: 0.0520
Epoch [197/1000], Batch [40/201], Loss: 3.3922, Train Acc: 0.2656, Val Acc: 0.0520
Epoch [197/1000], Batch [50/201], Loss: 2.9123, Train Acc: 0.3906, Val Acc: 0.0600
Epoch [197/1000], Batch [60/201], Loss: 2.9623, Train Acc: 0.3750, Val Acc: 0.0520
Epoch [197/1000], Batch [70/201], Loss: 3.1734, Train Acc: 0.2969, Val Acc: 0.0440
Epoch [197/1000], Batch [80/201], Loss: 3.0662, Train Acc: 0.2656, Val Acc: 0.0480
Epoch [197/1000], Batch [90/201], Loss: 3.1747, Train Acc: 0.3750, Val Acc: 0.0520
Epoch [197/1000], Batch [100/201], Loss: 2.7754, Train Acc: 0.3750, Val Acc: 0.0560
Epoch [197/1000], Batch [110/201], Loss: 3.2621, Train Acc: 0.2344, Val Acc: 0.0560
Epoch [197/1000], Batch [120/201], Loss: 2.7049, Train Acc: 0.4375, Val Acc: 0.0480
Epoch [197/1000], Batch [130/201], Loss: 2.7867, Train Acc: 0.4062, Val Acc: 0.0520
Epoch [197/1000], Batch [140/201], Loss: 2.7854, Train Acc: 0.3906, Val Acc: 0.0520
Epoch [197/1000], Batch [150/201], Loss: 3.1362, Train Acc: 0.2656, Val Acc: 0.0480
Epoch [197/1000], Batch [160/201], Loss: 2.8770, Train Acc: 0.2812, Val Acc: 0.0520
Epoch [197/1000], Batch [170/201], Loss: 2.6804, Train Acc: 0.4531, Val Acc: 0.0360
Epoch [197/1000], Batch [180/201], Loss: 3.2021, Train Acc: 0.2969, Val Acc: 0.0520
Epoch [197/1000], Batch [190/201], Loss: 3.1245, Train Acc: 0.4219, Val Acc: 0.0520
Epoch [197/1000], Batch [200/201], Loss: 2.6951, Train Acc: 0.3750, Val Acc: 0.0560
Epoch [198/1000], Batch [10/201], Loss: 3.4977, Train Acc: 0.2969, Val Acc: 0.0560
Epoch [198/1000], Batch [20/201], Loss: 2.5021, Train Acc: 0.4219, Val Acc: 0.0480
Epoch [198/1000], Batch [30/201], Loss: 2.9278, Train Acc: 0.4219, Val Acc: 0.0480
Epoch [198/1000], Batch [40/201], Loss: 3.1317, Train Acc: 0.4062, Val Acc: 0.0440
Epoch [198/1000], Batch [50/201], Loss: 2.9100, Train Acc: 0.3750, Val Acc: 0.0520
Epoch [198/1000], Batch [60/201], Loss: 3.0055, Train Acc: 0.3438, Val Acc: 0.0400
Epoch [198/1000], Batch [70/201], Loss: 3.0565, Train Acc: 0.2969, Val Acc: 0.0480
Epoch [198/1000], Batch [80/201], Loss: 3.1428, Train Acc: 0.3750, Val Acc: 0.0480
Epoch [198/1000], Batch [90/201], Loss: 2.6690, Train Acc: 0.4219, Val Acc: 0.0600
Epoch [198/1000], Batch [100/201], Loss: 3.0516, Train Acc: 0.3438, Val Acc: 0.0480
Epoch [198/1000], Batch [110/201], Loss: 2.9154, Train Acc: 0.4688, Val Acc: 0.0440
Epoch [198/1000], Batch [120/201], Loss: 3.1373, Train Acc: 0.3906, Val Acc: 0.0560
Epoch [198/1000], Batch [130/201], Loss: 2.7975, Train Acc: 0.3906, Val Acc: 0.0560
Epoch [198/1000], Batch [140/201], Loss: 3.1643, Train Acc: 0.2656, Val Acc: 0.0520
Epoch [198/1000], Batch [150/201], Loss: 3.0194, Train Acc: 0.3594, Val Acc: 0.0520
Epoch [198/1000], Batch [160/201], Loss: 3.0200, Train Acc: 0.2344, Val Acc: 0.0560
Epoch [198/1000], Batch [170/201], Loss: 2.8870, Train Acc: 0.4062, Val Acc: 0.0480
Epoch [198/1000], Batch [180/201], Loss: 2.7533, Train Acc: 0.3750, Val Acc: 0.0440
Epoch [198/1000], Batch [190/201], Loss: 2.8477, Train Acc: 0.3438, Val Acc: 0.0600
Epoch [198/1000], Batch [200/201], Loss: 2.7246, Train Acc: 0.3594, Val Acc: 0.0440
Epoch [199/1000], Batch [10/201], Loss: 2.9304, Train Acc: 0.4062, Val Acc: 0.0520
Epoch [199/1000], Batch [20/201], Loss: 3.4626, Train Acc: 0.2500, Val Acc: 0.0600
Epoch [199/1000], Batch [30/201], Loss: 3.3945, Train Acc: 0.2500, Val Acc: 0.0560
Epoch [199/1000], Batch [40/201], Loss: 3.1499, Train Acc: 0.2656, Val Acc: 0.0520
Epoch [199/1000], Batch [50/201], Loss: 3.0322, Train Acc: 0.4219, Val Acc: 0.0560
Epoch [199/1000], Batch [60/201], Loss: 2.7752, Train Acc: 0.3906, Val Acc: 0.0520
Epoch [199/1000], Batch [70/201], Loss: 2.8797, Train Acc: 0.4062, Val Acc: 0.0480
Epoch [199/1000], Batch [80/201], Loss: 3.0695, Train Acc: 0.2344, Val Acc: 0.0520
Epoch [199/1000], Batch [90/201], Loss: 2.7903, Train Acc: 0.3438, Val Acc: 0.0480
Epoch [199/1000], Batch [100/201], Loss: 2.8958, Train Acc: 0.4062, Val Acc: 0.0480
Epoch [199/1000], Batch [110/201], Loss: 3.3092, Train Acc: 0.3281, Val Acc: 0.0600
Epoch [199/1000], Batch [120/201], Loss: 3.0578, Train Acc: 0.2812, Val Acc: 0.0520
Epoch [199/1000], Batch [130/201], Loss: 2.8740, Train Acc: 0.3906, Val Acc: 0.0520
Epoch [199/1000], Batch [140/201], Loss: 2.9635, Train Acc: 0.3594, Val Acc: 0.0480
Epoch [199/1000], Batch [150/201], Loss: 2.8664, Train Acc: 0.3906, Val Acc: 0.0400
Epoch [199/1000], Batch [160/201], Loss: 2.9981, Train Acc: 0.3594, Val Acc: 0.0400
Epoch [199/1000], Batch [170/201], Loss: 2.6314, Train Acc: 0.5156, Val Acc: 0.0480
Epoch [199/1000], Batch [180/201], Loss: 2.8204, Train Acc: 0.2812, Val Acc: 0.0560
Epoch [199/1000], Batch [190/201], Loss: 2.9659, Train Acc: 0.3438, Val Acc: 0.0520
Epoch [199/1000], Batch [200/201], Loss: 2.8797, Train Acc: 0.3594, Val Acc: 0.0440
Epoch [200/1000], Batch [10/201], Loss: 2.6020, Train Acc: 0.4531, Val Acc: 0.0520
Epoch [200/1000], Batch [20/201], Loss: 2.8932, Train Acc: 0.3281, Val Acc: 0.0400
Epoch [200/1000], Batch [30/201], Loss: 3.1135, Train Acc: 0.2812, Val Acc: 0.0480
Epoch [200/1000], Batch [40/201], Loss: 2.6597, Train Acc: 0.3594, Val Acc: 0.0480
Epoch [200/1000], Batch [50/201], Loss: 2.5552, Train Acc: 0.4375, Val Acc: 0.0560
Epoch [200/1000], Batch [60/201], Loss: 2.8272, Train Acc: 0.3906, Val Acc: 0.0560
Epoch [200/1000], Batch [70/201], Loss: 3.0886, Train Acc: 0.4375, Val Acc: 0.0520
Epoch [200/1000], Batch [80/201], Loss: 3.0724, Train Acc: 0.3281, Val Acc: 0.0520
Epoch [200/1000], Batch [90/201], Loss: 3.0654, Train Acc: 0.2656, Val Acc: 0.0600
Epoch [200/1000], Batch [100/201], Loss: 3.1785, Train Acc: 0.3438, Val Acc: 0.0560
Epoch [200/1000], Batch [110/201], Loss: 2.7194, Train Acc: 0.4062, Val Acc: 0.0600
Epoch [200/1000], Batch [120/201], Loss: 3.0121, Train Acc: 0.3906, Val Acc: 0.0560
Epoch [200/1000], Batch [130/201], Loss: 3.0965, Train Acc: 0.3438, Val Acc: 0.0520
Epoch [200/1000], Batch [140/201], Loss: 3.1431, Train Acc: 0.3281, Val Acc: 0.0480
Epoch [200/1000], Batch [150/201], Loss: 3.1172, Train Acc: 0.3125, Val Acc: 0.0480
Epoch [200/1000], Batch [160/201], Loss: 2.8374, Train Acc: 0.4844, Val Acc: 0.0480
Epoch [200/1000], Batch [170/201], Loss: 2.9757, Train Acc: 0.3906, Val Acc: 0.0320
Epoch [200/1000], Batch [180/201], Loss: 2.8702, Train Acc: 0.3281, Val Acc: 0.0440
Epoch [200/1000], Batch [190/201], Loss: 3.3710, Train Acc: 0.3125, Val Acc: 0.0480
Epoch [200/1000], Batch [200/201], Loss: 2.9559, Train Acc: 0.4219, Val Acc: 0.0480
Epoch [201/1000], Batch [10/201], Loss: 2.7679, Train Acc: 0.4062, Val Acc: 0.0520
Epoch [201/1000], Batch [20/201], Loss: 2.4475, Train Acc: 0.4531, Val Acc: 0.0560
Epoch [201/1000], Batch [30/201], Loss: 3.0993, Train Acc: 0.3594, Val Acc: 0.0560
Epoch [201/1000], Batch [40/201], Loss: 3.4062, Train Acc: 0.2344, Val Acc: 0.0400
Epoch [201/1000], Batch [50/201], Loss: 2.7388, Train Acc: 0.4375, Val Acc: 0.0400
Epoch [201/1000], Batch [60/201], Loss: 2.9813, Train Acc: 0.4219, Val Acc: 0.0440
Epoch [201/1000], Batch [70/201], Loss: 2.7630, Train Acc: 0.4062, Val Acc: 0.0480
Epoch [201/1000], Batch [80/201], Loss: 2.2921, Train Acc: 0.5625, Val Acc: 0.0520
Epoch [201/1000], Batch [90/201], Loss: 3.2290, Train Acc: 0.3594, Val Acc: 0.0560
Epoch [201/1000], Batch [100/201], Loss: 3.0264, Train Acc: 0.3438, Val Acc: 0.0640
Epoch [201/1000], Batch [110/201], Loss: 2.7400, Train Acc: 0.4062, Val Acc: 0.0560
Epoch [201/1000], Batch [120/201], Loss: 2.9824, Train Acc: 0.3281, Val Acc: 0.0600
Epoch [201/1000], Batch [130/201], Loss: 2.7160, Train Acc: 0.3906, Val Acc: 0.0560
Epoch [201/1000], Batch [140/201], Loss: 2.5180, Train Acc: 0.4688, Val Acc: 0.0560
Epoch [201/1000], Batch [150/201], Loss: 2.6257, Train Acc: 0.4375, Val Acc: 0.0520
Epoch [201/1000], Batch [160/201], Loss: 2.8601, Train Acc: 0.3281, Val Acc: 0.0480
Epoch [201/1000], Batch [170/201], Loss: 2.7642, Train Acc: 0.3281, Val Acc: 0.0560
Epoch [201/1000], Batch [180/201], Loss: 3.2626, Train Acc: 0.3281, Val Acc: 0.0520
Epoch [201/1000], Batch [190/201], Loss: 2.9377, Train Acc: 0.4219, Val Acc: 0.0440
Epoch [201/1000], Batch [200/201], Loss: 3.2290, Train Acc: 0.3594, Val Acc: 0.0560
Epoch [202/1000], Batch [10/201], Loss: 3.2733, Train Acc: 0.2656, Val Acc: 0.0400
Epoch [202/1000], Batch [20/201], Loss: 2.6101, Train Acc: 0.4062, Val Acc: 0.0480
Epoch [202/1000], Batch [30/201], Loss: 2.7211, Train Acc: 0.3906, Val Acc: 0.0520
Epoch [202/1000], Batch [40/201], Loss: 2.9772, Train Acc: 0.3125, Val Acc: 0.0480
Epoch [202/1000], Batch [50/201], Loss: 2.8631, Train Acc: 0.3438, Val Acc: 0.0520
Epoch [202/1000], Batch [60/201], Loss: 3.0361, Train Acc: 0.3750, Val Acc: 0.0440
Epoch [202/1000], Batch [70/201], Loss: 3.4140, Train Acc: 0.2969, Val Acc: 0.0480
Epoch [202/1000], Batch [80/201], Loss: 2.6292, Train Acc: 0.4219, Val Acc: 0.0560
Epoch [202/1000], Batch [90/201], Loss: 2.7433, Train Acc: 0.3750, Val Acc: 0.0520
Epoch [202/1000], Batch [100/201], Loss: 2.9890, Train Acc: 0.3438, Val Acc: 0.0520
Epoch [202/1000], Batch [110/201], Loss: 2.5779, Train Acc: 0.5000, Val Acc: 0.0520
Epoch [202/1000], Batch [120/201], Loss: 2.6692, Train Acc: 0.4531, Val Acc: 0.0360
Epoch [202/1000], Batch [130/201], Loss: 2.8588, Train Acc: 0.3906, Val Acc: 0.0480
Epoch [202/1000], Batch [140/201], Loss: 3.1008, Train Acc: 0.3594, Val Acc: 0.0400
Epoch [202/1000], Batch [150/201], Loss: 2.9940, Train Acc: 0.3438, Val Acc: 0.0480
Epoch [202/1000], Batch [160/201], Loss: 3.3199, Train Acc: 0.2500, Val Acc: 0.0560
Epoch [202/1000], Batch [170/201], Loss: 2.9224, Train Acc: 0.3438, Val Acc: 0.0440
Epoch [202/1000], Batch [180/201], Loss: 2.6291, Train Acc: 0.5156, Val Acc: 0.0520
Epoch [202/1000], Batch [190/201], Loss: 2.7181, Train Acc: 0.3906, Val Acc: 0.0560
Epoch [202/1000], Batch [200/201], Loss: 2.8473, Train Acc: 0.4375, Val Acc: 0.0560
Epoch [203/1000], Batch [10/201], Loss: 3.1808, Train Acc: 0.2969, Val Acc: 0.0560
Epoch [203/1000], Batch [20/201], Loss: 2.9253, Train Acc: 0.4062, Val Acc: 0.0600
Epoch [203/1000], Batch [30/201], Loss: 2.4623, Train Acc: 0.5000, Val Acc: 0.0600
Epoch [203/1000], Batch [40/201], Loss: 3.0358, Train Acc: 0.3281, Val Acc: 0.0560
Epoch [203/1000], Batch [50/201], Loss: 3.4342, Train Acc: 0.2969, Val Acc: 0.0480
Epoch [203/1000], Batch [60/201], Loss: 2.9891, Train Acc: 0.4531, Val Acc: 0.0480
Epoch [203/1000], Batch [70/201], Loss: 2.5435, Train Acc: 0.3906, Val Acc: 0.0440
Epoch [203/1000], Batch [80/201], Loss: 2.6904, Train Acc: 0.3906, Val Acc: 0.0480
Epoch [203/1000], Batch [90/201], Loss: 3.0517, Train Acc: 0.3594, Val Acc: 0.0480
Epoch [203/1000], Batch [100/201], Loss: 3.4372, Train Acc: 0.2500, Val Acc: 0.0400
Epoch [203/1000], Batch [110/201], Loss: 2.8790, Train Acc: 0.3594, Val Acc: 0.0560
Epoch [203/1000], Batch [120/201], Loss: 2.8118, Train Acc: 0.2969, Val Acc: 0.0640
Epoch [203/1000], Batch [130/201], Loss: 3.1065, Train Acc: 0.4062, Val Acc: 0.0440
Epoch [203/1000], Batch [140/201], Loss: 3.0507, Train Acc: 0.3906, Val Acc: 0.0480
Epoch [203/1000], Batch [150/201], Loss: 3.4417, Train Acc: 0.2656, Val Acc: 0.0440
Epoch [203/1000], Batch [160/201], Loss: 3.3110, Train Acc: 0.2500, Val Acc: 0.0480
Epoch [203/1000], Batch [170/201], Loss: 3.1106, Train Acc: 0.3125, Val Acc: 0.0560
Epoch [203/1000], Batch [180/201], Loss: 2.8323, Train Acc: 0.3750, Val Acc: 0.0560
Epoch [203/1000], Batch [190/201], Loss: 2.4205, Train Acc: 0.5312, Val Acc: 0.0480
Epoch [203/1000], Batch [200/201], Loss: 2.7878, Train Acc: 0.3750, Val Acc: 0.0480
Epoch [204/1000], Batch [10/201], Loss: 2.9537, Train Acc: 0.4688, Val Acc: 0.0560
Epoch [204/1000], Batch [20/201], Loss: 3.2278, Train Acc: 0.3281, Val Acc: 0.0520
Epoch [204/1000], Batch [30/201], Loss: 2.9487, Train Acc: 0.3594, Val Acc: 0.0560
Epoch [204/1000], Batch [40/201], Loss: 2.7889, Train Acc: 0.4062, Val Acc: 0.0480
Epoch [204/1000], Batch [50/201], Loss: 3.3254, Train Acc: 0.2656, Val Acc: 0.0560
Epoch [204/1000], Batch [60/201], Loss: 3.0634, Train Acc: 0.3750, Val Acc: 0.0520
Epoch [204/1000], Batch [70/201], Loss: 2.9812, Train Acc: 0.3594, Val Acc: 0.0600
Epoch [204/1000], Batch [80/201], Loss: 2.7326, Train Acc: 0.4688, Val Acc: 0.0440
Epoch [204/1000], Batch [90/201], Loss: 2.9140, Train Acc: 0.4531, Val Acc: 0.0520
Epoch [204/1000], Batch [100/201], Loss: 2.6371, Train Acc: 0.4531, Val Acc: 0.0480
Epoch [204/1000], Batch [110/201], Loss: 2.8997, Train Acc: 0.3594, Val Acc: 0.0480
Epoch [204/1000], Batch [120/201], Loss: 3.0712, Train Acc: 0.3594, Val Acc: 0.0480
Epoch [204/1000], Batch [130/201], Loss: 3.1523, Train Acc: 0.3125, Val Acc: 0.0480
Epoch [204/1000], Batch [140/201], Loss: 3.0799, Train Acc: 0.4219, Val Acc: 0.0520
Epoch [204/1000], Batch [150/201], Loss: 2.8283, Train Acc: 0.3125, Val Acc: 0.0520
Epoch [204/1000], Batch [160/201], Loss: 2.8402, Train Acc: 0.3594, Val Acc: 0.0400
Epoch [204/1000], Batch [170/201], Loss: 2.5946, Train Acc: 0.4219, Val Acc: 0.0360
Epoch [204/1000], Batch [180/201], Loss: 2.4602, Train Acc: 0.4844, Val Acc: 0.0400
Epoch [204/1000], Batch [190/201], Loss: 3.0419, Train Acc: 0.2344, Val Acc: 0.0600
Epoch [204/1000], Batch [200/201], Loss: 2.7092, Train Acc: 0.4219, Val Acc: 0.0480
Epoch [205/1000], Batch [10/201], Loss: 3.0352, Train Acc: 0.3750, Val Acc: 0.0520
Epoch [205/1000], Batch [20/201], Loss: 2.6885, Train Acc: 0.3750, Val Acc: 0.0440
Epoch [205/1000], Batch [30/201], Loss: 2.8646, Train Acc: 0.4219, Val Acc: 0.0440
Epoch [205/1000], Batch [40/201], Loss: 3.0563, Train Acc: 0.3594, Val Acc: 0.0400
Epoch [205/1000], Batch [50/201], Loss: 3.2576, Train Acc: 0.3594, Val Acc: 0.0400
Epoch [205/1000], Batch [60/201], Loss: 3.0360, Train Acc: 0.2656, Val Acc: 0.0560
Epoch [205/1000], Batch [70/201], Loss: 3.0345, Train Acc: 0.3438, Val Acc: 0.0480
Epoch [205/1000], Batch [80/201], Loss: 2.8854, Train Acc: 0.2812, Val Acc: 0.0440
Epoch [205/1000], Batch [90/201], Loss: 2.9712, Train Acc: 0.3125, Val Acc: 0.0640
Epoch [205/1000], Batch [100/201], Loss: 3.0508, Train Acc: 0.3594, Val Acc: 0.0560
Epoch [205/1000], Batch [110/201], Loss: 3.2070, Train Acc: 0.3438, Val Acc: 0.0560
Epoch [205/1000], Batch [120/201], Loss: 3.1987, Train Acc: 0.3125, Val Acc: 0.0560
Epoch [205/1000], Batch [130/201], Loss: 2.9709, Train Acc: 0.3281, Val Acc: 0.0560
Epoch [205/1000], Batch [140/201], Loss: 2.8934, Train Acc: 0.3750, Val Acc: 0.0480
Epoch [205/1000], Batch [150/201], Loss: 2.7732, Train Acc: 0.4375, Val Acc: 0.0560
Epoch [205/1000], Batch [160/201], Loss: 2.8428, Train Acc: 0.3594, Val Acc: 0.0560
Epoch [205/1000], Batch [170/201], Loss: 2.5983, Train Acc: 0.4688, Val Acc: 0.0560
Epoch [205/1000], Batch [180/201], Loss: 3.0160, Train Acc: 0.4219, Val Acc: 0.0480
Epoch [205/1000], Batch [190/201], Loss: 2.7275, Train Acc: 0.4375, Val Acc: 0.0440
Epoch [205/1000], Batch [200/201], Loss: 2.7688, Train Acc: 0.4375, Val Acc: 0.0600
Epoch [206/1000], Batch [10/201], Loss: 2.8499, Train Acc: 0.3438, Val Acc: 0.0440
Epoch [206/1000], Batch [20/201], Loss: 2.4793, Train Acc: 0.4844, Val Acc: 0.0440
Epoch [206/1000], Batch [30/201], Loss: 3.0148, Train Acc: 0.3594, Val Acc: 0.0400
Epoch [206/1000], Batch [40/201], Loss: 3.4386, Train Acc: 0.2812, Val Acc: 0.0400
Epoch [206/1000], Batch [50/201], Loss: 3.2027, Train Acc: 0.2656, Val Acc: 0.0560
Epoch [206/1000], Batch [60/201], Loss: 2.8552, Train Acc: 0.4062, Val Acc: 0.0480
Epoch [206/1000], Batch [70/201], Loss: 3.0045, Train Acc: 0.3594, Val Acc: 0.0440
Epoch [206/1000], Batch [80/201], Loss: 2.9862, Train Acc: 0.3906, Val Acc: 0.0440
Epoch [206/1000], Batch [90/201], Loss: 3.0469, Train Acc: 0.3281, Val Acc: 0.0400
Epoch [206/1000], Batch [100/201], Loss: 2.4863, Train Acc: 0.5156, Val Acc: 0.0600
Epoch [206/1000], Batch [110/201], Loss: 3.1914, Train Acc: 0.3438, Val Acc: 0.0480
Epoch [206/1000], Batch [120/201], Loss: 2.7683, Train Acc: 0.2969, Val Acc: 0.0600
Epoch [206/1000], Batch [130/201], Loss: 3.0846, Train Acc: 0.3281, Val Acc: 0.0560
Epoch [206/1000], Batch [140/201], Loss: 2.7765, Train Acc: 0.3906, Val Acc: 0.0560
Epoch [206/1000], Batch [150/201], Loss: 2.9911, Train Acc: 0.2656, Val Acc: 0.0600
Epoch [206/1000], Batch [160/201], Loss: 3.3841, Train Acc: 0.3906, Val Acc: 0.0520
Epoch [206/1000], Batch [170/201], Loss: 2.7931, Train Acc: 0.3906, Val Acc: 0.0600
Epoch [206/1000], Batch [180/201], Loss: 3.2145, Train Acc: 0.2969, Val Acc: 0.0520
Epoch [206/1000], Batch [190/201], Loss: 2.6367, Train Acc: 0.4219, Val Acc: 0.0520
Epoch [206/1000], Batch [200/201], Loss: 2.7391, Train Acc: 0.4062, Val Acc: 0.0600
Epoch [207/1000], Batch [10/201], Loss: 2.9135, Train Acc: 0.3281, Val Acc: 0.0520
Epoch [207/1000], Batch [20/201], Loss: 3.2011, Train Acc: 0.3281, Val Acc: 0.0520
Epoch [207/1000], Batch [30/201], Loss: 2.9131, Train Acc: 0.3906, Val Acc: 0.0600
Epoch [207/1000], Batch [40/201], Loss: 2.6824, Train Acc: 0.4062, Val Acc: 0.0480
Epoch [207/1000], Batch [50/201], Loss: 2.5271, Train Acc: 0.4688, Val Acc: 0.0480
Epoch [207/1000], Batch [60/201], Loss: 3.2490, Train Acc: 0.2812, Val Acc: 0.0440
Epoch [207/1000], Batch [70/201], Loss: 3.0484, Train Acc: 0.3125, Val Acc: 0.0560
Epoch [207/1000], Batch [80/201], Loss: 3.1420, Train Acc: 0.3594, Val Acc: 0.0440
Epoch [207/1000], Batch [90/201], Loss: 3.2754, Train Acc: 0.2969, Val Acc: 0.0520
Epoch [207/1000], Batch [100/201], Loss: 3.3081, Train Acc: 0.2969, Val Acc: 0.0440
Epoch [207/1000], Batch [110/201], Loss: 2.8419, Train Acc: 0.3906, Val Acc: 0.0480
Epoch [207/1000], Batch [120/201], Loss: 3.1959, Train Acc: 0.2031, Val Acc: 0.0560
Epoch [207/1000], Batch [130/201], Loss: 2.7524, Train Acc: 0.3125, Val Acc: 0.0520
Epoch [207/1000], Batch [140/201], Loss: 3.4748, Train Acc: 0.2344, Val Acc: 0.0560
Epoch [207/1000], Batch [150/201], Loss: 2.6454, Train Acc: 0.4531, Val Acc: 0.0560
Epoch [207/1000], Batch [160/201], Loss: 3.0722, Train Acc: 0.3750, Val Acc: 0.0520
Epoch [207/1000], Batch [170/201], Loss: 2.8664, Train Acc: 0.3906, Val Acc: 0.0560
Epoch [207/1000], Batch [180/201], Loss: 2.9073, Train Acc: 0.4219, Val Acc: 0.0480
Epoch [207/1000], Batch [190/201], Loss: 2.7551, Train Acc: 0.3750, Val Acc: 0.0440
Epoch [207/1000], Batch [200/201], Loss: 2.8007, Train Acc: 0.4062, Val Acc: 0.0520
Epoch [208/1000], Batch [10/201], Loss: 3.0416, Train Acc: 0.3438, Val Acc: 0.0560
Epoch [208/1000], Batch [20/201], Loss: 2.8082, Train Acc: 0.3594, Val Acc: 0.0560
Epoch [208/1000], Batch [30/201], Loss: 2.9012, Train Acc: 0.4219, Val Acc: 0.0640
Epoch [208/1000], Batch [40/201], Loss: 2.5851, Train Acc: 0.4062, Val Acc: 0.0520
Epoch [208/1000], Batch [50/201], Loss: 2.7992, Train Acc: 0.3438, Val Acc: 0.0560
Epoch [208/1000], Batch [60/201], Loss: 2.9733, Train Acc: 0.3906, Val Acc: 0.0600
Epoch [208/1000], Batch [70/201], Loss: 2.7068, Train Acc: 0.3438, Val Acc: 0.0520
Epoch [208/1000], Batch [80/201], Loss: 2.8786, Train Acc: 0.4062, Val Acc: 0.0520
Epoch [208/1000], Batch [90/201], Loss: 2.8946, Train Acc: 0.2969, Val Acc: 0.0440
Epoch [208/1000], Batch [100/201], Loss: 2.9084, Train Acc: 0.3906, Val Acc: 0.0520
Epoch [208/1000], Batch [110/201], Loss: 3.4134, Train Acc: 0.3594, Val Acc: 0.0440
Epoch [208/1000], Batch [120/201], Loss: 3.0719, Train Acc: 0.4062, Val Acc: 0.0440
Epoch [208/1000], Batch [130/201], Loss: 2.6274, Train Acc: 0.4062, Val Acc: 0.0440
Epoch [208/1000], Batch [140/201], Loss: 3.2290, Train Acc: 0.4219, Val Acc: 0.0520
Epoch [208/1000], Batch [150/201], Loss: 3.0160, Train Acc: 0.3750, Val Acc: 0.0560
Epoch [208/1000], Batch [160/201], Loss: 2.9531, Train Acc: 0.3125, Val Acc: 0.0360
Epoch [208/1000], Batch [170/201], Loss: 3.0666, Train Acc: 0.3750, Val Acc: 0.0400
Epoch [208/1000], Batch [180/201], Loss: 2.8479, Train Acc: 0.3906, Val Acc: 0.0520
Epoch [208/1000], Batch [190/201], Loss: 3.0341, Train Acc: 0.3750, Val Acc: 0.0480
Epoch [208/1000], Batch [200/201], Loss: 3.1429, Train Acc: 0.3438, Val Acc: 0.0520
Epoch [209/1000], Batch [10/201], Loss: 2.8275, Train Acc: 0.3438, Val Acc: 0.0600
Epoch [209/1000], Batch [20/201], Loss: 2.9299, Train Acc: 0.3438, Val Acc: 0.0560
Epoch [209/1000], Batch [30/201], Loss: 2.7994, Train Acc: 0.4219, Val Acc: 0.0520
Epoch [209/1000], Batch [40/201], Loss: 3.0671, Train Acc: 0.3438, Val Acc: 0.0440
Epoch [209/1000], Batch [50/201], Loss: 3.1178, Train Acc: 0.3438, Val Acc: 0.0400
Epoch [209/1000], Batch [60/201], Loss: 3.0231, Train Acc: 0.4062, Val Acc: 0.0400
Epoch [209/1000], Batch [70/201], Loss: 3.0318, Train Acc: 0.3750, Val Acc: 0.0480
Epoch [209/1000], Batch [80/201], Loss: 3.2009, Train Acc: 0.2812, Val Acc: 0.0640
Epoch [209/1000], Batch [90/201], Loss: 3.1397, Train Acc: 0.3281, Val Acc: 0.0480
Epoch [209/1000], Batch [100/201], Loss: 3.1502, Train Acc: 0.2969, Val Acc: 0.0480
Epoch [209/1000], Batch [110/201], Loss: 2.9909, Train Acc: 0.3906, Val Acc: 0.0560
Epoch [209/1000], Batch [120/201], Loss: 2.8676, Train Acc: 0.2969, Val Acc: 0.0560
Epoch [209/1000], Batch [130/201], Loss: 2.9462, Train Acc: 0.3438, Val Acc: 0.0480
Epoch [209/1000], Batch [140/201], Loss: 2.8527, Train Acc: 0.3906, Val Acc: 0.0360
Epoch [209/1000], Batch [150/201], Loss: 3.0210, Train Acc: 0.3281, Val Acc: 0.0560
Epoch [209/1000], Batch [160/201], Loss: 3.0898, Train Acc: 0.3438, Val Acc: 0.0520
Epoch [209/1000], Batch [170/201], Loss: 2.7043, Train Acc: 0.4062, Val Acc: 0.0480
Epoch [209/1000], Batch [180/201], Loss: 2.7973, Train Acc: 0.3281, Val Acc: 0.0440
Epoch [209/1000], Batch [190/201], Loss: 3.0326, Train Acc: 0.3594, Val Acc: 0.0520
Epoch [209/1000], Batch [200/201], Loss: 3.0003, Train Acc: 0.3281, Val Acc: 0.0560
Epoch [210/1000], Batch [10/201], Loss: 2.7648, Train Acc: 0.4219, Val Acc: 0.0440
Epoch [210/1000], Batch [20/201], Loss: 2.6959, Train Acc: 0.4531, Val Acc: 0.0520
Epoch [210/1000], Batch [30/201], Loss: 3.1367, Train Acc: 0.3438, Val Acc: 0.0520
Epoch [210/1000], Batch [40/201], Loss: 2.9154, Train Acc: 0.3125, Val Acc: 0.0440
Epoch [210/1000], Batch [50/201], Loss: 2.7810, Train Acc: 0.3438, Val Acc: 0.0400
Epoch [210/1000], Batch [60/201], Loss: 2.8311, Train Acc: 0.3438, Val Acc: 0.0400
Epoch [210/1000], Batch [70/201], Loss: 2.8368, Train Acc: 0.3750, Val Acc: 0.0400
Epoch [210/1000], Batch [80/201], Loss: 3.1336, Train Acc: 0.3750, Val Acc: 0.0400
Epoch [210/1000], Batch [90/201], Loss: 3.3026, Train Acc: 0.3594, Val Acc: 0.0480
Epoch [210/1000], Batch [100/201], Loss: 3.2359, Train Acc: 0.3594, Val Acc: 0.0520
Epoch [210/1000], Batch [110/201], Loss: 2.8333, Train Acc: 0.2969, Val Acc: 0.0600
Epoch [210/1000], Batch [120/201], Loss: 3.0684, Train Acc: 0.2969, Val Acc: 0.0480
Epoch [210/1000], Batch [130/201], Loss: 2.7307, Train Acc: 0.3594, Val Acc: 0.0600
Epoch [210/1000], Batch [140/201], Loss: 3.3635, Train Acc: 0.2656, Val Acc: 0.0520
Epoch [210/1000], Batch [150/201], Loss: 3.0435, Train Acc: 0.3750, Val Acc: 0.0480
Epoch [210/1000], Batch [160/201], Loss: 2.9762, Train Acc: 0.4219, Val Acc: 0.0560
Epoch [210/1000], Batch [170/201], Loss: 2.7629, Train Acc: 0.3906, Val Acc: 0.0640
Epoch [210/1000], Batch [180/201], Loss: 2.6504, Train Acc: 0.3125, Val Acc: 0.0520
Epoch [210/1000], Batch [190/201], Loss: 3.1542, Train Acc: 0.3125, Val Acc: 0.0400
Epoch [210/1000], Batch [200/201], Loss: 2.9466, Train Acc: 0.3281, Val Acc: 0.0520
Epoch [211/1000], Batch [10/201], Loss: 2.7915, Train Acc: 0.4844, Val Acc: 0.0520
Epoch [211/1000], Batch [20/201], Loss: 2.5456, Train Acc: 0.4219, Val Acc: 0.0520
Epoch [211/1000], Batch [30/201], Loss: 2.9712, Train Acc: 0.3906, Val Acc: 0.0480
Epoch [211/1000], Batch [40/201], Loss: 2.7098, Train Acc: 0.4688, Val Acc: 0.0440
Epoch [211/1000], Batch [50/201], Loss: 3.3287, Train Acc: 0.3438, Val Acc: 0.0440
Epoch [211/1000], Batch [60/201], Loss: 2.8485, Train Acc: 0.4219, Val Acc: 0.0520
Epoch [211/1000], Batch [70/201], Loss: 2.9127, Train Acc: 0.3906, Val Acc: 0.0520
Epoch [211/1000], Batch [80/201], Loss: 2.7851, Train Acc: 0.3750, Val Acc: 0.0560
Epoch [211/1000], Batch [90/201], Loss: 2.9557, Train Acc: 0.4219, Val Acc: 0.0520
Epoch [211/1000], Batch [100/201], Loss: 3.1828, Train Acc: 0.3125, Val Acc: 0.0560
Epoch [211/1000], Batch [110/201], Loss: 3.0297, Train Acc: 0.3594, Val Acc: 0.0480
Epoch [211/1000], Batch [120/201], Loss: 3.1358, Train Acc: 0.3750, Val Acc: 0.0520
Epoch [211/1000], Batch [130/201], Loss: 3.0331, Train Acc: 0.2812, Val Acc: 0.0600
Epoch [211/1000], Batch [140/201], Loss: 3.1384, Train Acc: 0.3438, Val Acc: 0.0520
Epoch [211/1000], Batch [150/201], Loss: 3.0752, Train Acc: 0.2812, Val Acc: 0.0520
Epoch [211/1000], Batch [160/201], Loss: 3.2482, Train Acc: 0.4062, Val Acc: 0.0480
Epoch [211/1000], Batch [170/201], Loss: 2.8541, Train Acc: 0.3281, Val Acc: 0.0520
Epoch [211/1000], Batch [180/201], Loss: 2.7947, Train Acc: 0.3438, Val Acc: 0.0480
Epoch [211/1000], Batch [190/201], Loss: 2.8666, Train Acc: 0.3594, Val Acc: 0.0440
Epoch [211/1000], Batch [200/201], Loss: 2.9318, Train Acc: 0.3906, Val Acc: 0.0560
Epoch [212/1000], Batch [10/201], Loss: 3.2980, Train Acc: 0.2812, Val Acc: 0.0440
Epoch [212/1000], Batch [20/201], Loss: 3.2273, Train Acc: 0.2812, Val Acc: 0.0440
Epoch [212/1000], Batch [30/201], Loss: 2.8719, Train Acc: 0.3906, Val Acc: 0.0520
Epoch [212/1000], Batch [40/201], Loss: 2.9213, Train Acc: 0.4219, Val Acc: 0.0480
Epoch [212/1000], Batch [50/201], Loss: 2.6465, Train Acc: 0.4844, Val Acc: 0.0520
Epoch [212/1000], Batch [60/201], Loss: 2.6993, Train Acc: 0.3750, Val Acc: 0.0400
Epoch [212/1000], Batch [70/201], Loss: 2.7630, Train Acc: 0.4062, Val Acc: 0.0480
Epoch [212/1000], Batch [80/201], Loss: 2.5187, Train Acc: 0.4062, Val Acc: 0.0480
Epoch [212/1000], Batch [90/201], Loss: 3.3622, Train Acc: 0.2969, Val Acc: 0.0480
Epoch [212/1000], Batch [100/201], Loss: 3.0142, Train Acc: 0.3906, Val Acc: 0.0560
Epoch [212/1000], Batch [110/201], Loss: 2.9070, Train Acc: 0.3125, Val Acc: 0.0520
Epoch [212/1000], Batch [120/201], Loss: 2.6032, Train Acc: 0.4219, Val Acc: 0.0520
Epoch [212/1000], Batch [130/201], Loss: 2.7959, Train Acc: 0.3438, Val Acc: 0.0520
Epoch [212/1000], Batch [140/201], Loss: 3.2200, Train Acc: 0.3594, Val Acc: 0.0560
Epoch [212/1000], Batch [150/201], Loss: 2.5428, Train Acc: 0.4688, Val Acc: 0.0640
Epoch [212/1000], Batch [160/201], Loss: 2.9420, Train Acc: 0.3438, Val Acc: 0.0640
Epoch [212/1000], Batch [170/201], Loss: 2.8038, Train Acc: 0.3438, Val Acc: 0.0520
Epoch [212/1000], Batch [180/201], Loss: 3.0580, Train Acc: 0.3281, Val Acc: 0.0440
Epoch [212/1000], Batch [190/201], Loss: 2.7239, Train Acc: 0.4219, Val Acc: 0.0480
Epoch [212/1000], Batch [200/201], Loss: 3.0018, Train Acc: 0.3750, Val Acc: 0.0480
Epoch [213/1000], Batch [10/201], Loss: 2.8550, Train Acc: 0.3438, Val Acc: 0.0480
Epoch [213/1000], Batch [20/201], Loss: 3.1318, Train Acc: 0.3438, Val Acc: 0.0480
Epoch [213/1000], Batch [30/201], Loss: 3.2079, Train Acc: 0.2812, Val Acc: 0.0480
Epoch [213/1000], Batch [40/201], Loss: 3.2341, Train Acc: 0.2812, Val Acc: 0.0560
Epoch [213/1000], Batch [50/201], Loss: 3.1218, Train Acc: 0.3594, Val Acc: 0.0560
Epoch [213/1000], Batch [60/201], Loss: 3.4856, Train Acc: 0.2969, Val Acc: 0.0480
Epoch [213/1000], Batch [70/201], Loss: 2.7906, Train Acc: 0.3906, Val Acc: 0.0440
Epoch [213/1000], Batch [80/201], Loss: 3.0110, Train Acc: 0.3438, Val Acc: 0.0520
Epoch [213/1000], Batch [90/201], Loss: 3.0138, Train Acc: 0.3125, Val Acc: 0.0600
Epoch [213/1000], Batch [100/201], Loss: 2.9247, Train Acc: 0.3438, Val Acc: 0.0520
Epoch [213/1000], Batch [110/201], Loss: 2.9488, Train Acc: 0.3281, Val Acc: 0.0520
Epoch [213/1000], Batch [120/201], Loss: 2.5397, Train Acc: 0.4375, Val Acc: 0.0360
Epoch [213/1000], Batch [130/201], Loss: 2.9904, Train Acc: 0.3281, Val Acc: 0.0400
Epoch [213/1000], Batch [140/201], Loss: 2.9937, Train Acc: 0.3750, Val Acc: 0.0560
Epoch [213/1000], Batch [150/201], Loss: 2.8100, Train Acc: 0.4375, Val Acc: 0.0480
Epoch [213/1000], Batch [160/201], Loss: 2.8688, Train Acc: 0.3594, Val Acc: 0.0480
Epoch [213/1000], Batch [170/201], Loss: 3.1616, Train Acc: 0.2500, Val Acc: 0.0480
Epoch [213/1000], Batch [180/201], Loss: 2.9769, Train Acc: 0.2812, Val Acc: 0.0440
Epoch [213/1000], Batch [190/201], Loss: 3.1304, Train Acc: 0.3438, Val Acc: 0.0480
Epoch [213/1000], Batch [200/201], Loss: 2.9236, Train Acc: 0.3594, Val Acc: 0.0600
Epoch [214/1000], Batch [10/201], Loss: 3.1225, Train Acc: 0.2969, Val Acc: 0.0480
Epoch [214/1000], Batch [20/201], Loss: 3.0314, Train Acc: 0.3125, Val Acc: 0.0520
Epoch [214/1000], Batch [30/201], Loss: 2.8306, Train Acc: 0.3906, Val Acc: 0.0520
Epoch [214/1000], Batch [40/201], Loss: 2.7375, Train Acc: 0.4219, Val Acc: 0.0520
Epoch [214/1000], Batch [50/201], Loss: 3.3038, Train Acc: 0.3281, Val Acc: 0.0560
Epoch [214/1000], Batch [60/201], Loss: 2.2230, Train Acc: 0.4531, Val Acc: 0.0440
Epoch [214/1000], Batch [70/201], Loss: 2.7194, Train Acc: 0.3906, Val Acc: 0.0480
Epoch [214/1000], Batch [80/201], Loss: 3.1769, Train Acc: 0.3281, Val Acc: 0.0480
Epoch [214/1000], Batch [90/201], Loss: 2.5542, Train Acc: 0.4844, Val Acc: 0.0480
Epoch [214/1000], Batch [100/201], Loss: 2.8641, Train Acc: 0.3438, Val Acc: 0.0560
Epoch [214/1000], Batch [110/201], Loss: 2.6991, Train Acc: 0.3125, Val Acc: 0.0640
Epoch [214/1000], Batch [120/201], Loss: 2.9144, Train Acc: 0.3906, Val Acc: 0.0480
Epoch [214/1000], Batch [130/201], Loss: 2.9129, Train Acc: 0.3906, Val Acc: 0.0480
Epoch [214/1000], Batch [140/201], Loss: 3.0615, Train Acc: 0.3281, Val Acc: 0.0520
Epoch [214/1000], Batch [150/201], Loss: 2.7394, Train Acc: 0.4531, Val Acc: 0.0560
Epoch [214/1000], Batch [160/201], Loss: 2.8807, Train Acc: 0.4219, Val Acc: 0.0480
Epoch [214/1000], Batch [170/201], Loss: 3.0253, Train Acc: 0.4844, Val Acc: 0.0440
Epoch [214/1000], Batch [180/201], Loss: 3.1079, Train Acc: 0.3906, Val Acc: 0.0440
Epoch [214/1000], Batch [190/201], Loss: 3.2600, Train Acc: 0.4062, Val Acc: 0.0520
Epoch [214/1000], Batch [200/201], Loss: 3.1546, Train Acc: 0.2812, Val Acc: 0.0600
Epoch [215/1000], Batch [10/201], Loss: 3.0339, Train Acc: 0.4219, Val Acc: 0.0520
Epoch [215/1000], Batch [20/201], Loss: 2.9598, Train Acc: 0.3438, Val Acc: 0.0480
Epoch [215/1000], Batch [30/201], Loss: 3.1838, Train Acc: 0.2812, Val Acc: 0.0520
Epoch [215/1000], Batch [40/201], Loss: 2.9940, Train Acc: 0.3594, Val Acc: 0.0520
Epoch [215/1000], Batch [50/201], Loss: 3.2091, Train Acc: 0.3438, Val Acc: 0.0400
Epoch [215/1000], Batch [60/201], Loss: 2.7954, Train Acc: 0.3750, Val Acc: 0.0560
Epoch [215/1000], Batch [70/201], Loss: 2.7951, Train Acc: 0.4062, Val Acc: 0.0520
Epoch [215/1000], Batch [80/201], Loss: 3.0312, Train Acc: 0.3281, Val Acc: 0.0480
Epoch [215/1000], Batch [90/201], Loss: 2.6845, Train Acc: 0.3906, Val Acc: 0.0640
Epoch [215/1000], Batch [100/201], Loss: 3.2626, Train Acc: 0.2188, Val Acc: 0.0480
Epoch [215/1000], Batch [110/201], Loss: 3.3070, Train Acc: 0.2188, Val Acc: 0.0520
Epoch [215/1000], Batch [120/201], Loss: 2.8516, Train Acc: 0.4375, Val Acc: 0.0440
Epoch [215/1000], Batch [130/201], Loss: 3.2282, Train Acc: 0.3125, Val Acc: 0.0480
Epoch [215/1000], Batch [140/201], Loss: 2.9395, Train Acc: 0.3281, Val Acc: 0.0520
Epoch [215/1000], Batch [150/201], Loss: 3.0521, Train Acc: 0.3594, Val Acc: 0.0520
Epoch [215/1000], Batch [160/201], Loss: 3.2279, Train Acc: 0.2031, Val Acc: 0.0400
Epoch [215/1000], Batch [170/201], Loss: 2.8207, Train Acc: 0.4531, Val Acc: 0.0520
Epoch [215/1000], Batch [180/201], Loss: 3.4368, Train Acc: 0.2500, Val Acc: 0.0480
Epoch [215/1000], Batch [190/201], Loss: 2.6519, Train Acc: 0.4219, Val Acc: 0.0560
Epoch [215/1000], Batch [200/201], Loss: 3.1357, Train Acc: 0.3125, Val Acc: 0.0520
Epoch [216/1000], Batch [10/201], Loss: 2.8352, Train Acc: 0.3750, Val Acc: 0.0560
Epoch [216/1000], Batch [20/201], Loss: 3.0573, Train Acc: 0.3594, Val Acc: 0.0520
Epoch [216/1000], Batch [30/201], Loss: 3.4856, Train Acc: 0.2031, Val Acc: 0.0560
Epoch [216/1000], Batch [40/201], Loss: 2.4466, Train Acc: 0.3750, Val Acc: 0.0480
Epoch [216/1000], Batch [50/201], Loss: 3.2059, Train Acc: 0.3281, Val Acc: 0.0520
Epoch [216/1000], Batch [60/201], Loss: 2.7225, Train Acc: 0.3906, Val Acc: 0.0400
Epoch [216/1000], Batch [70/201], Loss: 2.8797, Train Acc: 0.3750, Val Acc: 0.0480
Epoch [216/1000], Batch [80/201], Loss: 3.5608, Train Acc: 0.2969, Val Acc: 0.0440
Epoch [216/1000], Batch [90/201], Loss: 3.0882, Train Acc: 0.3750, Val Acc: 0.0520
Epoch [216/1000], Batch [100/201], Loss: 2.9002, Train Acc: 0.2500, Val Acc: 0.0440
Epoch [216/1000], Batch [110/201], Loss: 2.8593, Train Acc: 0.3750, Val Acc: 0.0560
Epoch [216/1000], Batch [120/201], Loss: 2.9732, Train Acc: 0.2812, Val Acc: 0.0520
Epoch [216/1000], Batch [130/201], Loss: 2.5911, Train Acc: 0.4531, Val Acc: 0.0440
Epoch [216/1000], Batch [140/201], Loss: 3.1923, Train Acc: 0.2969, Val Acc: 0.0480
Epoch [216/1000], Batch [150/201], Loss: 2.9380, Train Acc: 0.3594, Val Acc: 0.0560
Epoch [216/1000], Batch [160/201], Loss: 2.7107, Train Acc: 0.3906, Val Acc: 0.0560
Epoch [216/1000], Batch [170/201], Loss: 3.2388, Train Acc: 0.2500, Val Acc: 0.0480
Epoch [216/1000], Batch [180/201], Loss: 3.2077, Train Acc: 0.2969, Val Acc: 0.0480
Epoch [216/1000], Batch [190/201], Loss: 3.0069, Train Acc: 0.2656, Val Acc: 0.0480
Epoch [216/1000], Batch [200/201], Loss: 3.1281, Train Acc: 0.2969, Val Acc: 0.0520
Epoch [217/1000], Batch [10/201], Loss: 2.8998, Train Acc: 0.3281, Val Acc: 0.0480
Epoch [217/1000], Batch [20/201], Loss: 3.1233, Train Acc: 0.3750, Val Acc: 0.0440
Epoch [217/1000], Batch [30/201], Loss: 3.1269, Train Acc: 0.3750, Val Acc: 0.0560
Epoch [217/1000], Batch [40/201], Loss: 3.1811, Train Acc: 0.3438, Val Acc: 0.0480
Epoch [217/1000], Batch [50/201], Loss: 2.7295, Train Acc: 0.3594, Val Acc: 0.0520
Epoch [217/1000], Batch [60/201], Loss: 3.0782, Train Acc: 0.3125, Val Acc: 0.0440
Epoch [217/1000], Batch [70/201], Loss: 3.0002, Train Acc: 0.3125, Val Acc: 0.0480
Epoch [217/1000], Batch [80/201], Loss: 2.7200, Train Acc: 0.3750, Val Acc: 0.0440
Epoch [217/1000], Batch [90/201], Loss: 2.8835, Train Acc: 0.3438, Val Acc: 0.0560
Epoch [217/1000], Batch [100/201], Loss: 3.3410, Train Acc: 0.2500, Val Acc: 0.0600
Epoch [217/1000], Batch [110/201], Loss: 3.4838, Train Acc: 0.2969, Val Acc: 0.0520
Epoch [217/1000], Batch [120/201], Loss: 2.6898, Train Acc: 0.4219, Val Acc: 0.0560
Epoch [217/1000], Batch [130/201], Loss: 3.0199, Train Acc: 0.2812, Val Acc: 0.0520
Epoch [217/1000], Batch [140/201], Loss: 2.8656, Train Acc: 0.3594, Val Acc: 0.0600
Epoch [217/1000], Batch [150/201], Loss: 2.9520, Train Acc: 0.4375, Val Acc: 0.0520
Epoch [217/1000], Batch [160/201], Loss: 2.7529, Train Acc: 0.4062, Val Acc: 0.0480
Epoch [217/1000], Batch [170/201], Loss: 3.1771, Train Acc: 0.2812, Val Acc: 0.0400
Epoch [217/1000], Batch [180/201], Loss: 2.7051, Train Acc: 0.4844, Val Acc: 0.0440
Epoch [217/1000], Batch [190/201], Loss: 2.8097, Train Acc: 0.4531, Val Acc: 0.0480
Epoch [217/1000], Batch [200/201], Loss: 3.1529, Train Acc: 0.3125, Val Acc: 0.0480
Epoch [218/1000], Batch [10/201], Loss: 3.0639, Train Acc: 0.2500, Val Acc: 0.0400
Epoch [218/1000], Batch [20/201], Loss: 2.9976, Train Acc: 0.3594, Val Acc: 0.0440
Epoch [218/1000], Batch [30/201], Loss: 2.7800, Train Acc: 0.4062, Val Acc: 0.0400
Epoch [218/1000], Batch [40/201], Loss: 2.8791, Train Acc: 0.4375, Val Acc: 0.0600
Epoch [218/1000], Batch [50/201], Loss: 2.9513, Train Acc: 0.3438, Val Acc: 0.0640
Epoch [218/1000], Batch [60/201], Loss: 3.0420, Train Acc: 0.3594, Val Acc: 0.0480
Epoch [218/1000], Batch [70/201], Loss: 2.8839, Train Acc: 0.4062, Val Acc: 0.0520
Epoch [218/1000], Batch [80/201], Loss: 2.9732, Train Acc: 0.3594, Val Acc: 0.0440
Epoch [218/1000], Batch [90/201], Loss: 2.9870, Train Acc: 0.4375, Val Acc: 0.0560
Epoch [218/1000], Batch [100/201], Loss: 3.1873, Train Acc: 0.3281, Val Acc: 0.0560
Epoch [218/1000], Batch [110/201], Loss: 2.9089, Train Acc: 0.3594, Val Acc: 0.0640
Epoch [218/1000], Batch [120/201], Loss: 3.0854, Train Acc: 0.3125, Val Acc: 0.0520
Epoch [218/1000], Batch [130/201], Loss: 2.7741, Train Acc: 0.4531, Val Acc: 0.0440
Epoch [218/1000], Batch [140/201], Loss: 3.1960, Train Acc: 0.2969, Val Acc: 0.0560
Epoch [218/1000], Batch [150/201], Loss: 2.9900, Train Acc: 0.3750, Val Acc: 0.0600
Epoch [218/1000], Batch [160/201], Loss: 2.9787, Train Acc: 0.3438, Val Acc: 0.0560
Epoch [218/1000], Batch [170/201], Loss: 3.0594, Train Acc: 0.3906, Val Acc: 0.0600
Epoch [218/1000], Batch [180/201], Loss: 2.9747, Train Acc: 0.3438, Val Acc: 0.0480
Epoch [218/1000], Batch [190/201], Loss: 2.3551, Train Acc: 0.4688, Val Acc: 0.0480
Epoch [218/1000], Batch [200/201], Loss: 2.7558, Train Acc: 0.3906, Val Acc: 0.0440
Epoch [219/1000], Batch [10/201], Loss: 3.3210, Train Acc: 0.2344, Val Acc: 0.0560
Epoch [219/1000], Batch [20/201], Loss: 3.4464, Train Acc: 0.2812, Val Acc: 0.0560
Epoch [219/1000], Batch [30/201], Loss: 3.0457, Train Acc: 0.2969, Val Acc: 0.0520
Epoch [219/1000], Batch [40/201], Loss: 2.7329, Train Acc: 0.3281, Val Acc: 0.0520
Epoch [219/1000], Batch [50/201], Loss: 2.9760, Train Acc: 0.3438, Val Acc: 0.0560
Epoch [219/1000], Batch [60/201], Loss: 2.6420, Train Acc: 0.4531, Val Acc: 0.0600
Epoch [219/1000], Batch [70/201], Loss: 3.1427, Train Acc: 0.2812, Val Acc: 0.0520
Epoch [219/1000], Batch [80/201], Loss: 3.0875, Train Acc: 0.2500, Val Acc: 0.0360
Epoch [219/1000], Batch [90/201], Loss: 2.9009, Train Acc: 0.3906, Val Acc: 0.0440
Epoch [219/1000], Batch [100/201], Loss: 2.8565, Train Acc: 0.3438, Val Acc: 0.0480
Epoch [219/1000], Batch [110/201], Loss: 3.3340, Train Acc: 0.2188, Val Acc: 0.0520
Epoch [219/1000], Batch [120/201], Loss: 2.8078, Train Acc: 0.4062, Val Acc: 0.0520
Epoch [219/1000], Batch [130/201], Loss: 3.0434, Train Acc: 0.3281, Val Acc: 0.0520
Epoch [219/1000], Batch [140/201], Loss: 2.8443, Train Acc: 0.3906, Val Acc: 0.0560
Epoch [219/1000], Batch [150/201], Loss: 3.0112, Train Acc: 0.3438, Val Acc: 0.0520
Epoch [219/1000], Batch [160/201], Loss: 3.0570, Train Acc: 0.3594, Val Acc: 0.0440
Epoch [219/1000], Batch [170/201], Loss: 2.8854, Train Acc: 0.4062, Val Acc: 0.0440
Epoch [219/1000], Batch [180/201], Loss: 2.8903, Train Acc: 0.4062, Val Acc: 0.0480
Epoch [219/1000], Batch [190/201], Loss: 2.9596, Train Acc: 0.3438, Val Acc: 0.0520
Epoch [219/1000], Batch [200/201], Loss: 2.9473, Train Acc: 0.3750, Val Acc: 0.0520
Epoch [220/1000], Batch [10/201], Loss: 3.0523, Train Acc: 0.3750, Val Acc: 0.0400
Epoch [220/1000], Batch [20/201], Loss: 3.2049, Train Acc: 0.3906, Val Acc: 0.0360
Epoch [220/1000], Batch [30/201], Loss: 2.6526, Train Acc: 0.3750, Val Acc: 0.0400
Epoch [220/1000], Batch [40/201], Loss: 3.3149, Train Acc: 0.2344, Val Acc: 0.0520
Epoch [220/1000], Batch [50/201], Loss: 3.3878, Train Acc: 0.3281, Val Acc: 0.0560
Epoch [220/1000], Batch [60/201], Loss: 2.7463, Train Acc: 0.3750, Val Acc: 0.0520
Epoch [220/1000], Batch [70/201], Loss: 2.7796, Train Acc: 0.4062, Val Acc: 0.0560
Epoch [220/1000], Batch [80/201], Loss: 2.8320, Train Acc: 0.3438, Val Acc: 0.0440
Epoch [220/1000], Batch [90/201], Loss: 2.9855, Train Acc: 0.2969, Val Acc: 0.0520
Epoch [220/1000], Batch [100/201], Loss: 3.1271, Train Acc: 0.3281, Val Acc: 0.0480
Epoch [220/1000], Batch [110/201], Loss: 3.0258, Train Acc: 0.3125, Val Acc: 0.0480
Epoch [220/1000], Batch [120/201], Loss: 2.6442, Train Acc: 0.3281, Val Acc: 0.0560
Epoch [220/1000], Batch [130/201], Loss: 3.2945, Train Acc: 0.3125, Val Acc: 0.0560
Epoch [220/1000], Batch [140/201], Loss: 2.9982, Train Acc: 0.4062, Val Acc: 0.0520
Epoch [220/1000], Batch [150/201], Loss: 2.9508, Train Acc: 0.3906, Val Acc: 0.0480
Epoch [220/1000], Batch [160/201], Loss: 2.7183, Train Acc: 0.3594, Val Acc: 0.0480
Epoch [220/1000], Batch [170/201], Loss: 3.2470, Train Acc: 0.3594, Val Acc: 0.0480
Epoch [220/1000], Batch [180/201], Loss: 3.0863, Train Acc: 0.3594, Val Acc: 0.0440
Epoch [220/1000], Batch [190/201], Loss: 2.8364, Train Acc: 0.4219, Val Acc: 0.0640
Epoch [220/1000], Batch [200/201], Loss: 2.7117, Train Acc: 0.3594, Val Acc: 0.0520
Epoch [221/1000], Batch [10/201], Loss: 3.1157, Train Acc: 0.2656, Val Acc: 0.0400
Epoch [221/1000], Batch [20/201], Loss: 2.6676, Train Acc: 0.3438, Val Acc: 0.0480
Epoch [221/1000], Batch [30/201], Loss: 2.9023, Train Acc: 0.4375, Val Acc: 0.0560
Epoch [221/1000], Batch [40/201], Loss: 2.7568, Train Acc: 0.3750, Val Acc: 0.0320
Epoch [221/1000], Batch [50/201], Loss: 2.8148, Train Acc: 0.4219, Val Acc: 0.0560
Epoch [221/1000], Batch [60/201], Loss: 3.0256, Train Acc: 0.3906, Val Acc: 0.0480
Epoch [221/1000], Batch [70/201], Loss: 3.1053, Train Acc: 0.3594, Val Acc: 0.0640
Epoch [221/1000], Batch [80/201], Loss: 2.9614, Train Acc: 0.3750, Val Acc: 0.0520
Epoch [221/1000], Batch [90/201], Loss: 2.9230, Train Acc: 0.3750, Val Acc: 0.0560
Epoch [221/1000], Batch [100/201], Loss: 2.8477, Train Acc: 0.4219, Val Acc: 0.0520
Epoch [221/1000], Batch [110/201], Loss: 2.8398, Train Acc: 0.3906, Val Acc: 0.0440
Epoch [221/1000], Batch [120/201], Loss: 2.8228, Train Acc: 0.2656, Val Acc: 0.0520
Epoch [221/1000], Batch [130/201], Loss: 2.7824, Train Acc: 0.3906, Val Acc: 0.0520
Epoch [221/1000], Batch [140/201], Loss: 2.9022, Train Acc: 0.4062, Val Acc: 0.0480
Epoch [221/1000], Batch [150/201], Loss: 3.2475, Train Acc: 0.2500, Val Acc: 0.0560
Epoch [221/1000], Batch [160/201], Loss: 3.0175, Train Acc: 0.3750, Val Acc: 0.0480
Epoch [221/1000], Batch [170/201], Loss: 2.9262, Train Acc: 0.3906, Val Acc: 0.0520
Epoch [221/1000], Batch [180/201], Loss: 2.8671, Train Acc: 0.4062, Val Acc: 0.0520
Epoch [221/1000], Batch [190/201], Loss: 2.9130, Train Acc: 0.3281, Val Acc: 0.0520
Epoch [221/1000], Batch [200/201], Loss: 2.9788, Train Acc: 0.3281, Val Acc: 0.0520
Epoch [222/1000], Batch [10/201], Loss: 2.8023, Train Acc: 0.3125, Val Acc: 0.0560
Epoch [222/1000], Batch [20/201], Loss: 2.9504, Train Acc: 0.3594, Val Acc: 0.0600
Epoch [222/1000], Batch [30/201], Loss: 2.8112, Train Acc: 0.3906, Val Acc: 0.0480
Epoch [222/1000], Batch [40/201], Loss: 2.8611, Train Acc: 0.3281, Val Acc: 0.0480
Epoch [222/1000], Batch [50/201], Loss: 2.9632, Train Acc: 0.3438, Val Acc: 0.0520
Epoch [222/1000], Batch [60/201], Loss: 2.9134, Train Acc: 0.3281, Val Acc: 0.0480
Epoch [222/1000], Batch [70/201], Loss: 2.8057, Train Acc: 0.3906, Val Acc: 0.0520
Epoch [222/1000], Batch [80/201], Loss: 3.1550, Train Acc: 0.3281, Val Acc: 0.0560
Epoch [222/1000], Batch [90/201], Loss: 2.8741, Train Acc: 0.4062, Val Acc: 0.0480
Epoch [222/1000], Batch [100/201], Loss: 2.8419, Train Acc: 0.3438, Val Acc: 0.0560
Epoch [222/1000], Batch [110/201], Loss: 3.1663, Train Acc: 0.3594, Val Acc: 0.0480
Epoch [222/1000], Batch [120/201], Loss: 2.7777, Train Acc: 0.3594, Val Acc: 0.0520
Epoch [222/1000], Batch [130/201], Loss: 2.8283, Train Acc: 0.4531, Val Acc: 0.0480
Epoch [222/1000], Batch [140/201], Loss: 3.0476, Train Acc: 0.3750, Val Acc: 0.0480
Epoch [222/1000], Batch [150/201], Loss: 3.0802, Train Acc: 0.3594, Val Acc: 0.0480
Epoch [222/1000], Batch [160/201], Loss: 2.6634, Train Acc: 0.4062, Val Acc: 0.0520
Epoch [222/1000], Batch [170/201], Loss: 2.9160, Train Acc: 0.3750, Val Acc: 0.0440
Epoch [222/1000], Batch [180/201], Loss: 2.7531, Train Acc: 0.3594, Val Acc: 0.0560
Epoch [222/1000], Batch [190/201], Loss: 3.1652, Train Acc: 0.2812, Val Acc: 0.0520
Epoch [222/1000], Batch [200/201], Loss: 2.8156, Train Acc: 0.3750, Val Acc: 0.0520
Epoch [223/1000], Batch [10/201], Loss: 2.6816, Train Acc: 0.3594, Val Acc: 0.0560
Epoch [223/1000], Batch [20/201], Loss: 2.9561, Train Acc: 0.3750, Val Acc: 0.0440
Epoch [223/1000], Batch [30/201], Loss: 2.9211, Train Acc: 0.4375, Val Acc: 0.0440
Epoch [223/1000], Batch [40/201], Loss: 2.7702, Train Acc: 0.3594, Val Acc: 0.0560
Epoch [223/1000], Batch [50/201], Loss: 2.8746, Train Acc: 0.3125, Val Acc: 0.0520
Epoch [223/1000], Batch [60/201], Loss: 2.6545, Train Acc: 0.4375, Val Acc: 0.0560
Epoch [223/1000], Batch [70/201], Loss: 2.8510, Train Acc: 0.4062, Val Acc: 0.0560
Epoch [223/1000], Batch [80/201], Loss: 2.6470, Train Acc: 0.3750, Val Acc: 0.0560
Epoch [223/1000], Batch [90/201], Loss: 2.9259, Train Acc: 0.3594, Val Acc: 0.0480
Epoch [223/1000], Batch [100/201], Loss: 2.7924, Train Acc: 0.3906, Val Acc: 0.0440
Epoch [223/1000], Batch [110/201], Loss: 2.7697, Train Acc: 0.4688, Val Acc: 0.0360
Epoch [223/1000], Batch [120/201], Loss: 2.9390, Train Acc: 0.3750, Val Acc: 0.0400
Epoch [223/1000], Batch [130/201], Loss: 2.8762, Train Acc: 0.3750, Val Acc: 0.0440
Epoch [223/1000], Batch [140/201], Loss: 2.7764, Train Acc: 0.4062, Val Acc: 0.0480
Epoch [223/1000], Batch [150/201], Loss: 2.9734, Train Acc: 0.4375, Val Acc: 0.0520
Epoch [223/1000], Batch [160/201], Loss: 3.0866, Train Acc: 0.3438, Val Acc: 0.0560
Epoch [223/1000], Batch [170/201], Loss: 3.2815, Train Acc: 0.2969, Val Acc: 0.0560
Epoch [223/1000], Batch [180/201], Loss: 3.1625, Train Acc: 0.3594, Val Acc: 0.0600
Epoch [223/1000], Batch [190/201], Loss: 2.9036, Train Acc: 0.3750, Val Acc: 0.0440
Epoch [223/1000], Batch [200/201], Loss: 3.0924, Train Acc: 0.3906, Val Acc: 0.0360
Epoch [224/1000], Batch [10/201], Loss: 3.2204, Train Acc: 0.2969, Val Acc: 0.0520
Epoch [224/1000], Batch [20/201], Loss: 2.6712, Train Acc: 0.4531, Val Acc: 0.0560
Epoch [224/1000], Batch [30/201], Loss: 3.0829, Train Acc: 0.4219, Val Acc: 0.0560
Epoch [224/1000], Batch [40/201], Loss: 2.7443, Train Acc: 0.3594, Val Acc: 0.0560
Epoch [224/1000], Batch [50/201], Loss: 2.9963, Train Acc: 0.2969, Val Acc: 0.0560
Epoch [224/1000], Batch [60/201], Loss: 2.9555, Train Acc: 0.4062, Val Acc: 0.0480
Epoch [224/1000], Batch [70/201], Loss: 2.9973, Train Acc: 0.3594, Val Acc: 0.0560
Epoch [224/1000], Batch [80/201], Loss: 3.0147, Train Acc: 0.3438, Val Acc: 0.0520
Epoch [224/1000], Batch [90/201], Loss: 2.8092, Train Acc: 0.3438, Val Acc: 0.0400
Epoch [224/1000], Batch [100/201], Loss: 2.7518, Train Acc: 0.3594, Val Acc: 0.0480
Epoch [224/1000], Batch [110/201], Loss: 3.6042, Train Acc: 0.3125, Val Acc: 0.0520
Epoch [224/1000], Batch [120/201], Loss: 3.1291, Train Acc: 0.3125, Val Acc: 0.0560
Epoch [224/1000], Batch [130/201], Loss: 3.1671, Train Acc: 0.2656, Val Acc: 0.0560
Epoch [224/1000], Batch [140/201], Loss: 2.5891, Train Acc: 0.4375, Val Acc: 0.0520
Epoch [224/1000], Batch [150/201], Loss: 3.2471, Train Acc: 0.3125, Val Acc: 0.0520
Epoch [224/1000], Batch [160/201], Loss: 3.1337, Train Acc: 0.3281, Val Acc: 0.0520
Epoch [224/1000], Batch [170/201], Loss: 3.3806, Train Acc: 0.2812, Val Acc: 0.0520
Epoch [224/1000], Batch [180/201], Loss: 2.7618, Train Acc: 0.3750, Val Acc: 0.0440
Epoch [224/1000], Batch [190/201], Loss: 3.0512, Train Acc: 0.2500, Val Acc: 0.0480
Epoch [224/1000], Batch [200/201], Loss: 2.8605, Train Acc: 0.3594, Val Acc: 0.0480
Epoch [225/1000], Batch [10/201], Loss: 2.8905, Train Acc: 0.3750, Val Acc: 0.0480
Epoch [225/1000], Batch [20/201], Loss: 3.1640, Train Acc: 0.2500, Val Acc: 0.0520
Epoch [225/1000], Batch [30/201], Loss: 2.9594, Train Acc: 0.4219, Val Acc: 0.0520
Epoch [225/1000], Batch [40/201], Loss: 3.0393, Train Acc: 0.2969, Val Acc: 0.0520
Epoch [225/1000], Batch [50/201], Loss: 2.9091, Train Acc: 0.3438, Val Acc: 0.0520
Epoch [225/1000], Batch [60/201], Loss: 2.9128, Train Acc: 0.3125, Val Acc: 0.0640
Epoch [225/1000], Batch [70/201], Loss: 2.8840, Train Acc: 0.3594, Val Acc: 0.0600
Epoch [225/1000], Batch [80/201], Loss: 3.2679, Train Acc: 0.3125, Val Acc: 0.0400
Epoch [225/1000], Batch [90/201], Loss: 3.5105, Train Acc: 0.2656, Val Acc: 0.0520
Epoch [225/1000], Batch [100/201], Loss: 3.4565, Train Acc: 0.2812, Val Acc: 0.0520
Epoch [225/1000], Batch [110/201], Loss: 2.6393, Train Acc: 0.4375, Val Acc: 0.0560
Epoch [225/1000], Batch [120/201], Loss: 2.3853, Train Acc: 0.4844, Val Acc: 0.0400
Epoch [225/1000], Batch [130/201], Loss: 2.7021, Train Acc: 0.4844, Val Acc: 0.0480
Epoch [225/1000], Batch [140/201], Loss: 2.5678, Train Acc: 0.4219, Val Acc: 0.0440
Epoch [225/1000], Batch [150/201], Loss: 3.1602, Train Acc: 0.3906, Val Acc: 0.0560
Epoch [225/1000], Batch [160/201], Loss: 2.8800, Train Acc: 0.4219, Val Acc: 0.0440
Epoch [225/1000], Batch [170/201], Loss: 2.8753, Train Acc: 0.3281, Val Acc: 0.0560
Epoch [225/1000], Batch [180/201], Loss: 2.9477, Train Acc: 0.4062, Val Acc: 0.0560
Epoch [225/1000], Batch [190/201], Loss: 2.7568, Train Acc: 0.3750, Val Acc: 0.0520
Epoch [225/1000], Batch [200/201], Loss: 3.1248, Train Acc: 0.3906, Val Acc: 0.0560
Epoch [226/1000], Batch [10/201], Loss: 2.7998, Train Acc: 0.3281, Val Acc: 0.0520
Epoch [226/1000], Batch [20/201], Loss: 2.9626, Train Acc: 0.4531, Val Acc: 0.0520
Epoch [226/1000], Batch [30/201], Loss: 3.3211, Train Acc: 0.2812, Val Acc: 0.0600
Epoch [226/1000], Batch [40/201], Loss: 2.7595, Train Acc: 0.4375, Val Acc: 0.0520
Epoch [226/1000], Batch [50/201], Loss: 2.5492, Train Acc: 0.3594, Val Acc: 0.0520
Epoch [226/1000], Batch [60/201], Loss: 2.8761, Train Acc: 0.4219, Val Acc: 0.0480
Epoch [226/1000], Batch [70/201], Loss: 2.7037, Train Acc: 0.3750, Val Acc: 0.0400
Epoch [226/1000], Batch [80/201], Loss: 3.2886, Train Acc: 0.3438, Val Acc: 0.0440
Epoch [226/1000], Batch [90/201], Loss: 2.7453, Train Acc: 0.4219, Val Acc: 0.0440
Epoch [226/1000], Batch [100/201], Loss: 2.7635, Train Acc: 0.2812, Val Acc: 0.0480
Epoch [226/1000], Batch [110/201], Loss: 2.5723, Train Acc: 0.4219, Val Acc: 0.0440
Epoch [226/1000], Batch [120/201], Loss: 2.8610, Train Acc: 0.4062, Val Acc: 0.0560
Epoch [226/1000], Batch [130/201], Loss: 2.7483, Train Acc: 0.4062, Val Acc: 0.0440
Epoch [226/1000], Batch [140/201], Loss: 2.7766, Train Acc: 0.3594, Val Acc: 0.0520
Epoch [226/1000], Batch [150/201], Loss: 3.0428, Train Acc: 0.3125, Val Acc: 0.0520
Epoch [226/1000], Batch [160/201], Loss: 3.2396, Train Acc: 0.2656, Val Acc: 0.0520
Epoch [226/1000], Batch [170/201], Loss: 2.7615, Train Acc: 0.3281, Val Acc: 0.0600
Epoch [226/1000], Batch [180/201], Loss: 3.0310, Train Acc: 0.3281, Val Acc: 0.0560
Epoch [226/1000], Batch [190/201], Loss: 2.9740, Train Acc: 0.2344, Val Acc: 0.0600
Epoch [226/1000], Batch [200/201], Loss: 2.6912, Train Acc: 0.4375, Val Acc: 0.0520
Epoch [227/1000], Batch [10/201], Loss: 3.4744, Train Acc: 0.3438, Val Acc: 0.0400
Epoch [227/1000], Batch [20/201], Loss: 3.0329, Train Acc: 0.3594, Val Acc: 0.0480
Epoch [227/1000], Batch [30/201], Loss: 2.9439, Train Acc: 0.3594, Val Acc: 0.0440
Epoch [227/1000], Batch [40/201], Loss: 3.1793, Train Acc: 0.3281, Val Acc: 0.0440
Epoch [227/1000], Batch [50/201], Loss: 2.8130, Train Acc: 0.4062, Val Acc: 0.0400
Epoch [227/1000], Batch [60/201], Loss: 3.1760, Train Acc: 0.3594, Val Acc: 0.0360
Epoch [227/1000], Batch [70/201], Loss: 3.3474, Train Acc: 0.2344, Val Acc: 0.0400
Epoch [227/1000], Batch [80/201], Loss: 2.7611, Train Acc: 0.4688, Val Acc: 0.0520
Epoch [227/1000], Batch [90/201], Loss: 2.8772, Train Acc: 0.4062, Val Acc: 0.0480
Epoch [227/1000], Batch [100/201], Loss: 2.9486, Train Acc: 0.3438, Val Acc: 0.0360
Epoch [227/1000], Batch [110/201], Loss: 2.9291, Train Acc: 0.3438, Val Acc: 0.0560
Epoch [227/1000], Batch [120/201], Loss: 2.9450, Train Acc: 0.2812, Val Acc: 0.0600
Epoch [227/1000], Batch [130/201], Loss: 2.8940, Train Acc: 0.3281, Val Acc: 0.0600
Epoch [227/1000], Batch [140/201], Loss: 2.7787, Train Acc: 0.4062, Val Acc: 0.0520
Epoch [227/1000], Batch [150/201], Loss: 2.8717, Train Acc: 0.3438, Val Acc: 0.0400
Epoch [227/1000], Batch [160/201], Loss: 2.9864, Train Acc: 0.3750, Val Acc: 0.0520
Epoch [227/1000], Batch [170/201], Loss: 2.8436, Train Acc: 0.4062, Val Acc: 0.0560
Epoch [227/1000], Batch [180/201], Loss: 2.6376, Train Acc: 0.3750, Val Acc: 0.0560
Epoch [227/1000], Batch [190/201], Loss: 2.9216, Train Acc: 0.3438, Val Acc: 0.0480
Epoch [227/1000], Batch [200/201], Loss: 2.8370, Train Acc: 0.3594, Val Acc: 0.0560
Epoch [228/1000], Batch [10/201], Loss: 2.8878, Train Acc: 0.3750, Val Acc: 0.0480
Epoch [228/1000], Batch [20/201], Loss: 2.8800, Train Acc: 0.2812, Val Acc: 0.0520
Epoch [228/1000], Batch [30/201], Loss: 3.0982, Train Acc: 0.3906, Val Acc: 0.0480
Epoch [228/1000], Batch [40/201], Loss: 2.9339, Train Acc: 0.3594, Val Acc: 0.0440
Epoch [228/1000], Batch [50/201], Loss: 3.2653, Train Acc: 0.2500, Val Acc: 0.0440
Epoch [228/1000], Batch [60/201], Loss: 3.2546, Train Acc: 0.2500, Val Acc: 0.0400
Epoch [228/1000], Batch [70/201], Loss: 3.2212, Train Acc: 0.2500, Val Acc: 0.0480
Epoch [228/1000], Batch [80/201], Loss: 3.1622, Train Acc: 0.3750, Val Acc: 0.0520
Epoch [228/1000], Batch [90/201], Loss: 3.3470, Train Acc: 0.2500, Val Acc: 0.0440
Epoch [228/1000], Batch [100/201], Loss: 2.9686, Train Acc: 0.3750, Val Acc: 0.0440
Epoch [228/1000], Batch [110/201], Loss: 2.9671, Train Acc: 0.3594, Val Acc: 0.0440
Epoch [228/1000], Batch [120/201], Loss: 2.7397, Train Acc: 0.3906, Val Acc: 0.0600
Epoch [228/1000], Batch [130/201], Loss: 3.0696, Train Acc: 0.3125, Val Acc: 0.0560
Epoch [228/1000], Batch [140/201], Loss: 2.9249, Train Acc: 0.4219, Val Acc: 0.0520
Epoch [228/1000], Batch [150/201], Loss: 2.8774, Train Acc: 0.3125, Val Acc: 0.0600
Epoch [228/1000], Batch [160/201], Loss: 2.9897, Train Acc: 0.3594, Val Acc: 0.0560
Epoch [228/1000], Batch [170/201], Loss: 3.1992, Train Acc: 0.3438, Val Acc: 0.0480
Epoch [228/1000], Batch [180/201], Loss: 3.1048, Train Acc: 0.2500, Val Acc: 0.0480
Epoch [228/1000], Batch [190/201], Loss: 2.6262, Train Acc: 0.4219, Val Acc: 0.0400
Epoch [228/1000], Batch [200/201], Loss: 2.9269, Train Acc: 0.3438, Val Acc: 0.0560
Epoch [229/1000], Batch [10/201], Loss: 2.6749, Train Acc: 0.4062, Val Acc: 0.0600
Epoch [229/1000], Batch [20/201], Loss: 3.3861, Train Acc: 0.2500, Val Acc: 0.0520
Epoch [229/1000], Batch [30/201], Loss: 2.3083, Train Acc: 0.5156, Val Acc: 0.0560
Epoch [229/1000], Batch [40/201], Loss: 2.6821, Train Acc: 0.3750, Val Acc: 0.0520
Epoch [229/1000], Batch [50/201], Loss: 3.0585, Train Acc: 0.2969, Val Acc: 0.0480
Epoch [229/1000], Batch [60/201], Loss: 2.9055, Train Acc: 0.3438, Val Acc: 0.0560
Epoch [229/1000], Batch [70/201], Loss: 2.5359, Train Acc: 0.4688, Val Acc: 0.0480
Epoch [229/1000], Batch [80/201], Loss: 3.1018, Train Acc: 0.3281, Val Acc: 0.0480
Epoch [229/1000], Batch [90/201], Loss: 3.0357, Train Acc: 0.3125, Val Acc: 0.0400
Epoch [229/1000], Batch [100/201], Loss: 2.9869, Train Acc: 0.3125, Val Acc: 0.0400
Epoch [229/1000], Batch [110/201], Loss: 3.1833, Train Acc: 0.2812, Val Acc: 0.0440
Epoch [229/1000], Batch [120/201], Loss: 2.9313, Train Acc: 0.3906, Val Acc: 0.0560
Epoch [229/1000], Batch [130/201], Loss: 2.8054, Train Acc: 0.4375, Val Acc: 0.0360
Epoch [229/1000], Batch [140/201], Loss: 3.0302, Train Acc: 0.2500, Val Acc: 0.0480
Epoch [229/1000], Batch [150/201], Loss: 3.2876, Train Acc: 0.3125, Val Acc: 0.0520
Epoch [229/1000], Batch [160/201], Loss: 2.6821, Train Acc: 0.3438, Val Acc: 0.0640
Epoch [229/1000], Batch [170/201], Loss: 3.3534, Train Acc: 0.2656, Val Acc: 0.0560
Epoch [229/1000], Batch [180/201], Loss: 3.2447, Train Acc: 0.3281, Val Acc: 0.0520
Epoch [229/1000], Batch [190/201], Loss: 2.4663, Train Acc: 0.4688, Val Acc: 0.0440
Epoch [229/1000], Batch [200/201], Loss: 2.9439, Train Acc: 0.3438, Val Acc: 0.0440
Epoch [230/1000], Batch [10/201], Loss: 3.2901, Train Acc: 0.2969, Val Acc: 0.0440
Epoch [230/1000], Batch [20/201], Loss: 3.1424, Train Acc: 0.3750, Val Acc: 0.0520
Epoch [230/1000], Batch [30/201], Loss: 3.0396, Train Acc: 0.3281, Val Acc: 0.0520
Epoch [230/1000], Batch [40/201], Loss: 3.2035, Train Acc: 0.2656, Val Acc: 0.0560
Epoch [230/1000], Batch [50/201], Loss: 2.5457, Train Acc: 0.5000, Val Acc: 0.0480
Epoch [230/1000], Batch [60/201], Loss: 2.6502, Train Acc: 0.4375, Val Acc: 0.0520
Epoch [230/1000], Batch [70/201], Loss: 3.0179, Train Acc: 0.3594, Val Acc: 0.0520
Epoch [230/1000], Batch [80/201], Loss: 2.9900, Train Acc: 0.3906, Val Acc: 0.0560
Epoch [230/1000], Batch [90/201], Loss: 3.0968, Train Acc: 0.2344, Val Acc: 0.0600
Epoch [230/1000], Batch [100/201], Loss: 2.5776, Train Acc: 0.4062, Val Acc: 0.0520
Epoch [230/1000], Batch [110/201], Loss: 3.1214, Train Acc: 0.3594, Val Acc: 0.0480
Epoch [230/1000], Batch [120/201], Loss: 3.0351, Train Acc: 0.2812, Val Acc: 0.0600
Epoch [230/1000], Batch [130/201], Loss: 2.8630, Train Acc: 0.4219, Val Acc: 0.0520
Epoch [230/1000], Batch [140/201], Loss: 3.0145, Train Acc: 0.3125, Val Acc: 0.0520
Epoch [230/1000], Batch [150/201], Loss: 3.0646, Train Acc: 0.2812, Val Acc: 0.0480
Epoch [230/1000], Batch [160/201], Loss: 2.8202, Train Acc: 0.4219, Val Acc: 0.0520
Epoch [230/1000], Batch [170/201], Loss: 2.9133, Train Acc: 0.3594, Val Acc: 0.0520
Epoch [230/1000], Batch [180/201], Loss: 3.1387, Train Acc: 0.3438, Val Acc: 0.0400
Epoch [230/1000], Batch [190/201], Loss: 2.8863, Train Acc: 0.3438, Val Acc: 0.0520
Epoch [230/1000], Batch [200/201], Loss: 2.9562, Train Acc: 0.3750, Val Acc: 0.0400
Epoch [231/1000], Batch [10/201], Loss: 3.0816, Train Acc: 0.3438, Val Acc: 0.0480
Epoch [231/1000], Batch [20/201], Loss: 2.9016, Train Acc: 0.3750, Val Acc: 0.0560
Epoch [231/1000], Batch [30/201], Loss: 2.6159, Train Acc: 0.5000, Val Acc: 0.0600
Epoch [231/1000], Batch [40/201], Loss: 3.4126, Train Acc: 0.3281, Val Acc: 0.0560
Epoch [231/1000], Batch [50/201], Loss: 2.8074, Train Acc: 0.4531, Val Acc: 0.0520
Epoch [231/1000], Batch [60/201], Loss: 3.0895, Train Acc: 0.3281, Val Acc: 0.0560
Epoch [231/1000], Batch [70/201], Loss: 3.0041, Train Acc: 0.3438, Val Acc: 0.0480
Epoch [231/1000], Batch [80/201], Loss: 3.3114, Train Acc: 0.3438, Val Acc: 0.0440
Epoch [231/1000], Batch [90/201], Loss: 2.6849, Train Acc: 0.4219, Val Acc: 0.0520
Epoch [231/1000], Batch [100/201], Loss: 2.6651, Train Acc: 0.4375, Val Acc: 0.0520
Epoch [231/1000], Batch [110/201], Loss: 3.0263, Train Acc: 0.3125, Val Acc: 0.0480
Epoch [231/1000], Batch [120/201], Loss: 2.8224, Train Acc: 0.4531, Val Acc: 0.0560
Epoch [231/1000], Batch [130/201], Loss: 2.9165, Train Acc: 0.3594, Val Acc: 0.0560
Epoch [231/1000], Batch [140/201], Loss: 2.6658, Train Acc: 0.5000, Val Acc: 0.0520
Epoch [231/1000], Batch [150/201], Loss: 2.7974, Train Acc: 0.4062, Val Acc: 0.0560
Epoch [231/1000], Batch [160/201], Loss: 2.6544, Train Acc: 0.3594, Val Acc: 0.0480
Epoch [231/1000], Batch [170/201], Loss: 2.6468, Train Acc: 0.3906, Val Acc: 0.0440
Epoch [231/1000], Batch [180/201], Loss: 2.9799, Train Acc: 0.3750, Val Acc: 0.0440
Epoch [231/1000], Batch [190/201], Loss: 2.5389, Train Acc: 0.4219, Val Acc: 0.0480
Epoch [231/1000], Batch [200/201], Loss: 2.9046, Train Acc: 0.4219, Val Acc: 0.0480
Epoch [232/1000], Batch [10/201], Loss: 3.1433, Train Acc: 0.3594, Val Acc: 0.0560
Epoch [232/1000], Batch [20/201], Loss: 3.0777, Train Acc: 0.3281, Val Acc: 0.0520
Epoch [232/1000], Batch [30/201], Loss: 2.9551, Train Acc: 0.3594, Val Acc: 0.0440
Epoch [232/1000], Batch [40/201], Loss: 2.7745, Train Acc: 0.3594, Val Acc: 0.0520
Epoch [232/1000], Batch [50/201], Loss: 3.1325, Train Acc: 0.3438, Val Acc: 0.0520
Epoch [232/1000], Batch [60/201], Loss: 3.2907, Train Acc: 0.3125, Val Acc: 0.0560
Epoch [232/1000], Batch [70/201], Loss: 2.8011, Train Acc: 0.3438, Val Acc: 0.0600
Epoch [232/1000], Batch [80/201], Loss: 3.0007, Train Acc: 0.4219, Val Acc: 0.0480
Epoch [232/1000], Batch [90/201], Loss: 3.0796, Train Acc: 0.3594, Val Acc: 0.0480
Epoch [232/1000], Batch [100/201], Loss: 3.0371, Train Acc: 0.2969, Val Acc: 0.0560
Epoch [232/1000], Batch [110/201], Loss: 2.8615, Train Acc: 0.3281, Val Acc: 0.0600
Epoch [232/1000], Batch [120/201], Loss: 2.8988, Train Acc: 0.3281, Val Acc: 0.0400
Epoch [232/1000], Batch [130/201], Loss: 2.9314, Train Acc: 0.4688, Val Acc: 0.0480
Epoch [232/1000], Batch [140/201], Loss: 2.9173, Train Acc: 0.3750, Val Acc: 0.0480
Epoch [232/1000], Batch [150/201], Loss: 3.0797, Train Acc: 0.3438, Val Acc: 0.0400
Epoch [232/1000], Batch [160/201], Loss: 2.9433, Train Acc: 0.3750, Val Acc: 0.0440
Epoch [232/1000], Batch [170/201], Loss: 2.7239, Train Acc: 0.4688, Val Acc: 0.0440
Epoch [232/1000], Batch [180/201], Loss: 3.2364, Train Acc: 0.2969, Val Acc: 0.0480
Epoch [232/1000], Batch [190/201], Loss: 3.0261, Train Acc: 0.2812, Val Acc: 0.0480
Epoch [232/1000], Batch [200/201], Loss: 2.7271, Train Acc: 0.3594, Val Acc: 0.0600
Epoch [233/1000], Batch [10/201], Loss: 3.0239, Train Acc: 0.3281, Val Acc: 0.0560
Epoch [233/1000], Batch [20/201], Loss: 3.3281, Train Acc: 0.3125, Val Acc: 0.0480
Epoch [233/1000], Batch [30/201], Loss: 3.2954, Train Acc: 0.2500, Val Acc: 0.0520
Epoch [233/1000], Batch [40/201], Loss: 3.1424, Train Acc: 0.3281, Val Acc: 0.0560
Epoch [233/1000], Batch [50/201], Loss: 2.9161, Train Acc: 0.3281, Val Acc: 0.0560
Epoch [233/1000], Batch [60/201], Loss: 2.4683, Train Acc: 0.4688, Val Acc: 0.0600
Epoch [233/1000], Batch [70/201], Loss: 2.9353, Train Acc: 0.3281, Val Acc: 0.0440
Epoch [233/1000], Batch [80/201], Loss: 2.7121, Train Acc: 0.3438, Val Acc: 0.0520
Epoch [233/1000], Batch [90/201], Loss: 2.9344, Train Acc: 0.3750, Val Acc: 0.0440
Epoch [233/1000], Batch [100/201], Loss: 2.9096, Train Acc: 0.3594, Val Acc: 0.0520
Epoch [233/1000], Batch [110/201], Loss: 2.7008, Train Acc: 0.4219, Val Acc: 0.0560
Epoch [233/1000], Batch [120/201], Loss: 2.9561, Train Acc: 0.3750, Val Acc: 0.0520
Epoch [233/1000], Batch [130/201], Loss: 3.0739, Train Acc: 0.3438, Val Acc: 0.0400
Epoch [233/1000], Batch [140/201], Loss: 2.8277, Train Acc: 0.4219, Val Acc: 0.0400
Epoch [233/1000], Batch [150/201], Loss: 3.4599, Train Acc: 0.2812, Val Acc: 0.0560
Epoch [233/1000], Batch [160/201], Loss: 2.6116, Train Acc: 0.4219, Val Acc: 0.0520
Epoch [233/1000], Batch [170/201], Loss: 2.6932, Train Acc: 0.4375, Val Acc: 0.0520
Epoch [233/1000], Batch [180/201], Loss: 3.1338, Train Acc: 0.3438, Val Acc: 0.0520
Epoch [233/1000], Batch [190/201], Loss: 3.1077, Train Acc: 0.3281, Val Acc: 0.0480
Epoch [233/1000], Batch [200/201], Loss: 2.5175, Train Acc: 0.4219, Val Acc: 0.0440
Epoch [234/1000], Batch [10/201], Loss: 3.2188, Train Acc: 0.2812, Val Acc: 0.0480
Epoch [234/1000], Batch [20/201], Loss: 2.9857, Train Acc: 0.3438, Val Acc: 0.0560
Epoch [234/1000], Batch [30/201], Loss: 3.0752, Train Acc: 0.3906, Val Acc: 0.0560
Epoch [234/1000], Batch [40/201], Loss: 2.7340, Train Acc: 0.4062, Val Acc: 0.0480
Epoch [234/1000], Batch [50/201], Loss: 2.7104, Train Acc: 0.4375, Val Acc: 0.0520
Epoch [234/1000], Batch [60/201], Loss: 3.1995, Train Acc: 0.3594, Val Acc: 0.0480
Epoch [234/1000], Batch [70/201], Loss: 2.6711, Train Acc: 0.4219, Val Acc: 0.0520
Epoch [234/1000], Batch [80/201], Loss: 3.0928, Train Acc: 0.2812, Val Acc: 0.0520
Epoch [234/1000], Batch [90/201], Loss: 2.4985, Train Acc: 0.5312, Val Acc: 0.0560
Epoch [234/1000], Batch [100/201], Loss: 2.9322, Train Acc: 0.3594, Val Acc: 0.0520
Epoch [234/1000], Batch [110/201], Loss: 3.0995, Train Acc: 0.3281, Val Acc: 0.0600
Epoch [234/1000], Batch [120/201], Loss: 3.0353, Train Acc: 0.3906, Val Acc: 0.0520
Epoch [234/1000], Batch [130/201], Loss: 2.7735, Train Acc: 0.3438, Val Acc: 0.0520
Epoch [234/1000], Batch [140/201], Loss: 2.7198, Train Acc: 0.3906, Val Acc: 0.0480
Epoch [234/1000], Batch [150/201], Loss: 3.2046, Train Acc: 0.2969, Val Acc: 0.0520
Epoch [234/1000], Batch [160/201], Loss: 2.8908, Train Acc: 0.3594, Val Acc: 0.0480
Epoch [234/1000], Batch [170/201], Loss: 3.0378, Train Acc: 0.3594, Val Acc: 0.0480
Epoch [234/1000], Batch [180/201], Loss: 2.6843, Train Acc: 0.3750, Val Acc: 0.0480
Epoch [234/1000], Batch [190/201], Loss: 2.8228, Train Acc: 0.3750, Val Acc: 0.0440
Epoch [234/1000], Batch [200/201], Loss: 2.7744, Train Acc: 0.3594, Val Acc: 0.0520
Epoch [235/1000], Batch [10/201], Loss: 2.8268, Train Acc: 0.2812, Val Acc: 0.0520
Epoch [235/1000], Batch [20/201], Loss: 2.8037, Train Acc: 0.4375, Val Acc: 0.0520
Epoch [235/1000], Batch [30/201], Loss: 2.8367, Train Acc: 0.3594, Val Acc: 0.0520
Epoch [235/1000], Batch [40/201], Loss: 3.0536, Train Acc: 0.3125, Val Acc: 0.0520
Epoch [235/1000], Batch [50/201], Loss: 2.7883, Train Acc: 0.3281, Val Acc: 0.0560
Epoch [235/1000], Batch [60/201], Loss: 2.8043, Train Acc: 0.3906, Val Acc: 0.0480
Epoch [235/1000], Batch [70/201], Loss: 2.8678, Train Acc: 0.3125, Val Acc: 0.0480
Epoch [235/1000], Batch [80/201], Loss: 2.8180, Train Acc: 0.3750, Val Acc: 0.0320
Epoch [235/1000], Batch [90/201], Loss: 2.8110, Train Acc: 0.4375, Val Acc: 0.0440
Epoch [235/1000], Batch [100/201], Loss: 2.7609, Train Acc: 0.4219, Val Acc: 0.0440
Epoch [235/1000], Batch [110/201], Loss: 2.8107, Train Acc: 0.3438, Val Acc: 0.0520
Epoch [235/1000], Batch [120/201], Loss: 2.9299, Train Acc: 0.4062, Val Acc: 0.0440
Epoch [235/1000], Batch [130/201], Loss: 2.3970, Train Acc: 0.5000, Val Acc: 0.0480
Epoch [235/1000], Batch [140/201], Loss: 2.6630, Train Acc: 0.3281, Val Acc: 0.0480
Epoch [235/1000], Batch [150/201], Loss: 3.2200, Train Acc: 0.3438, Val Acc: 0.0520
Epoch [235/1000], Batch [160/201], Loss: 2.9884, Train Acc: 0.3594, Val Acc: 0.0480
Epoch [235/1000], Batch [170/201], Loss: 3.0580, Train Acc: 0.4062, Val Acc: 0.0480
Epoch [235/1000], Batch [180/201], Loss: 2.6161, Train Acc: 0.4375, Val Acc: 0.0520
Epoch [235/1000], Batch [190/201], Loss: 2.4307, Train Acc: 0.5312, Val Acc: 0.0520
Epoch [235/1000], Batch [200/201], Loss: 2.8687, Train Acc: 0.3438, Val Acc: 0.0560
Epoch [236/1000], Batch [10/201], Loss: 3.3193, Train Acc: 0.2500, Val Acc: 0.0560
Epoch [236/1000], Batch [20/201], Loss: 2.8719, Train Acc: 0.4531, Val Acc: 0.0480
Epoch [236/1000], Batch [30/201], Loss: 3.0510, Train Acc: 0.3438, Val Acc: 0.0480
Epoch [236/1000], Batch [40/201], Loss: 3.3746, Train Acc: 0.2969, Val Acc: 0.0400
Epoch [236/1000], Batch [50/201], Loss: 3.2329, Train Acc: 0.2969, Val Acc: 0.0480
Epoch [236/1000], Batch [60/201], Loss: 2.8497, Train Acc: 0.4219, Val Acc: 0.0640
Epoch [236/1000], Batch [70/201], Loss: 2.9607, Train Acc: 0.3906, Val Acc: 0.0560
Epoch [236/1000], Batch [80/201], Loss: 2.6118, Train Acc: 0.4375, Val Acc: 0.0480
Epoch [236/1000], Batch [90/201], Loss: 2.6490, Train Acc: 0.4219, Val Acc: 0.0560
Epoch [236/1000], Batch [100/201], Loss: 2.2841, Train Acc: 0.5156, Val Acc: 0.0600
Epoch [236/1000], Batch [110/201], Loss: 3.0666, Train Acc: 0.2656, Val Acc: 0.0600
Epoch [236/1000], Batch [120/201], Loss: 2.6469, Train Acc: 0.4062, Val Acc: 0.0520
Epoch [236/1000], Batch [130/201], Loss: 2.6590, Train Acc: 0.3906, Val Acc: 0.0480
Epoch [236/1000], Batch [140/201], Loss: 3.0993, Train Acc: 0.4062, Val Acc: 0.0480
Epoch [236/1000], Batch [150/201], Loss: 2.7603, Train Acc: 0.4062, Val Acc: 0.0440
Epoch [236/1000], Batch [160/201], Loss: 2.8108, Train Acc: 0.3906, Val Acc: 0.0560
Epoch [236/1000], Batch [170/201], Loss: 2.6690, Train Acc: 0.4219, Val Acc: 0.0520
Epoch [236/1000], Batch [180/201], Loss: 2.8317, Train Acc: 0.3594, Val Acc: 0.0440
Epoch [236/1000], Batch [190/201], Loss: 2.8762, Train Acc: 0.3750, Val Acc: 0.0520
Epoch [236/1000], Batch [200/201], Loss: 3.0478, Train Acc: 0.3125, Val Acc: 0.0560
Epoch [237/1000], Batch [10/201], Loss: 3.1200, Train Acc: 0.3438, Val Acc: 0.0440
Epoch [237/1000], Batch [20/201], Loss: 2.9031, Train Acc: 0.2812, Val Acc: 0.0520
Epoch [237/1000], Batch [30/201], Loss: 2.7243, Train Acc: 0.3906, Val Acc: 0.0440
Epoch [237/1000], Batch [40/201], Loss: 2.8755, Train Acc: 0.3750, Val Acc: 0.0520
Epoch [237/1000], Batch [50/201], Loss: 3.1705, Train Acc: 0.3438, Val Acc: 0.0520
Epoch [237/1000], Batch [60/201], Loss: 2.9566, Train Acc: 0.4219, Val Acc: 0.0560
Epoch [237/1000], Batch [70/201], Loss: 2.7401, Train Acc: 0.4219, Val Acc: 0.0440
Epoch [237/1000], Batch [80/201], Loss: 2.7775, Train Acc: 0.3438, Val Acc: 0.0520
Epoch [237/1000], Batch [90/201], Loss: 2.7437, Train Acc: 0.3281, Val Acc: 0.0400
Epoch [237/1000], Batch [100/201], Loss: 3.1800, Train Acc: 0.2500, Val Acc: 0.0480
Epoch [237/1000], Batch [110/201], Loss: 3.1818, Train Acc: 0.3125, Val Acc: 0.0440
Epoch [237/1000], Batch [120/201], Loss: 2.6846, Train Acc: 0.4219, Val Acc: 0.0560
Epoch [237/1000], Batch [130/201], Loss: 3.0382, Train Acc: 0.3594, Val Acc: 0.0520
Epoch [237/1000], Batch [140/201], Loss: 2.9855, Train Acc: 0.3125, Val Acc: 0.0400
Epoch [237/1000], Batch [150/201], Loss: 3.0988, Train Acc: 0.3125, Val Acc: 0.0360
Epoch [237/1000], Batch [160/201], Loss: 2.8510, Train Acc: 0.4219, Val Acc: 0.0400
Epoch [237/1000], Batch [170/201], Loss: 2.6824, Train Acc: 0.4062, Val Acc: 0.0560
Epoch [237/1000], Batch [180/201], Loss: 2.9749, Train Acc: 0.3906, Val Acc: 0.0600
Epoch [237/1000], Batch [190/201], Loss: 2.9618, Train Acc: 0.4375, Val Acc: 0.0520
Epoch [237/1000], Batch [200/201], Loss: 2.9835, Train Acc: 0.3438, Val Acc: 0.0600
Epoch [238/1000], Batch [10/201], Loss: 2.7691, Train Acc: 0.3281, Val Acc: 0.0600
Epoch [238/1000], Batch [20/201], Loss: 3.2252, Train Acc: 0.3125, Val Acc: 0.0560
Epoch [238/1000], Batch [30/201], Loss: 3.1424, Train Acc: 0.3281, Val Acc: 0.0600
Epoch [238/1000], Batch [40/201], Loss: 2.8847, Train Acc: 0.3594, Val Acc: 0.0520
Epoch [238/1000], Batch [50/201], Loss: 2.7057, Train Acc: 0.3906, Val Acc: 0.0480
Epoch [238/1000], Batch [60/201], Loss: 3.3341, Train Acc: 0.2344, Val Acc: 0.0560
Epoch [238/1000], Batch [70/201], Loss: 3.0592, Train Acc: 0.3281, Val Acc: 0.0560
Epoch [238/1000], Batch [80/201], Loss: 2.9424, Train Acc: 0.3594, Val Acc: 0.0520
Epoch [238/1000], Batch [90/201], Loss: 2.9665, Train Acc: 0.3750, Val Acc: 0.0400
Epoch [238/1000], Batch [100/201], Loss: 3.0108, Train Acc: 0.4219, Val Acc: 0.0400
Epoch [238/1000], Batch [110/201], Loss: 2.8712, Train Acc: 0.3750, Val Acc: 0.0400
Epoch [238/1000], Batch [120/201], Loss: 3.1528, Train Acc: 0.2969, Val Acc: 0.0480
Epoch [238/1000], Batch [130/201], Loss: 2.8311, Train Acc: 0.3906, Val Acc: 0.0560
Epoch [238/1000], Batch [140/201], Loss: 2.6383, Train Acc: 0.4219, Val Acc: 0.0600
Epoch [238/1000], Batch [150/201], Loss: 2.9296, Train Acc: 0.3438, Val Acc: 0.0560
Epoch [238/1000], Batch [160/201], Loss: 2.6556, Train Acc: 0.3750, Val Acc: 0.0560
Epoch [238/1000], Batch [170/201], Loss: 2.4670, Train Acc: 0.4375, Val Acc: 0.0560
Epoch [238/1000], Batch [180/201], Loss: 2.9107, Train Acc: 0.3750, Val Acc: 0.0520
Epoch [238/1000], Batch [190/201], Loss: 3.0810, Train Acc: 0.2969, Val Acc: 0.0480
Epoch [238/1000], Batch [200/201], Loss: 3.1340, Train Acc: 0.3750, Val Acc: 0.0520
Epoch [239/1000], Batch [10/201], Loss: 3.0582, Train Acc: 0.2969, Val Acc: 0.0520
Epoch [239/1000], Batch [20/201], Loss: 2.9082, Train Acc: 0.3594, Val Acc: 0.0480
Epoch [239/1000], Batch [30/201], Loss: 2.9311, Train Acc: 0.3750, Val Acc: 0.0480
Epoch [239/1000], Batch [40/201], Loss: 3.4407, Train Acc: 0.2656, Val Acc: 0.0440
Epoch [239/1000], Batch [50/201], Loss: 3.0459, Train Acc: 0.2812, Val Acc: 0.0520
Epoch [239/1000], Batch [60/201], Loss: 3.3117, Train Acc: 0.2969, Val Acc: 0.0560
Epoch [239/1000], Batch [70/201], Loss: 2.8365, Train Acc: 0.3438, Val Acc: 0.0560
Epoch [239/1000], Batch [80/201], Loss: 3.0253, Train Acc: 0.3594, Val Acc: 0.0400
Epoch [239/1000], Batch [90/201], Loss: 3.0831, Train Acc: 0.3438, Val Acc: 0.0360
Epoch [239/1000], Batch [100/201], Loss: 3.0480, Train Acc: 0.3594, Val Acc: 0.0360
Epoch [239/1000], Batch [110/201], Loss: 3.2375, Train Acc: 0.2500, Val Acc: 0.0400
Epoch [239/1000], Batch [120/201], Loss: 3.0722, Train Acc: 0.3438, Val Acc: 0.0520
Epoch [239/1000], Batch [130/201], Loss: 2.8142, Train Acc: 0.3906, Val Acc: 0.0560
Epoch [239/1000], Batch [140/201], Loss: 2.4695, Train Acc: 0.4531, Val Acc: 0.0520
Epoch [239/1000], Batch [150/201], Loss: 2.9072, Train Acc: 0.4375, Val Acc: 0.0520
Epoch [239/1000], Batch [160/201], Loss: 3.3445, Train Acc: 0.2969, Val Acc: 0.0400
Epoch [239/1000], Batch [170/201], Loss: 2.9903, Train Acc: 0.3594, Val Acc: 0.0480
Epoch [239/1000], Batch [180/201], Loss: 3.0563, Train Acc: 0.4062, Val Acc: 0.0440
Epoch [239/1000], Batch [190/201], Loss: 2.8303, Train Acc: 0.3125, Val Acc: 0.0440
Epoch [239/1000], Batch [200/201], Loss: 2.8677, Train Acc: 0.3906, Val Acc: 0.0560
Epoch [240/1000], Batch [10/201], Loss: 3.6370, Train Acc: 0.2656, Val Acc: 0.0520
Epoch [240/1000], Batch [20/201], Loss: 2.5723, Train Acc: 0.4844, Val Acc: 0.0400
Epoch [240/1000], Batch [30/201], Loss: 3.1438, Train Acc: 0.2969, Val Acc: 0.0440
Epoch [240/1000], Batch [40/201], Loss: 2.7152, Train Acc: 0.3594, Val Acc: 0.0440
Epoch [240/1000], Batch [50/201], Loss: 2.7692, Train Acc: 0.4219, Val Acc: 0.0600
Epoch [240/1000], Batch [60/201], Loss: 2.8295, Train Acc: 0.4844, Val Acc: 0.0520
Epoch [240/1000], Batch [70/201], Loss: 3.1149, Train Acc: 0.3281, Val Acc: 0.0560
Epoch [240/1000], Batch [80/201], Loss: 2.6326, Train Acc: 0.4375, Val Acc: 0.0600
Epoch [240/1000], Batch [90/201], Loss: 2.3375, Train Acc: 0.4688, Val Acc: 0.0560
Epoch [240/1000], Batch [100/201], Loss: 2.7819, Train Acc: 0.3750, Val Acc: 0.0440
Epoch [240/1000], Batch [110/201], Loss: 2.8003, Train Acc: 0.3906, Val Acc: 0.0440
Epoch [240/1000], Batch [120/201], Loss: 2.5893, Train Acc: 0.4375, Val Acc: 0.0560
Epoch [240/1000], Batch [130/201], Loss: 2.8628, Train Acc: 0.5000, Val Acc: 0.0560
Epoch [240/1000], Batch [140/201], Loss: 2.9515, Train Acc: 0.3750, Val Acc: 0.0520
Epoch [240/1000], Batch [150/201], Loss: 2.7671, Train Acc: 0.3594, Val Acc: 0.0560
Epoch [240/1000], Batch [160/201], Loss: 2.9372, Train Acc: 0.3906, Val Acc: 0.0560
Epoch [240/1000], Batch [170/201], Loss: 2.8009, Train Acc: 0.3281, Val Acc: 0.0600
Epoch [240/1000], Batch [180/201], Loss: 3.0431, Train Acc: 0.3281, Val Acc: 0.0480
Epoch [240/1000], Batch [190/201], Loss: 2.9572, Train Acc: 0.3594, Val Acc: 0.0520
Epoch [240/1000], Batch [200/201], Loss: 3.0659, Train Acc: 0.3281, Val Acc: 0.0480
Epoch [241/1000], Batch [10/201], Loss: 3.1314, Train Acc: 0.3281, Val Acc: 0.0440
Epoch [241/1000], Batch [20/201], Loss: 3.1364, Train Acc: 0.2656, Val Acc: 0.0440
Epoch [241/1000], Batch [30/201], Loss: 2.9119, Train Acc: 0.3594, Val Acc: 0.0560
Epoch [241/1000], Batch [40/201], Loss: 3.2123, Train Acc: 0.2969, Val Acc: 0.0520
Epoch [241/1000], Batch [50/201], Loss: 2.9571, Train Acc: 0.3906, Val Acc: 0.0440
Epoch [241/1000], Batch [60/201], Loss: 3.0019, Train Acc: 0.2969, Val Acc: 0.0520
Epoch [241/1000], Batch [70/201], Loss: 3.0938, Train Acc: 0.3438, Val Acc: 0.0560
Epoch [241/1000], Batch [80/201], Loss: 2.7462, Train Acc: 0.4062, Val Acc: 0.0520
Epoch [241/1000], Batch [90/201], Loss: 3.3254, Train Acc: 0.2969, Val Acc: 0.0400
Epoch [241/1000], Batch [100/201], Loss: 3.1421, Train Acc: 0.2969, Val Acc: 0.0440
Epoch [241/1000], Batch [110/201], Loss: 2.8944, Train Acc: 0.3750, Val Acc: 0.0480
Epoch [241/1000], Batch [120/201], Loss: 2.9394, Train Acc: 0.3750, Val Acc: 0.0440
Epoch [241/1000], Batch [130/201], Loss: 2.9750, Train Acc: 0.4375, Val Acc: 0.0520
Epoch [241/1000], Batch [140/201], Loss: 3.0754, Train Acc: 0.3750, Val Acc: 0.0600
Epoch [241/1000], Batch [150/201], Loss: 2.9276, Train Acc: 0.3125, Val Acc: 0.0640
Epoch [241/1000], Batch [160/201], Loss: 2.9900, Train Acc: 0.3125, Val Acc: 0.0600
Epoch [241/1000], Batch [170/201], Loss: 2.6360, Train Acc: 0.4531, Val Acc: 0.0560
Epoch [241/1000], Batch [180/201], Loss: 3.1691, Train Acc: 0.2812, Val Acc: 0.0520
Epoch [241/1000], Batch [190/201], Loss: 3.1499, Train Acc: 0.3438, Val Acc: 0.0520
Epoch [241/1000], Batch [200/201], Loss: 2.2910, Train Acc: 0.4531, Val Acc: 0.0520
Epoch [242/1000], Batch [10/201], Loss: 3.1164, Train Acc: 0.2500, Val Acc: 0.0560
Epoch [242/1000], Batch [20/201], Loss: 2.6062, Train Acc: 0.3906, Val Acc: 0.0560
Epoch [242/1000], Batch [30/201], Loss: 2.9895, Train Acc: 0.4219, Val Acc: 0.0520
Epoch [242/1000], Batch [40/201], Loss: 3.0386, Train Acc: 0.4062, Val Acc: 0.0560
Epoch [242/1000], Batch [50/201], Loss: 3.0619, Train Acc: 0.3594, Val Acc: 0.0560
Epoch [242/1000], Batch [60/201], Loss: 3.0188, Train Acc: 0.3281, Val Acc: 0.0440
Epoch [242/1000], Batch [70/201], Loss: 3.0065, Train Acc: 0.3594, Val Acc: 0.0360
Epoch [242/1000], Batch [80/201], Loss: 3.5326, Train Acc: 0.2500, Val Acc: 0.0520
Epoch [242/1000], Batch [90/201], Loss: 2.6529, Train Acc: 0.3906, Val Acc: 0.0360
Epoch [242/1000], Batch [100/201], Loss: 2.7874, Train Acc: 0.4219, Val Acc: 0.0520
Epoch [242/1000], Batch [110/201], Loss: 2.8893, Train Acc: 0.3281, Val Acc: 0.0400
Epoch [242/1000], Batch [120/201], Loss: 2.8280, Train Acc: 0.3750, Val Acc: 0.0400
Epoch [242/1000], Batch [130/201], Loss: 2.9369, Train Acc: 0.3594, Val Acc: 0.0440
Epoch [242/1000], Batch [140/201], Loss: 3.0380, Train Acc: 0.3281, Val Acc: 0.0600
Epoch [242/1000], Batch [150/201], Loss: 3.0402, Train Acc: 0.3750, Val Acc: 0.0560
Epoch [242/1000], Batch [160/201], Loss: 2.9096, Train Acc: 0.3750, Val Acc: 0.0480
Epoch [242/1000], Batch [170/201], Loss: 2.8106, Train Acc: 0.4062, Val Acc: 0.0520
Epoch [242/1000], Batch [180/201], Loss: 3.5717, Train Acc: 0.3281, Val Acc: 0.0480
Epoch [242/1000], Batch [190/201], Loss: 3.0635, Train Acc: 0.3125, Val Acc: 0.0560
Epoch [242/1000], Batch [200/201], Loss: 2.5814, Train Acc: 0.3594, Val Acc: 0.0560
Epoch [243/1000], Batch [10/201], Loss: 2.7511, Train Acc: 0.4062, Val Acc: 0.0480
Epoch [243/1000], Batch [20/201], Loss: 2.9050, Train Acc: 0.3906, Val Acc: 0.0520
Epoch [243/1000], Batch [30/201], Loss: 2.8295, Train Acc: 0.4219, Val Acc: 0.0560
Epoch [243/1000], Batch [40/201], Loss: 2.7893, Train Acc: 0.4062, Val Acc: 0.0440
Epoch [243/1000], Batch [50/201], Loss: 2.9654, Train Acc: 0.3438, Val Acc: 0.0400
Epoch [243/1000], Batch [60/201], Loss: 2.9055, Train Acc: 0.3281, Val Acc: 0.0440
Epoch [243/1000], Batch [70/201], Loss: 2.9311, Train Acc: 0.3438, Val Acc: 0.0520
Epoch [243/1000], Batch [80/201], Loss: 3.2528, Train Acc: 0.3438, Val Acc: 0.0480
Epoch [243/1000], Batch [90/201], Loss: 3.5783, Train Acc: 0.2188, Val Acc: 0.0560
Epoch [243/1000], Batch [100/201], Loss: 2.9712, Train Acc: 0.2812, Val Acc: 0.0600
Epoch [243/1000], Batch [110/201], Loss: 2.8881, Train Acc: 0.3594, Val Acc: 0.0560
Epoch [243/1000], Batch [120/201], Loss: 2.8688, Train Acc: 0.3594, Val Acc: 0.0560
Epoch [243/1000], Batch [130/201], Loss: 2.6263, Train Acc: 0.4531, Val Acc: 0.0520
Epoch [243/1000], Batch [140/201], Loss: 2.7903, Train Acc: 0.4531, Val Acc: 0.0520
Epoch [243/1000], Batch [150/201], Loss: 2.7239, Train Acc: 0.3906, Val Acc: 0.0600
Epoch [243/1000], Batch [160/201], Loss: 2.6599, Train Acc: 0.4219, Val Acc: 0.0440
Epoch [243/1000], Batch [170/201], Loss: 2.4690, Train Acc: 0.4375, Val Acc: 0.0480
Epoch [243/1000], Batch [180/201], Loss: 3.0804, Train Acc: 0.4375, Val Acc: 0.0480
Epoch [243/1000], Batch [190/201], Loss: 2.9933, Train Acc: 0.3906, Val Acc: 0.0480
Epoch [243/1000], Batch [200/201], Loss: 3.2479, Train Acc: 0.3750, Val Acc: 0.0600
Epoch [244/1000], Batch [10/201], Loss: 3.0489, Train Acc: 0.2812, Val Acc: 0.0600
Epoch [244/1000], Batch [20/201], Loss: 2.8985, Train Acc: 0.2969, Val Acc: 0.0560
Epoch [244/1000], Batch [30/201], Loss: 3.3703, Train Acc: 0.3125, Val Acc: 0.0480
Epoch [244/1000], Batch [40/201], Loss: 2.9033, Train Acc: 0.3750, Val Acc: 0.0400
Epoch [244/1000], Batch [50/201], Loss: 2.7837, Train Acc: 0.4688, Val Acc: 0.0560
Epoch [244/1000], Batch [60/201], Loss: 3.0114, Train Acc: 0.3281, Val Acc: 0.0520
Epoch [244/1000], Batch [70/201], Loss: 3.2287, Train Acc: 0.2500, Val Acc: 0.0480
Epoch [244/1000], Batch [80/201], Loss: 2.5197, Train Acc: 0.4219, Val Acc: 0.0520
Epoch [244/1000], Batch [90/201], Loss: 3.2839, Train Acc: 0.3281, Val Acc: 0.0520
Epoch [244/1000], Batch [100/201], Loss: 2.8785, Train Acc: 0.3438, Val Acc: 0.0520
Epoch [244/1000], Batch [110/201], Loss: 2.8356, Train Acc: 0.3750, Val Acc: 0.0600
Epoch [244/1000], Batch [120/201], Loss: 2.8252, Train Acc: 0.3750, Val Acc: 0.0480
Epoch [244/1000], Batch [130/201], Loss: 3.5417, Train Acc: 0.2656, Val Acc: 0.0480
Epoch [244/1000], Batch [140/201], Loss: 2.7502, Train Acc: 0.3906, Val Acc: 0.0520
Epoch [244/1000], Batch [150/201], Loss: 2.6787, Train Acc: 0.3906, Val Acc: 0.0440
Epoch [244/1000], Batch [160/201], Loss: 3.0285, Train Acc: 0.3906, Val Acc: 0.0520
Epoch [244/1000], Batch [170/201], Loss: 3.1910, Train Acc: 0.3125, Val Acc: 0.0560
Epoch [244/1000], Batch [180/201], Loss: 3.3727, Train Acc: 0.3438, Val Acc: 0.0520
Epoch [244/1000], Batch [190/201], Loss: 2.8235, Train Acc: 0.5000, Val Acc: 0.0520
Epoch [244/1000], Batch [200/201], Loss: 3.0721, Train Acc: 0.2656, Val Acc: 0.0560
Epoch [245/1000], Batch [10/201], Loss: 3.1028, Train Acc: 0.2969, Val Acc: 0.0440
Epoch [245/1000], Batch [20/201], Loss: 2.6437, Train Acc: 0.4688, Val Acc: 0.0480
Epoch [245/1000], Batch [30/201], Loss: 3.0432, Train Acc: 0.3594, Val Acc: 0.0560
Epoch [245/1000], Batch [40/201], Loss: 2.9689, Train Acc: 0.3906, Val Acc: 0.0360
Epoch [245/1000], Batch [50/201], Loss: 2.8675, Train Acc: 0.3438, Val Acc: 0.0560
Epoch [245/1000], Batch [60/201], Loss: 2.5383, Train Acc: 0.4844, Val Acc: 0.0520
Epoch [245/1000], Batch [70/201], Loss: 3.2556, Train Acc: 0.2812, Val Acc: 0.0480
Epoch [245/1000], Batch [80/201], Loss: 3.2364, Train Acc: 0.2500, Val Acc: 0.0520
Epoch [245/1000], Batch [90/201], Loss: 2.9120, Train Acc: 0.3438, Val Acc: 0.0600
Epoch [245/1000], Batch [100/201], Loss: 3.1456, Train Acc: 0.2969, Val Acc: 0.0560
Epoch [245/1000], Batch [110/201], Loss: 2.7539, Train Acc: 0.4219, Val Acc: 0.0520
Epoch [245/1000], Batch [120/201], Loss: 3.3116, Train Acc: 0.3125, Val Acc: 0.0560
Epoch [245/1000], Batch [130/201], Loss: 3.1873, Train Acc: 0.3750, Val Acc: 0.0560
Epoch [245/1000], Batch [140/201], Loss: 2.9947, Train Acc: 0.3438, Val Acc: 0.0360
Epoch [245/1000], Batch [150/201], Loss: 3.2503, Train Acc: 0.3125, Val Acc: 0.0560
Epoch [245/1000], Batch [160/201], Loss: 2.7896, Train Acc: 0.3750, Val Acc: 0.0520
Epoch [245/1000], Batch [170/201], Loss: 3.0241, Train Acc: 0.2969, Val Acc: 0.0480
Epoch [245/1000], Batch [180/201], Loss: 2.6954, Train Acc: 0.3281, Val Acc: 0.0480
Epoch [245/1000], Batch [190/201], Loss: 2.9746, Train Acc: 0.4219, Val Acc: 0.0560
Epoch [245/1000], Batch [200/201], Loss: 3.4178, Train Acc: 0.3438, Val Acc: 0.0560
Epoch [246/1000], Batch [10/201], Loss: 3.6586, Train Acc: 0.2656, Val Acc: 0.0520
Epoch [246/1000], Batch [20/201], Loss: 3.1220, Train Acc: 0.3125, Val Acc: 0.0600
Epoch [246/1000], Batch [30/201], Loss: 2.7390, Train Acc: 0.4531, Val Acc: 0.0600
Epoch [246/1000], Batch [40/201], Loss: 2.9593, Train Acc: 0.3438, Val Acc: 0.0400
Epoch [246/1000], Batch [50/201], Loss: 3.0357, Train Acc: 0.3594, Val Acc: 0.0400
Epoch [246/1000], Batch [60/201], Loss: 2.9046, Train Acc: 0.3750, Val Acc: 0.0560
Epoch [246/1000], Batch [70/201], Loss: 2.9956, Train Acc: 0.4062, Val Acc: 0.0560
Epoch [246/1000], Batch [80/201], Loss: 3.3392, Train Acc: 0.3594, Val Acc: 0.0480
Epoch [246/1000], Batch [90/201], Loss: 2.7157, Train Acc: 0.3750, Val Acc: 0.0520
Epoch [246/1000], Batch [100/201], Loss: 2.6764, Train Acc: 0.4375, Val Acc: 0.0520
Epoch [246/1000], Batch [110/201], Loss: 2.9487, Train Acc: 0.4219, Val Acc: 0.0560
Epoch [246/1000], Batch [120/201], Loss: 2.9481, Train Acc: 0.3906, Val Acc: 0.0600
Epoch [246/1000], Batch [130/201], Loss: 3.3236, Train Acc: 0.3125, Val Acc: 0.0520
Epoch [246/1000], Batch [140/201], Loss: 3.0469, Train Acc: 0.3750, Val Acc: 0.0520
Epoch [246/1000], Batch [150/201], Loss: 3.2179, Train Acc: 0.3594, Val Acc: 0.0480
Epoch [246/1000], Batch [160/201], Loss: 2.8475, Train Acc: 0.4688, Val Acc: 0.0400
Epoch [246/1000], Batch [170/201], Loss: 2.4627, Train Acc: 0.5469, Val Acc: 0.0480
Epoch [246/1000], Batch [180/201], Loss: 3.2027, Train Acc: 0.2500, Val Acc: 0.0480
Epoch [246/1000], Batch [190/201], Loss: 3.2619, Train Acc: 0.2500, Val Acc: 0.0480
Epoch [246/1000], Batch [200/201], Loss: 2.7373, Train Acc: 0.3906, Val Acc: 0.0520
Epoch [247/1000], Batch [10/201], Loss: 2.9977, Train Acc: 0.3906, Val Acc: 0.0560
Epoch [247/1000], Batch [20/201], Loss: 2.9536, Train Acc: 0.3906, Val Acc: 0.0520
Epoch [247/1000], Batch [30/201], Loss: 3.0798, Train Acc: 0.3281, Val Acc: 0.0520
Epoch [247/1000], Batch [40/201], Loss: 2.6750, Train Acc: 0.4219, Val Acc: 0.0520
Epoch [247/1000], Batch [50/201], Loss: 2.8864, Train Acc: 0.3438, Val Acc: 0.0480
Epoch [247/1000], Batch [60/201], Loss: 3.1738, Train Acc: 0.3125, Val Acc: 0.0520
Epoch [247/1000], Batch [70/201], Loss: 2.9016, Train Acc: 0.3750, Val Acc: 0.0440
Epoch [247/1000], Batch [80/201], Loss: 2.9385, Train Acc: 0.3125, Val Acc: 0.0520
Epoch [247/1000], Batch [90/201], Loss: 3.3618, Train Acc: 0.2969, Val Acc: 0.0600
Epoch [247/1000], Batch [100/201], Loss: 2.6041, Train Acc: 0.4688, Val Acc: 0.0560
Epoch [247/1000], Batch [110/201], Loss: 3.1947, Train Acc: 0.2812, Val Acc: 0.0440
Epoch [247/1000], Batch [120/201], Loss: 3.1622, Train Acc: 0.2969, Val Acc: 0.0520
Epoch [247/1000], Batch [130/201], Loss: 2.4928, Train Acc: 0.5000, Val Acc: 0.0440
Epoch [247/1000], Batch [140/201], Loss: 2.6951, Train Acc: 0.3906, Val Acc: 0.0400
Epoch [247/1000], Batch [150/201], Loss: 2.8919, Train Acc: 0.3281, Val Acc: 0.0440
Epoch [247/1000], Batch [160/201], Loss: 2.7455, Train Acc: 0.4531, Val Acc: 0.0600
Epoch [247/1000], Batch [170/201], Loss: 2.6734, Train Acc: 0.4531, Val Acc: 0.0520
Epoch [247/1000], Batch [180/201], Loss: 2.8378, Train Acc: 0.4062, Val Acc: 0.0600
Epoch [247/1000], Batch [190/201], Loss: 3.1287, Train Acc: 0.3281, Val Acc: 0.0560
Epoch [247/1000], Batch [200/201], Loss: 2.9370, Train Acc: 0.4219, Val Acc: 0.0480
Epoch [248/1000], Batch [10/201], Loss: 2.9553, Train Acc: 0.2812, Val Acc: 0.0480
Epoch [248/1000], Batch [20/201], Loss: 2.9373, Train Acc: 0.3125, Val Acc: 0.0440
Epoch [248/1000], Batch [30/201], Loss: 3.1834, Train Acc: 0.3594, Val Acc: 0.0440
Epoch [248/1000], Batch [40/201], Loss: 2.9878, Train Acc: 0.3750, Val Acc: 0.0600
Epoch [248/1000], Batch [50/201], Loss: 3.2785, Train Acc: 0.2969, Val Acc: 0.0520
Epoch [248/1000], Batch [60/201], Loss: 2.7005, Train Acc: 0.3594, Val Acc: 0.0480
Epoch [248/1000], Batch [70/201], Loss: 2.7941, Train Acc: 0.3594, Val Acc: 0.0400
Epoch [248/1000], Batch [80/201], Loss: 2.9122, Train Acc: 0.4062, Val Acc: 0.0520
Epoch [248/1000], Batch [90/201], Loss: 3.0395, Train Acc: 0.3906, Val Acc: 0.0600
Epoch [248/1000], Batch [100/201], Loss: 3.3924, Train Acc: 0.2344, Val Acc: 0.0520
Epoch [248/1000], Batch [110/201], Loss: 3.2318, Train Acc: 0.2969, Val Acc: 0.0520
Epoch [248/1000], Batch [120/201], Loss: 2.5473, Train Acc: 0.4688, Val Acc: 0.0520
Epoch [248/1000], Batch [130/201], Loss: 2.8130, Train Acc: 0.4688, Val Acc: 0.0440
Epoch [248/1000], Batch [140/201], Loss: 2.7638, Train Acc: 0.3750, Val Acc: 0.0440
Epoch [248/1000], Batch [150/201], Loss: 2.8790, Train Acc: 0.2812, Val Acc: 0.0600
Epoch [248/1000], Batch [160/201], Loss: 2.8627, Train Acc: 0.3281, Val Acc: 0.0520
Epoch [248/1000], Batch [170/201], Loss: 2.6300, Train Acc: 0.4219, Val Acc: 0.0520
Epoch [248/1000], Batch [180/201], Loss: 2.8891, Train Acc: 0.3750, Val Acc: 0.0480
Epoch [248/1000], Batch [190/201], Loss: 2.7491, Train Acc: 0.3750, Val Acc: 0.0520
Epoch [248/1000], Batch [200/201], Loss: 2.7852, Train Acc: 0.4531, Val Acc: 0.0560
Epoch [249/1000], Batch [10/201], Loss: 3.1953, Train Acc: 0.2969, Val Acc: 0.0480
Epoch [249/1000], Batch [20/201], Loss: 3.1694, Train Acc: 0.2969, Val Acc: 0.0400
Epoch [249/1000], Batch [30/201], Loss: 3.1211, Train Acc: 0.2969, Val Acc: 0.0400
Epoch [249/1000], Batch [40/201], Loss: 3.0632, Train Acc: 0.3281, Val Acc: 0.0440
Epoch [249/1000], Batch [50/201], Loss: 3.0743, Train Acc: 0.3281, Val Acc: 0.0600
Epoch [249/1000], Batch [60/201], Loss: 2.6895, Train Acc: 0.4688, Val Acc: 0.0480
Epoch [249/1000], Batch [70/201], Loss: 2.8610, Train Acc: 0.4062, Val Acc: 0.0360
Epoch [249/1000], Batch [80/201], Loss: 2.9118, Train Acc: 0.3750, Val Acc: 0.0440
Epoch [249/1000], Batch [90/201], Loss: 3.0285, Train Acc: 0.3438, Val Acc: 0.0560
Epoch [249/1000], Batch [100/201], Loss: 2.9373, Train Acc: 0.2969, Val Acc: 0.0520
Epoch [249/1000], Batch [110/201], Loss: 3.2904, Train Acc: 0.3438, Val Acc: 0.0440
Epoch [249/1000], Batch [120/201], Loss: 2.7680, Train Acc: 0.4375, Val Acc: 0.0520
Epoch [249/1000], Batch [130/201], Loss: 3.0922, Train Acc: 0.3438, Val Acc: 0.0640
Epoch [249/1000], Batch [140/201], Loss: 2.9050, Train Acc: 0.3750, Val Acc: 0.0520
Epoch [249/1000], Batch [150/201], Loss: 3.0123, Train Acc: 0.3125, Val Acc: 0.0520
Epoch [249/1000], Batch [160/201], Loss: 3.0475, Train Acc: 0.3438, Val Acc: 0.0520
Epoch [249/1000], Batch [170/201], Loss: 3.1474, Train Acc: 0.2812, Val Acc: 0.0440
Epoch [249/1000], Batch [180/201], Loss: 2.8964, Train Acc: 0.3594, Val Acc: 0.0440
Epoch [249/1000], Batch [190/201], Loss: 3.2551, Train Acc: 0.2969, Val Acc: 0.0600
Epoch [249/1000], Batch [200/201], Loss: 3.1512, Train Acc: 0.3438, Val Acc: 0.0640
Epoch [250/1000], Batch [10/201], Loss: 3.1877, Train Acc: 0.3594, Val Acc: 0.0480
Epoch [250/1000], Batch [20/201], Loss: 2.6769, Train Acc: 0.4844, Val Acc: 0.0480
Epoch [250/1000], Batch [30/201], Loss: 2.8218, Train Acc: 0.3438, Val Acc: 0.0520
Epoch [250/1000], Batch [40/201], Loss: 2.9158, Train Acc: 0.3281, Val Acc: 0.0600
Epoch [250/1000], Batch [50/201], Loss: 2.8401, Train Acc: 0.4531, Val Acc: 0.0600
Epoch [250/1000], Batch [60/201], Loss: 3.2484, Train Acc: 0.2500, Val Acc: 0.0440
Epoch [250/1000], Batch [70/201], Loss: 2.7702, Train Acc: 0.3750, Val Acc: 0.0440
Epoch [250/1000], Batch [80/201], Loss: 2.8188, Train Acc: 0.4375, Val Acc: 0.0480
Epoch [250/1000], Batch [90/201], Loss: 2.7868, Train Acc: 0.4375, Val Acc: 0.0360
Epoch [250/1000], Batch [100/201], Loss: 2.8748, Train Acc: 0.3594, Val Acc: 0.0480
Epoch [250/1000], Batch [110/201], Loss: 3.0943, Train Acc: 0.2656, Val Acc: 0.0640
Epoch [250/1000], Batch [120/201], Loss: 2.6703, Train Acc: 0.3750, Val Acc: 0.0600
Epoch [250/1000], Batch [130/201], Loss: 3.3241, Train Acc: 0.2969, Val Acc: 0.0560
Epoch [250/1000], Batch [140/201], Loss: 2.8183, Train Acc: 0.3438, Val Acc: 0.0560
Epoch [250/1000], Batch [150/201], Loss: 3.2456, Train Acc: 0.2656, Val Acc: 0.0480
Epoch [250/1000], Batch [160/201], Loss: 2.8179, Train Acc: 0.3125, Val Acc: 0.0520
Epoch [250/1000], Batch [170/201], Loss: 3.3144, Train Acc: 0.3281, Val Acc: 0.0520
Epoch [250/1000], Batch [180/201], Loss: 2.5277, Train Acc: 0.4531, Val Acc: 0.0480
Epoch [250/1000], Batch [190/201], Loss: 2.7384, Train Acc: 0.4688, Val Acc: 0.0520
Epoch [250/1000], Batch [200/201], Loss: 2.7499, Train Acc: 0.4375, Val Acc: 0.0520
Epoch [251/1000], Batch [10/201], Loss: 2.6569, Train Acc: 0.3906, Val Acc: 0.0520
Epoch [251/1000], Batch [20/201], Loss: 2.7530, Train Acc: 0.4531, Val Acc: 0.0560
Epoch [251/1000], Batch [30/201], Loss: 2.8651, Train Acc: 0.3594, Val Acc: 0.0480
Epoch [251/1000], Batch [40/201], Loss: 2.8265, Train Acc: 0.3750, Val Acc: 0.0440
Epoch [251/1000], Batch [50/201], Loss: 2.6316, Train Acc: 0.3594, Val Acc: 0.0440
Epoch [251/1000], Batch [60/201], Loss: 2.8751, Train Acc: 0.3281, Val Acc: 0.0520
Epoch [251/1000], Batch [70/201], Loss: 3.2758, Train Acc: 0.3594, Val Acc: 0.0560
Epoch [251/1000], Batch [80/201], Loss: 3.1095, Train Acc: 0.2969, Val Acc: 0.0560
Epoch [251/1000], Batch [90/201], Loss: 2.6516, Train Acc: 0.3906, Val Acc: 0.0480
Epoch [251/1000], Batch [100/201], Loss: 2.8377, Train Acc: 0.4219, Val Acc: 0.0560
Epoch [251/1000], Batch [110/201], Loss: 2.9624, Train Acc: 0.3281, Val Acc: 0.0480
Epoch [251/1000], Batch [120/201], Loss: 2.8297, Train Acc: 0.4062, Val Acc: 0.0400
Epoch [251/1000], Batch [130/201], Loss: 2.7641, Train Acc: 0.3594, Val Acc: 0.0480
Epoch [251/1000], Batch [140/201], Loss: 2.8576, Train Acc: 0.4531, Val Acc: 0.0560
Epoch [251/1000], Batch [150/201], Loss: 2.7997, Train Acc: 0.2969, Val Acc: 0.0560
Epoch [251/1000], Batch [160/201], Loss: 3.3337, Train Acc: 0.2969, Val Acc: 0.0520
Epoch [251/1000], Batch [170/201], Loss: 2.7055, Train Acc: 0.4531, Val Acc: 0.0480
Epoch [251/1000], Batch [180/201], Loss: 2.9819, Train Acc: 0.3906, Val Acc: 0.0400
Epoch [251/1000], Batch [190/201], Loss: 2.6747, Train Acc: 0.4531, Val Acc: 0.0480
Epoch [251/1000], Batch [200/201], Loss: 2.9594, Train Acc: 0.4219, Val Acc: 0.0320
Epoch [252/1000], Batch [10/201], Loss: 2.5690, Train Acc: 0.4375, Val Acc: 0.0480
Epoch [252/1000], Batch [20/201], Loss: 3.3017, Train Acc: 0.3594, Val Acc: 0.0480
Epoch [252/1000], Batch [30/201], Loss: 2.8900, Train Acc: 0.4375, Val Acc: 0.0440
Epoch [252/1000], Batch [40/201], Loss: 3.0453, Train Acc: 0.3594, Val Acc: 0.0360
Epoch [252/1000], Batch [50/201], Loss: 3.2009, Train Acc: 0.2812, Val Acc: 0.0560
Epoch [252/1000], Batch [60/201], Loss: 3.1452, Train Acc: 0.3281, Val Acc: 0.0520
Epoch [252/1000], Batch [70/201], Loss: 2.9557, Train Acc: 0.3281, Val Acc: 0.0520
Epoch [252/1000], Batch [80/201], Loss: 2.3808, Train Acc: 0.5625, Val Acc: 0.0520
Epoch [252/1000], Batch [90/201], Loss: 2.9420, Train Acc: 0.3438, Val Acc: 0.0400
Epoch [252/1000], Batch [100/201], Loss: 2.8031, Train Acc: 0.3906, Val Acc: 0.0520
Epoch [252/1000], Batch [110/201], Loss: 3.0589, Train Acc: 0.3594, Val Acc: 0.0560
Epoch [252/1000], Batch [120/201], Loss: 2.9215, Train Acc: 0.3438, Val Acc: 0.0480
Epoch [252/1000], Batch [130/201], Loss: 2.8379, Train Acc: 0.4375, Val Acc: 0.0480
Epoch [252/1000], Batch [140/201], Loss: 2.5625, Train Acc: 0.4375, Val Acc: 0.0560
Epoch [252/1000], Batch [150/201], Loss: 2.8580, Train Acc: 0.3906, Val Acc: 0.0520
Epoch [252/1000], Batch [160/201], Loss: 2.9934, Train Acc: 0.3750, Val Acc: 0.0520
Epoch [252/1000], Batch [170/201], Loss: 2.9293, Train Acc: 0.3438, Val Acc: 0.0600
Epoch [252/1000], Batch [180/201], Loss: 2.7699, Train Acc: 0.3594, Val Acc: 0.0480
Epoch [252/1000], Batch [190/201], Loss: 2.9113, Train Acc: 0.2656, Val Acc: 0.0480
Epoch [252/1000], Batch [200/201], Loss: 3.0187, Train Acc: 0.3281, Val Acc: 0.0400
Epoch [253/1000], Batch [10/201], Loss: 2.9476, Train Acc: 0.3750, Val Acc: 0.0400
Epoch [253/1000], Batch [20/201], Loss: 3.0903, Train Acc: 0.2969, Val Acc: 0.0560
Epoch [253/1000], Batch [30/201], Loss: 2.7314, Train Acc: 0.3906, Val Acc: 0.0520
Epoch [253/1000], Batch [40/201], Loss: 2.8890, Train Acc: 0.3438, Val Acc: 0.0600
Epoch [253/1000], Batch [50/201], Loss: 2.9121, Train Acc: 0.3281, Val Acc: 0.0520
Epoch [253/1000], Batch [60/201], Loss: 3.2479, Train Acc: 0.3438, Val Acc: 0.0520
Epoch [253/1000], Batch [70/201], Loss: 2.8915, Train Acc: 0.3438, Val Acc: 0.0480
Epoch [253/1000], Batch [80/201], Loss: 2.9445, Train Acc: 0.3594, Val Acc: 0.0440
Epoch [253/1000], Batch [90/201], Loss: 2.7873, Train Acc: 0.3750, Val Acc: 0.0600
Epoch [253/1000], Batch [100/201], Loss: 2.8957, Train Acc: 0.3906, Val Acc: 0.0480
Epoch [253/1000], Batch [110/201], Loss: 2.5951, Train Acc: 0.4375, Val Acc: 0.0400
Epoch [253/1000], Batch [120/201], Loss: 3.1965, Train Acc: 0.3438, Val Acc: 0.0400
Epoch [253/1000], Batch [130/201], Loss: 2.7166, Train Acc: 0.3750, Val Acc: 0.0440
Epoch [253/1000], Batch [140/201], Loss: 3.1058, Train Acc: 0.3594, Val Acc: 0.0440
Epoch [253/1000], Batch [150/201], Loss: 3.0253, Train Acc: 0.4062, Val Acc: 0.0480
Epoch [253/1000], Batch [160/201], Loss: 3.1369, Train Acc: 0.3125, Val Acc: 0.0560
Epoch [253/1000], Batch [170/201], Loss: 3.2050, Train Acc: 0.3906, Val Acc: 0.0560
Epoch [253/1000], Batch [180/201], Loss: 3.2585, Train Acc: 0.3594, Val Acc: 0.0600
Epoch [253/1000], Batch [190/201], Loss: 2.7169, Train Acc: 0.4062, Val Acc: 0.0520
Epoch [253/1000], Batch [200/201], Loss: 2.8560, Train Acc: 0.3594, Val Acc: 0.0520
Epoch [254/1000], Batch [10/201], Loss: 2.9692, Train Acc: 0.4219, Val Acc: 0.0520
Epoch [254/1000], Batch [20/201], Loss: 2.8135, Train Acc: 0.4219, Val Acc: 0.0560
Epoch [254/1000], Batch [30/201], Loss: 2.6579, Train Acc: 0.4531, Val Acc: 0.0480
Epoch [254/1000], Batch [40/201], Loss: 2.9283, Train Acc: 0.4062, Val Acc: 0.0480
Epoch [254/1000], Batch [50/201], Loss: 3.1865, Train Acc: 0.3906, Val Acc: 0.0400
Epoch [254/1000], Batch [60/201], Loss: 3.0150, Train Acc: 0.3438, Val Acc: 0.0560
Epoch [254/1000], Batch [70/201], Loss: 3.3394, Train Acc: 0.2500, Val Acc: 0.0520
Epoch [254/1000], Batch [80/201], Loss: 2.9810, Train Acc: 0.4062, Val Acc: 0.0600
Epoch [254/1000], Batch [90/201], Loss: 3.0662, Train Acc: 0.3438, Val Acc: 0.0520
Epoch [254/1000], Batch [100/201], Loss: 2.6484, Train Acc: 0.4688, Val Acc: 0.0600
Epoch [254/1000], Batch [110/201], Loss: 2.8862, Train Acc: 0.4375, Val Acc: 0.0520
Epoch [254/1000], Batch [120/201], Loss: 3.4353, Train Acc: 0.2188, Val Acc: 0.0400
Epoch [254/1000], Batch [130/201], Loss: 3.0125, Train Acc: 0.3750, Val Acc: 0.0440
Epoch [254/1000], Batch [140/201], Loss: 2.8102, Train Acc: 0.3438, Val Acc: 0.0440
Epoch [254/1000], Batch [150/201], Loss: 3.1905, Train Acc: 0.3125, Val Acc: 0.0480
Epoch [254/1000], Batch [160/201], Loss: 3.0583, Train Acc: 0.3750, Val Acc: 0.0560
Epoch [254/1000], Batch [170/201], Loss: 2.9325, Train Acc: 0.3594, Val Acc: 0.0520
Epoch [254/1000], Batch [180/201], Loss: 3.0049, Train Acc: 0.3125, Val Acc: 0.0440
Epoch [254/1000], Batch [190/201], Loss: 2.9352, Train Acc: 0.4062, Val Acc: 0.0560
Epoch [254/1000], Batch [200/201], Loss: 2.5991, Train Acc: 0.4531, Val Acc: 0.0440
Epoch [255/1000], Batch [10/201], Loss: 3.6449, Train Acc: 0.2188, Val Acc: 0.0600
Epoch [255/1000], Batch [20/201], Loss: 2.7854, Train Acc: 0.3906, Val Acc: 0.0480
Epoch [255/1000], Batch [30/201], Loss: 3.1376, Train Acc: 0.3281, Val Acc: 0.0520
Epoch [255/1000], Batch [40/201], Loss: 2.9721, Train Acc: 0.2812, Val Acc: 0.0480
Epoch [255/1000], Batch [50/201], Loss: 2.8282, Train Acc: 0.4531, Val Acc: 0.0520
Epoch [255/1000], Batch [60/201], Loss: 2.5891, Train Acc: 0.5156, Val Acc: 0.0400
Epoch [255/1000], Batch [70/201], Loss: 3.2639, Train Acc: 0.3125, Val Acc: 0.0520
Epoch [255/1000], Batch [80/201], Loss: 2.6886, Train Acc: 0.3906, Val Acc: 0.0520
Epoch [255/1000], Batch [90/201], Loss: 2.8043, Train Acc: 0.4531, Val Acc: 0.0600
Epoch [255/1000], Batch [100/201], Loss: 3.1452, Train Acc: 0.3281, Val Acc: 0.0600
Epoch [255/1000], Batch [110/201], Loss: 2.7603, Train Acc: 0.4375, Val Acc: 0.0480
Epoch [255/1000], Batch [120/201], Loss: 3.2047, Train Acc: 0.3125, Val Acc: 0.0520
Epoch [255/1000], Batch [130/201], Loss: 3.4242, Train Acc: 0.2344, Val Acc: 0.0520
Epoch [255/1000], Batch [140/201], Loss: 3.0257, Train Acc: 0.3750, Val Acc: 0.0520
Epoch [255/1000], Batch [150/201], Loss: 3.5700, Train Acc: 0.3594, Val Acc: 0.0480
Epoch [255/1000], Batch [160/201], Loss: 2.7119, Train Acc: 0.4062, Val Acc: 0.0440
Epoch [255/1000], Batch [170/201], Loss: 2.9511, Train Acc: 0.3594, Val Acc: 0.0560
Epoch [255/1000], Batch [180/201], Loss: 2.9723, Train Acc: 0.3906, Val Acc: 0.0560
Epoch [255/1000], Batch [190/201], Loss: 3.1211, Train Acc: 0.3750, Val Acc: 0.0600
Epoch [255/1000], Batch [200/201], Loss: 2.9929, Train Acc: 0.3906, Val Acc: 0.0400
Epoch [256/1000], Batch [10/201], Loss: 3.1781, Train Acc: 0.2812, Val Acc: 0.0520
Epoch [256/1000], Batch [20/201], Loss: 2.8223, Train Acc: 0.4531, Val Acc: 0.0520
Epoch [256/1000], Batch [30/201], Loss: 2.8284, Train Acc: 0.3125, Val Acc: 0.0400
Epoch [256/1000], Batch [40/201], Loss: 3.1093, Train Acc: 0.2656, Val Acc: 0.0600
Epoch [256/1000], Batch [50/201], Loss: 2.7652, Train Acc: 0.4219, Val Acc: 0.0560
Epoch [256/1000], Batch [60/201], Loss: 3.3122, Train Acc: 0.2812, Val Acc: 0.0440
Epoch [256/1000], Batch [70/201], Loss: 2.5953, Train Acc: 0.4375, Val Acc: 0.0480
Epoch [256/1000], Batch [80/201], Loss: 3.0956, Train Acc: 0.3438, Val Acc: 0.0520
Epoch [256/1000], Batch [90/201], Loss: 2.9533, Train Acc: 0.4219, Val Acc: 0.0440
Epoch [256/1000], Batch [100/201], Loss: 3.0617, Train Acc: 0.2188, Val Acc: 0.0360
Epoch [256/1000], Batch [110/201], Loss: 2.9466, Train Acc: 0.4062, Val Acc: 0.0440
Epoch [256/1000], Batch [120/201], Loss: 3.2172, Train Acc: 0.3750, Val Acc: 0.0400
Epoch [256/1000], Batch [130/201], Loss: 2.6854, Train Acc: 0.4375, Val Acc: 0.0400
Epoch [256/1000], Batch [140/201], Loss: 3.0488, Train Acc: 0.3594, Val Acc: 0.0440
Epoch [256/1000], Batch [150/201], Loss: 2.8416, Train Acc: 0.3594, Val Acc: 0.0520
Epoch [256/1000], Batch [160/201], Loss: 2.9927, Train Acc: 0.3438, Val Acc: 0.0520
Epoch [256/1000], Batch [170/201], Loss: 3.1875, Train Acc: 0.2812, Val Acc: 0.0600
Epoch [256/1000], Batch [180/201], Loss: 2.4488, Train Acc: 0.4219, Val Acc: 0.0480
Epoch [256/1000], Batch [190/201], Loss: 2.9093, Train Acc: 0.3438, Val Acc: 0.0520
Epoch [256/1000], Batch [200/201], Loss: 2.7616, Train Acc: 0.3750, Val Acc: 0.0520
Epoch [257/1000], Batch [10/201], Loss: 2.8252, Train Acc: 0.4688, Val Acc: 0.0560
Epoch [257/1000], Batch [20/201], Loss: 3.0468, Train Acc: 0.3281, Val Acc: 0.0520
Epoch [257/1000], Batch [30/201], Loss: 2.6366, Train Acc: 0.4688, Val Acc: 0.0480
Epoch [257/1000], Batch [40/201], Loss: 2.6725, Train Acc: 0.4531, Val Acc: 0.0440
Epoch [257/1000], Batch [50/201], Loss: 2.7246, Train Acc: 0.3594, Val Acc: 0.0480
Epoch [257/1000], Batch [60/201], Loss: 3.0151, Train Acc: 0.3281, Val Acc: 0.0520
Epoch [257/1000], Batch [70/201], Loss: 3.1754, Train Acc: 0.3281, Val Acc: 0.0440
Epoch [257/1000], Batch [80/201], Loss: 3.6992, Train Acc: 0.2344, Val Acc: 0.0440
Epoch [257/1000], Batch [90/201], Loss: 2.7513, Train Acc: 0.3750, Val Acc: 0.0520
Epoch [257/1000], Batch [100/201], Loss: 3.2270, Train Acc: 0.2969, Val Acc: 0.0520
Epoch [257/1000], Batch [110/201], Loss: 2.6436, Train Acc: 0.3438, Val Acc: 0.0560
Epoch [257/1000], Batch [120/201], Loss: 2.7308, Train Acc: 0.4688, Val Acc: 0.0480
Epoch [257/1000], Batch [130/201], Loss: 3.2609, Train Acc: 0.2969, Val Acc: 0.0560
Epoch [257/1000], Batch [140/201], Loss: 2.5388, Train Acc: 0.3750, Val Acc: 0.0520
Epoch [257/1000], Batch [150/201], Loss: 2.8500, Train Acc: 0.3438, Val Acc: 0.0400
Epoch [257/1000], Batch [160/201], Loss: 2.7702, Train Acc: 0.4688, Val Acc: 0.0440
Epoch [257/1000], Batch [170/201], Loss: 3.0375, Train Acc: 0.4062, Val Acc: 0.0480
Epoch [257/1000], Batch [180/201], Loss: 2.9610, Train Acc: 0.3906, Val Acc: 0.0600
Epoch [257/1000], Batch [190/201], Loss: 2.6964, Train Acc: 0.4688, Val Acc: 0.0480
Epoch [257/1000], Batch [200/201], Loss: 3.2225, Train Acc: 0.3281, Val Acc: 0.0560
Epoch [258/1000], Batch [10/201], Loss: 3.1511, Train Acc: 0.3125, Val Acc: 0.0640
Epoch [258/1000], Batch [20/201], Loss: 3.2063, Train Acc: 0.2344, Val Acc: 0.0520
Epoch [258/1000], Batch [30/201], Loss: 2.6625, Train Acc: 0.4375, Val Acc: 0.0560
Epoch [258/1000], Batch [40/201], Loss: 2.9964, Train Acc: 0.2656, Val Acc: 0.0600
Epoch [258/1000], Batch [50/201], Loss: 2.8268, Train Acc: 0.4219, Val Acc: 0.0520
Epoch [258/1000], Batch [60/201], Loss: 3.1811, Train Acc: 0.2500, Val Acc: 0.0440
Epoch [258/1000], Batch [70/201], Loss: 2.7168, Train Acc: 0.4219, Val Acc: 0.0480
Epoch [258/1000], Batch [80/201], Loss: 2.8452, Train Acc: 0.3750, Val Acc: 0.0440
Epoch [258/1000], Batch [90/201], Loss: 3.0983, Train Acc: 0.3125, Val Acc: 0.0480
Epoch [258/1000], Batch [100/201], Loss: 2.8739, Train Acc: 0.4688, Val Acc: 0.0600
Epoch [258/1000], Batch [110/201], Loss: 3.4133, Train Acc: 0.2344, Val Acc: 0.0560
Epoch [258/1000], Batch [120/201], Loss: 2.8412, Train Acc: 0.3906, Val Acc: 0.0440
Epoch [258/1000], Batch [130/201], Loss: 3.2264, Train Acc: 0.2500, Val Acc: 0.0560
Epoch [258/1000], Batch [140/201], Loss: 2.7138, Train Acc: 0.4062, Val Acc: 0.0520
Epoch [258/1000], Batch [150/201], Loss: 3.3324, Train Acc: 0.2656, Val Acc: 0.0520
Epoch [258/1000], Batch [160/201], Loss: 2.9899, Train Acc: 0.2344, Val Acc: 0.0480
Epoch [258/1000], Batch [170/201], Loss: 2.7296, Train Acc: 0.3594, Val Acc: 0.0400
Epoch [258/1000], Batch [180/201], Loss: 2.8196, Train Acc: 0.4375, Val Acc: 0.0400
Epoch [258/1000], Batch [190/201], Loss: 2.9259, Train Acc: 0.3906, Val Acc: 0.0400
Epoch [258/1000], Batch [200/201], Loss: 3.0955, Train Acc: 0.3750, Val Acc: 0.0560
Epoch [259/1000], Batch [10/201], Loss: 2.9161, Train Acc: 0.4531, Val Acc: 0.0560
Epoch [259/1000], Batch [20/201], Loss: 3.0629, Train Acc: 0.2656, Val Acc: 0.0560
Epoch [259/1000], Batch [30/201], Loss: 3.0165, Train Acc: 0.4062, Val Acc: 0.0520
Epoch [259/1000], Batch [40/201], Loss: 2.6548, Train Acc: 0.4219, Val Acc: 0.0560
Epoch [259/1000], Batch [50/201], Loss: 2.4783, Train Acc: 0.3594, Val Acc: 0.0520
Epoch [259/1000], Batch [60/201], Loss: 2.7032, Train Acc: 0.4375, Val Acc: 0.0400
Epoch [259/1000], Batch [70/201], Loss: 3.0651, Train Acc: 0.3750, Val Acc: 0.0480
Epoch [259/1000], Batch [80/201], Loss: 2.7016, Train Acc: 0.4375, Val Acc: 0.0520
Epoch [259/1000], Batch [90/201], Loss: 2.6849, Train Acc: 0.3594, Val Acc: 0.0480
Epoch [259/1000], Batch [100/201], Loss: 2.5999, Train Acc: 0.3750, Val Acc: 0.0440
Epoch [259/1000], Batch [110/201], Loss: 2.8765, Train Acc: 0.3750, Val Acc: 0.0440
Epoch [259/1000], Batch [120/201], Loss: 2.3575, Train Acc: 0.4375, Val Acc: 0.0560
Epoch [259/1000], Batch [130/201], Loss: 3.1397, Train Acc: 0.3750, Val Acc: 0.0480
Epoch [259/1000], Batch [140/201], Loss: 2.7125, Train Acc: 0.5469, Val Acc: 0.0520
Epoch [259/1000], Batch [150/201], Loss: 3.0493, Train Acc: 0.2969, Val Acc: 0.0480
Epoch [259/1000], Batch [160/201], Loss: 2.7093, Train Acc: 0.4219, Val Acc: 0.0480
Epoch [259/1000], Batch [170/201], Loss: 2.8773, Train Acc: 0.3281, Val Acc: 0.0400
Epoch [259/1000], Batch [180/201], Loss: 3.1055, Train Acc: 0.2969, Val Acc: 0.0480
Epoch [259/1000], Batch [190/201], Loss: 2.6760, Train Acc: 0.4844, Val Acc: 0.0520
Epoch [259/1000], Batch [200/201], Loss: 2.7966, Train Acc: 0.3281, Val Acc: 0.0560
Epoch [260/1000], Batch [10/201], Loss: 2.6964, Train Acc: 0.4375, Val Acc: 0.0560
Epoch [260/1000], Batch [20/201], Loss: 2.7773, Train Acc: 0.3594, Val Acc: 0.0480
Epoch [260/1000], Batch [30/201], Loss: 2.9106, Train Acc: 0.4062, Val Acc: 0.0480
Epoch [260/1000], Batch [40/201], Loss: 2.8685, Train Acc: 0.4219, Val Acc: 0.0360
Epoch [260/1000], Batch [50/201], Loss: 2.7543, Train Acc: 0.4375, Val Acc: 0.0480
Epoch [260/1000], Batch [60/201], Loss: 2.8866, Train Acc: 0.3594, Val Acc: 0.0360
Epoch [260/1000], Batch [70/201], Loss: 2.9385, Train Acc: 0.3906, Val Acc: 0.0400
Epoch [260/1000], Batch [80/201], Loss: 2.7221, Train Acc: 0.3750, Val Acc: 0.0480
Epoch [260/1000], Batch [90/201], Loss: 2.9160, Train Acc: 0.4219, Val Acc: 0.0640
Epoch [260/1000], Batch [100/201], Loss: 2.9120, Train Acc: 0.3125, Val Acc: 0.0640
Epoch [260/1000], Batch [110/201], Loss: 3.0078, Train Acc: 0.3281, Val Acc: 0.0520
Epoch [260/1000], Batch [120/201], Loss: 2.8494, Train Acc: 0.3594, Val Acc: 0.0560
Epoch [260/1000], Batch [130/201], Loss: 2.8483, Train Acc: 0.3281, Val Acc: 0.0680
Epoch [260/1000], Batch [140/201], Loss: 2.9550, Train Acc: 0.3281, Val Acc: 0.0520
Epoch [260/1000], Batch [150/201], Loss: 3.0538, Train Acc: 0.3594, Val Acc: 0.0560
Epoch [260/1000], Batch [160/201], Loss: 3.1049, Train Acc: 0.3281, Val Acc: 0.0520
Epoch [260/1000], Batch [170/201], Loss: 2.8404, Train Acc: 0.4219, Val Acc: 0.0520
Epoch [260/1000], Batch [180/201], Loss: 3.0219, Train Acc: 0.3906, Val Acc: 0.0520
Epoch [260/1000], Batch [190/201], Loss: 2.7913, Train Acc: 0.2969, Val Acc: 0.0520
Epoch [260/1000], Batch [200/201], Loss: 3.0524, Train Acc: 0.3281, Val Acc: 0.0560
Epoch [261/1000], Batch [10/201], Loss: 2.9491, Train Acc: 0.4219, Val Acc: 0.0600
Epoch [261/1000], Batch [20/201], Loss: 2.8682, Train Acc: 0.3594, Val Acc: 0.0600
Epoch [261/1000], Batch [30/201], Loss: 2.6473, Train Acc: 0.3750, Val Acc: 0.0520
Epoch [261/1000], Batch [40/201], Loss: 3.0560, Train Acc: 0.4062, Val Acc: 0.0480
Epoch [261/1000], Batch [50/201], Loss: 2.8660, Train Acc: 0.3594, Val Acc: 0.0480
Epoch [261/1000], Batch [60/201], Loss: 2.9983, Train Acc: 0.3594, Val Acc: 0.0520
Epoch [261/1000], Batch [70/201], Loss: 3.6877, Train Acc: 0.2344, Val Acc: 0.0560
Epoch [261/1000], Batch [80/201], Loss: 2.8616, Train Acc: 0.3594, Val Acc: 0.0480
Epoch [261/1000], Batch [90/201], Loss: 2.8383, Train Acc: 0.4219, Val Acc: 0.0560
Epoch [261/1000], Batch [100/201], Loss: 2.9002, Train Acc: 0.3125, Val Acc: 0.0440
Epoch [261/1000], Batch [110/201], Loss: 2.9681, Train Acc: 0.3125, Val Acc: 0.0560
Epoch [261/1000], Batch [120/201], Loss: 3.2089, Train Acc: 0.2656, Val Acc: 0.0480
Epoch [261/1000], Batch [130/201], Loss: 2.7195, Train Acc: 0.4531, Val Acc: 0.0400
Epoch [261/1000], Batch [140/201], Loss: 2.8297, Train Acc: 0.4219, Val Acc: 0.0440
Epoch [261/1000], Batch [150/201], Loss: 3.1219, Train Acc: 0.3125, Val Acc: 0.0480
Epoch [261/1000], Batch [160/201], Loss: 2.9498, Train Acc: 0.2812, Val Acc: 0.0440
Epoch [261/1000], Batch [170/201], Loss: 2.8582, Train Acc: 0.4062, Val Acc: 0.0480
Epoch [261/1000], Batch [180/201], Loss: 3.0027, Train Acc: 0.3281, Val Acc: 0.0560
Epoch [261/1000], Batch [190/201], Loss: 2.6671, Train Acc: 0.4531, Val Acc: 0.0480
Epoch [261/1000], Batch [200/201], Loss: 2.6678, Train Acc: 0.4219, Val Acc: 0.0520
Epoch [262/1000], Batch [10/201], Loss: 3.0814, Train Acc: 0.4062, Val Acc: 0.0600
Epoch [262/1000], Batch [20/201], Loss: 3.0319, Train Acc: 0.3281, Val Acc: 0.0520
Epoch [262/1000], Batch [30/201], Loss: 2.8625, Train Acc: 0.3281, Val Acc: 0.0400
Epoch [262/1000], Batch [40/201], Loss: 2.7677, Train Acc: 0.4062, Val Acc: 0.0400
Epoch [262/1000], Batch [50/201], Loss: 3.5474, Train Acc: 0.2500, Val Acc: 0.0440
Epoch [262/1000], Batch [60/201], Loss: 2.8984, Train Acc: 0.3750, Val Acc: 0.0560
Epoch [262/1000], Batch [70/201], Loss: 3.1249, Train Acc: 0.3125, Val Acc: 0.0600
Epoch [262/1000], Batch [80/201], Loss: 2.8611, Train Acc: 0.3750, Val Acc: 0.0480
Epoch [262/1000], Batch [90/201], Loss: 2.5226, Train Acc: 0.3906, Val Acc: 0.0440
Epoch [262/1000], Batch [100/201], Loss: 2.7039, Train Acc: 0.4062, Val Acc: 0.0560
Epoch [262/1000], Batch [110/201], Loss: 2.9150, Train Acc: 0.3594, Val Acc: 0.0560
Epoch [262/1000], Batch [120/201], Loss: 2.7384, Train Acc: 0.4062, Val Acc: 0.0440
Epoch [262/1000], Batch [130/201], Loss: 2.6027, Train Acc: 0.4219, Val Acc: 0.0440
Epoch [262/1000], Batch [140/201], Loss: 2.9743, Train Acc: 0.4062, Val Acc: 0.0440
Epoch [262/1000], Batch [150/201], Loss: 2.7310, Train Acc: 0.4219, Val Acc: 0.0520
Epoch [262/1000], Batch [160/201], Loss: 3.0941, Train Acc: 0.3594, Val Acc: 0.0520
Epoch [262/1000], Batch [170/201], Loss: 2.9760, Train Acc: 0.3438, Val Acc: 0.0480
Epoch [262/1000], Batch [180/201], Loss: 2.6406, Train Acc: 0.3906, Val Acc: 0.0480
Epoch [262/1000], Batch [190/201], Loss: 2.8362, Train Acc: 0.4531, Val Acc: 0.0520
Epoch [262/1000], Batch [200/201], Loss: 2.9580, Train Acc: 0.2969, Val Acc: 0.0560
Epoch [263/1000], Batch [10/201], Loss: 2.7770, Train Acc: 0.4219, Val Acc: 0.0520
Epoch [263/1000], Batch [20/201], Loss: 2.9563, Train Acc: 0.3281, Val Acc: 0.0520
Epoch [263/1000], Batch [30/201], Loss: 2.6741, Train Acc: 0.3594, Val Acc: 0.0480
Epoch [263/1000], Batch [40/201], Loss: 2.9271, Train Acc: 0.3750, Val Acc: 0.0520
Epoch [263/1000], Batch [50/201], Loss: 2.9631, Train Acc: 0.3906, Val Acc: 0.0520
Epoch [263/1000], Batch [60/201], Loss: 3.1513, Train Acc: 0.3125, Val Acc: 0.0560
Epoch [263/1000], Batch [70/201], Loss: 2.9128, Train Acc: 0.4531, Val Acc: 0.0520
Epoch [263/1000], Batch [80/201], Loss: 3.3803, Train Acc: 0.3125, Val Acc: 0.0440
Epoch [263/1000], Batch [90/201], Loss: 2.9033, Train Acc: 0.4531, Val Acc: 0.0480
Epoch [263/1000], Batch [100/201], Loss: 3.0959, Train Acc: 0.2969, Val Acc: 0.0520
Epoch [263/1000], Batch [110/201], Loss: 2.5020, Train Acc: 0.4062, Val Acc: 0.0520
Epoch [263/1000], Batch [120/201], Loss: 2.9621, Train Acc: 0.3438, Val Acc: 0.0520
Epoch [263/1000], Batch [130/201], Loss: 2.6744, Train Acc: 0.3906, Val Acc: 0.0520
Epoch [263/1000], Batch [140/201], Loss: 3.3232, Train Acc: 0.2969, Val Acc: 0.0480
Epoch [263/1000], Batch [150/201], Loss: 3.3652, Train Acc: 0.3125, Val Acc: 0.0440
Epoch [263/1000], Batch [160/201], Loss: 3.2663, Train Acc: 0.2812, Val Acc: 0.0480
Epoch [263/1000], Batch [170/201], Loss: 2.9365, Train Acc: 0.4062, Val Acc: 0.0440
Epoch [263/1000], Batch [180/201], Loss: 3.1629, Train Acc: 0.3125, Val Acc: 0.0440
Epoch [263/1000], Batch [190/201], Loss: 3.1017, Train Acc: 0.3438, Val Acc: 0.0480
Epoch [263/1000], Batch [200/201], Loss: 2.7131, Train Acc: 0.3906, Val Acc: 0.0520
Epoch [264/1000], Batch [10/201], Loss: 2.7383, Train Acc: 0.4531, Val Acc: 0.0440
Epoch [264/1000], Batch [20/201], Loss: 2.8893, Train Acc: 0.3125, Val Acc: 0.0480
Epoch [264/1000], Batch [30/201], Loss: 2.9320, Train Acc: 0.3281, Val Acc: 0.0600
Epoch [264/1000], Batch [40/201], Loss: 3.0176, Train Acc: 0.2969, Val Acc: 0.0440
Epoch [264/1000], Batch [50/201], Loss: 3.3543, Train Acc: 0.2500, Val Acc: 0.0400
Epoch [264/1000], Batch [60/201], Loss: 2.9607, Train Acc: 0.3438, Val Acc: 0.0440
Epoch [264/1000], Batch [70/201], Loss: 3.3752, Train Acc: 0.2656, Val Acc: 0.0480
Epoch [264/1000], Batch [80/201], Loss: 2.8426, Train Acc: 0.4062, Val Acc: 0.0520
Epoch [264/1000], Batch [90/201], Loss: 3.1884, Train Acc: 0.3594, Val Acc: 0.0560
Epoch [264/1000], Batch [100/201], Loss: 2.8683, Train Acc: 0.3281, Val Acc: 0.0560
Epoch [264/1000], Batch [110/201], Loss: 3.4348, Train Acc: 0.3125, Val Acc: 0.0520
Epoch [264/1000], Batch [120/201], Loss: 3.2664, Train Acc: 0.2656, Val Acc: 0.0480
Epoch [264/1000], Batch [130/201], Loss: 2.8632, Train Acc: 0.3281, Val Acc: 0.0600
Epoch [264/1000], Batch [140/201], Loss: 3.1447, Train Acc: 0.3125, Val Acc: 0.0400
Epoch [264/1000], Batch [150/201], Loss: 2.8049, Train Acc: 0.4062, Val Acc: 0.0480
Epoch [264/1000], Batch [160/201], Loss: 3.0671, Train Acc: 0.3281, Val Acc: 0.0560
Epoch [264/1000], Batch [170/201], Loss: 2.5425, Train Acc: 0.4062, Val Acc: 0.0440
Epoch [264/1000], Batch [180/201], Loss: 2.9004, Train Acc: 0.4062, Val Acc: 0.0560
Epoch [264/1000], Batch [190/201], Loss: 3.0052, Train Acc: 0.3750, Val Acc: 0.0520
Epoch [264/1000], Batch [200/201], Loss: 3.4869, Train Acc: 0.3438, Val Acc: 0.0600
Epoch [265/1000], Batch [10/201], Loss: 2.7207, Train Acc: 0.4219, Val Acc: 0.0520
Epoch [265/1000], Batch [20/201], Loss: 2.9812, Train Acc: 0.2656, Val Acc: 0.0560
Epoch [265/1000], Batch [30/201], Loss: 3.4647, Train Acc: 0.2500, Val Acc: 0.0520
Epoch [265/1000], Batch [40/201], Loss: 2.5614, Train Acc: 0.4844, Val Acc: 0.0520
Epoch [265/1000], Batch [50/201], Loss: 2.9248, Train Acc: 0.3750, Val Acc: 0.0480
Epoch [265/1000], Batch [60/201], Loss: 2.7421, Train Acc: 0.3594, Val Acc: 0.0520
Epoch [265/1000], Batch [70/201], Loss: 3.0700, Train Acc: 0.2969, Val Acc: 0.0440
Epoch [265/1000], Batch [80/201], Loss: 2.9287, Train Acc: 0.3281, Val Acc: 0.0480
Epoch [265/1000], Batch [90/201], Loss: 2.8914, Train Acc: 0.3281, Val Acc: 0.0520
Epoch [265/1000], Batch [100/201], Loss: 3.2263, Train Acc: 0.3594, Val Acc: 0.0520
Epoch [265/1000], Batch [110/201], Loss: 3.0944, Train Acc: 0.4062, Val Acc: 0.0600
Epoch [265/1000], Batch [120/201], Loss: 2.6179, Train Acc: 0.4375, Val Acc: 0.0520
Epoch [265/1000], Batch [130/201], Loss: 2.7030, Train Acc: 0.3906, Val Acc: 0.0520
Epoch [265/1000], Batch [140/201], Loss: 3.2336, Train Acc: 0.2188, Val Acc: 0.0480
Epoch [265/1000], Batch [150/201], Loss: 3.0866, Train Acc: 0.3125, Val Acc: 0.0480
Epoch [265/1000], Batch [160/201], Loss: 3.0518, Train Acc: 0.3281, Val Acc: 0.0600
Epoch [265/1000], Batch [170/201], Loss: 3.1328, Train Acc: 0.2656, Val Acc: 0.0520
Epoch [265/1000], Batch [180/201], Loss: 2.7465, Train Acc: 0.3125, Val Acc: 0.0600
Epoch [265/1000], Batch [190/201], Loss: 3.1475, Train Acc: 0.3125, Val Acc: 0.0440
Epoch [265/1000], Batch [200/201], Loss: 2.9928, Train Acc: 0.2812, Val Acc: 0.0520
Epoch [266/1000], Batch [10/201], Loss: 2.6891, Train Acc: 0.4531, Val Acc: 0.0480
Epoch [266/1000], Batch [20/201], Loss: 2.6713, Train Acc: 0.4375, Val Acc: 0.0560
Epoch [266/1000], Batch [30/201], Loss: 2.9434, Train Acc: 0.4375, Val Acc: 0.0440
Epoch [266/1000], Batch [40/201], Loss: 2.8627, Train Acc: 0.3750, Val Acc: 0.0400
Epoch [266/1000], Batch [50/201], Loss: 2.7658, Train Acc: 0.4688, Val Acc: 0.0560
Epoch [266/1000], Batch [60/201], Loss: 2.8856, Train Acc: 0.3750, Val Acc: 0.0480
Epoch [266/1000], Batch [70/201], Loss: 3.0247, Train Acc: 0.3281, Val Acc: 0.0440
Epoch [266/1000], Batch [80/201], Loss: 3.1840, Train Acc: 0.3125, Val Acc: 0.0600
Epoch [266/1000], Batch [90/201], Loss: 2.8232, Train Acc: 0.3438, Val Acc: 0.0520
Epoch [266/1000], Batch [100/201], Loss: 2.7280, Train Acc: 0.3906, Val Acc: 0.0560
Epoch [266/1000], Batch [110/201], Loss: 2.8640, Train Acc: 0.3906, Val Acc: 0.0520
Epoch [266/1000], Batch [120/201], Loss: 3.2099, Train Acc: 0.3438, Val Acc: 0.0520
Epoch [266/1000], Batch [130/201], Loss: 3.0746, Train Acc: 0.3281, Val Acc: 0.0560
Epoch [266/1000], Batch [140/201], Loss: 3.2016, Train Acc: 0.2500, Val Acc: 0.0520
Epoch [266/1000], Batch [150/201], Loss: 2.7647, Train Acc: 0.5469, Val Acc: 0.0600
Epoch [266/1000], Batch [160/201], Loss: 3.0232, Train Acc: 0.4062, Val Acc: 0.0560
Epoch [266/1000], Batch [170/201], Loss: 3.2815, Train Acc: 0.3594, Val Acc: 0.0560
Epoch [266/1000], Batch [180/201], Loss: 3.1823, Train Acc: 0.2969, Val Acc: 0.0560
Epoch [266/1000], Batch [190/201], Loss: 3.1947, Train Acc: 0.3125, Val Acc: 0.0520
Epoch [266/1000], Batch [200/201], Loss: 2.8290, Train Acc: 0.3438, Val Acc: 0.0560
Epoch [267/1000], Batch [10/201], Loss: 2.7396, Train Acc: 0.3594, Val Acc: 0.0600
Epoch [267/1000], Batch [20/201], Loss: 2.9142, Train Acc: 0.2969, Val Acc: 0.0560
Epoch [267/1000], Batch [30/201], Loss: 3.4447, Train Acc: 0.2812, Val Acc: 0.0560
Epoch [267/1000], Batch [40/201], Loss: 2.9541, Train Acc: 0.3594, Val Acc: 0.0560
Epoch [267/1000], Batch [50/201], Loss: 2.8660, Train Acc: 0.2500, Val Acc: 0.0480
Epoch [267/1000], Batch [60/201], Loss: 2.9304, Train Acc: 0.3281, Val Acc: 0.0560
Epoch [267/1000], Batch [70/201], Loss: 2.7911, Train Acc: 0.3438, Val Acc: 0.0520
Epoch [267/1000], Batch [80/201], Loss: 2.8795, Train Acc: 0.3750, Val Acc: 0.0520
Epoch [267/1000], Batch [90/201], Loss: 2.7877, Train Acc: 0.4219, Val Acc: 0.0520
Epoch [267/1000], Batch [100/201], Loss: 2.8709, Train Acc: 0.3281, Val Acc: 0.0560
Epoch [267/1000], Batch [110/201], Loss: 2.9606, Train Acc: 0.3438, Val Acc: 0.0520
Epoch [267/1000], Batch [120/201], Loss: 2.6025, Train Acc: 0.4531, Val Acc: 0.0480
Epoch [267/1000], Batch [130/201], Loss: 3.1930, Train Acc: 0.2969, Val Acc: 0.0560
Epoch [267/1000], Batch [140/201], Loss: 3.1556, Train Acc: 0.3906, Val Acc: 0.0400
Epoch [267/1000], Batch [150/201], Loss: 2.8723, Train Acc: 0.3594, Val Acc: 0.0440
Epoch [267/1000], Batch [160/201], Loss: 2.6726, Train Acc: 0.4531, Val Acc: 0.0480
Epoch [267/1000], Batch [170/201], Loss: 3.0832, Train Acc: 0.3125, Val Acc: 0.0480
Epoch [267/1000], Batch [180/201], Loss: 2.6107, Train Acc: 0.4062, Val Acc: 0.0600
Epoch [267/1000], Batch [190/201], Loss: 3.1493, Train Acc: 0.3281, Val Acc: 0.0520
Epoch [267/1000], Batch [200/201], Loss: 2.8638, Train Acc: 0.3125, Val Acc: 0.0440
Epoch [268/1000], Batch [10/201], Loss: 2.5982, Train Acc: 0.4219, Val Acc: 0.0480
Epoch [268/1000], Batch [20/201], Loss: 2.9375, Train Acc: 0.3438, Val Acc: 0.0480
Epoch [268/1000], Batch [30/201], Loss: 2.9080, Train Acc: 0.4062, Val Acc: 0.0520
Epoch [268/1000], Batch [40/201], Loss: 3.0097, Train Acc: 0.3594, Val Acc: 0.0560
Epoch [268/1000], Batch [50/201], Loss: 2.7035, Train Acc: 0.5000, Val Acc: 0.0440
Epoch [268/1000], Batch [60/201], Loss: 2.7038, Train Acc: 0.4531, Val Acc: 0.0520
Epoch [268/1000], Batch [70/201], Loss: 3.0102, Train Acc: 0.2656, Val Acc: 0.0520
Epoch [268/1000], Batch [80/201], Loss: 2.8064, Train Acc: 0.3438, Val Acc: 0.0520
Epoch [268/1000], Batch [90/201], Loss: 2.6067, Train Acc: 0.4062, Val Acc: 0.0560
Epoch [268/1000], Batch [100/201], Loss: 2.6979, Train Acc: 0.4688, Val Acc: 0.0480
Epoch [268/1000], Batch [110/201], Loss: 3.0876, Train Acc: 0.2969, Val Acc: 0.0480
Epoch [268/1000], Batch [120/201], Loss: 3.1540, Train Acc: 0.2344, Val Acc: 0.0560
Epoch [268/1000], Batch [130/201], Loss: 3.3651, Train Acc: 0.1719, Val Acc: 0.0520
Epoch [268/1000], Batch [140/201], Loss: 3.1258, Train Acc: 0.2969, Val Acc: 0.0560
Epoch [268/1000], Batch [150/201], Loss: 2.8281, Train Acc: 0.3594, Val Acc: 0.0520
Epoch [268/1000], Batch [160/201], Loss: 2.9100, Train Acc: 0.2500, Val Acc: 0.0520
Epoch [268/1000], Batch [170/201], Loss: 3.2134, Train Acc: 0.2969, Val Acc: 0.0480
Epoch [268/1000], Batch [180/201], Loss: 3.1072, Train Acc: 0.3594, Val Acc: 0.0480
Epoch [268/1000], Batch [190/201], Loss: 2.6333, Train Acc: 0.3750, Val Acc: 0.0560
Epoch [268/1000], Batch [200/201], Loss: 2.9179, Train Acc: 0.3750, Val Acc: 0.0480
Epoch [269/1000], Batch [10/201], Loss: 2.4520, Train Acc: 0.4375, Val Acc: 0.0520
Epoch [269/1000], Batch [20/201], Loss: 3.2181, Train Acc: 0.3281, Val Acc: 0.0560
Epoch [269/1000], Batch [30/201], Loss: 3.0862, Train Acc: 0.3594, Val Acc: 0.0560
Epoch [269/1000], Batch [40/201], Loss: 2.7305, Train Acc: 0.4062, Val Acc: 0.0600
Epoch [269/1000], Batch [50/201], Loss: 2.8728, Train Acc: 0.3281, Val Acc: 0.0520
Epoch [269/1000], Batch [60/201], Loss: 3.0323, Train Acc: 0.3594, Val Acc: 0.0360
Epoch [269/1000], Batch [70/201], Loss: 3.1992, Train Acc: 0.2656, Val Acc: 0.0480
Epoch [269/1000], Batch [80/201], Loss: 2.8093, Train Acc: 0.4375, Val Acc: 0.0480
Epoch [269/1000], Batch [90/201], Loss: 3.0924, Train Acc: 0.3281, Val Acc: 0.0560
Epoch [269/1000], Batch [100/201], Loss: 3.2330, Train Acc: 0.3750, Val Acc: 0.0440
Epoch [269/1000], Batch [110/201], Loss: 2.9060, Train Acc: 0.4375, Val Acc: 0.0480
Epoch [269/1000], Batch [120/201], Loss: 3.0906, Train Acc: 0.2656, Val Acc: 0.0480
Epoch [269/1000], Batch [130/201], Loss: 2.9133, Train Acc: 0.3594, Val Acc: 0.0440
Epoch [269/1000], Batch [140/201], Loss: 3.0786, Train Acc: 0.3906, Val Acc: 0.0480
Epoch [269/1000], Batch [150/201], Loss: 2.9232, Train Acc: 0.2031, Val Acc: 0.0480
Epoch [269/1000], Batch [160/201], Loss: 2.7140, Train Acc: 0.4062, Val Acc: 0.0480
Epoch [269/1000], Batch [170/201], Loss: 2.9667, Train Acc: 0.3438, Val Acc: 0.0480
Epoch [269/1000], Batch [180/201], Loss: 3.3273, Train Acc: 0.2656, Val Acc: 0.0560
Epoch [269/1000], Batch [190/201], Loss: 2.8678, Train Acc: 0.4062, Val Acc: 0.0560
Epoch [269/1000], Batch [200/201], Loss: 2.7346, Train Acc: 0.4844, Val Acc: 0.0560
Epoch [270/1000], Batch [10/201], Loss: 2.6510, Train Acc: 0.4219, Val Acc: 0.0480
Epoch [270/1000], Batch [20/201], Loss: 2.9726, Train Acc: 0.3438, Val Acc: 0.0440
Epoch [270/1000], Batch [30/201], Loss: 3.2787, Train Acc: 0.2969, Val Acc: 0.0440
Epoch [270/1000], Batch [40/201], Loss: 2.7654, Train Acc: 0.3750, Val Acc: 0.0360
Epoch [270/1000], Batch [50/201], Loss: 2.8206, Train Acc: 0.4062, Val Acc: 0.0560
Epoch [270/1000], Batch [60/201], Loss: 3.2023, Train Acc: 0.2969, Val Acc: 0.0600
Epoch [270/1000], Batch [70/201], Loss: 3.0541, Train Acc: 0.3281, Val Acc: 0.0600
Epoch [270/1000], Batch [80/201], Loss: 2.8305, Train Acc: 0.3281, Val Acc: 0.0600
Epoch [270/1000], Batch [90/201], Loss: 2.7407, Train Acc: 0.3750, Val Acc: 0.0560
Epoch [270/1000], Batch [100/201], Loss: 3.1731, Train Acc: 0.2500, Val Acc: 0.0600
Epoch [270/1000], Batch [110/201], Loss: 2.8447, Train Acc: 0.3750, Val Acc: 0.0600
Epoch [270/1000], Batch [120/201], Loss: 2.8629, Train Acc: 0.3906, Val Acc: 0.0440
Epoch [270/1000], Batch [130/201], Loss: 2.3093, Train Acc: 0.5156, Val Acc: 0.0520
Epoch [270/1000], Batch [140/201], Loss: 2.7983, Train Acc: 0.4375, Val Acc: 0.0480
Epoch [270/1000], Batch [150/201], Loss: 2.6478, Train Acc: 0.4219, Val Acc: 0.0480
Epoch [270/1000], Batch [160/201], Loss: 3.1476, Train Acc: 0.2969, Val Acc: 0.0480
Epoch [270/1000], Batch [170/201], Loss: 2.9949, Train Acc: 0.3281, Val Acc: 0.0400
Epoch [270/1000], Batch [180/201], Loss: 3.2725, Train Acc: 0.2500, Val Acc: 0.0480
Epoch [270/1000], Batch [190/201], Loss: 3.0816, Train Acc: 0.2969, Val Acc: 0.0440
Epoch [270/1000], Batch [200/201], Loss: 2.6146, Train Acc: 0.3906, Val Acc: 0.0480
Epoch [271/1000], Batch [10/201], Loss: 2.7216, Train Acc: 0.3906, Val Acc: 0.0360
Epoch [271/1000], Batch [20/201], Loss: 3.2940, Train Acc: 0.2656, Val Acc: 0.0560
Epoch [271/1000], Batch [30/201], Loss: 3.1793, Train Acc: 0.3281, Val Acc: 0.0520
Epoch [271/1000], Batch [40/201], Loss: 3.0944, Train Acc: 0.3750, Val Acc: 0.0440
Epoch [271/1000], Batch [50/201], Loss: 3.0759, Train Acc: 0.3281, Val Acc: 0.0480
Epoch [271/1000], Batch [60/201], Loss: 3.2452, Train Acc: 0.3750, Val Acc: 0.0440
Epoch [271/1000], Batch [70/201], Loss: 2.8487, Train Acc: 0.4219, Val Acc: 0.0360
Epoch [271/1000], Batch [80/201], Loss: 2.6288, Train Acc: 0.4219, Val Acc: 0.0520
Epoch [271/1000], Batch [90/201], Loss: 2.8337, Train Acc: 0.4531, Val Acc: 0.0480
Epoch [271/1000], Batch [100/201], Loss: 3.2709, Train Acc: 0.2969, Val Acc: 0.0560
Epoch [271/1000], Batch [110/201], Loss: 3.1403, Train Acc: 0.3438, Val Acc: 0.0560
Epoch [271/1000], Batch [120/201], Loss: 2.7766, Train Acc: 0.3438, Val Acc: 0.0480
Epoch [271/1000], Batch [130/201], Loss: 2.5697, Train Acc: 0.4844, Val Acc: 0.0600
Epoch [271/1000], Batch [140/201], Loss: 2.9156, Train Acc: 0.3750, Val Acc: 0.0560
Epoch [271/1000], Batch [150/201], Loss: 2.9639, Train Acc: 0.4062, Val Acc: 0.0560
Epoch [271/1000], Batch [160/201], Loss: 2.8106, Train Acc: 0.4531, Val Acc: 0.0520
Epoch [271/1000], Batch [170/201], Loss: 3.2640, Train Acc: 0.2656, Val Acc: 0.0440
Epoch [271/1000], Batch [180/201], Loss: 3.0330, Train Acc: 0.3906, Val Acc: 0.0560
Epoch [271/1000], Batch [190/201], Loss: 2.9454, Train Acc: 0.3750, Val Acc: 0.0520
Epoch [271/1000], Batch [200/201], Loss: 2.9483, Train Acc: 0.3750, Val Acc: 0.0560
Epoch [272/1000], Batch [10/201], Loss: 2.8811, Train Acc: 0.4219, Val Acc: 0.0560
Epoch [272/1000], Batch [20/201], Loss: 3.0904, Train Acc: 0.3906, Val Acc: 0.0560
Epoch [272/1000], Batch [30/201], Loss: 3.0076, Train Acc: 0.3438, Val Acc: 0.0520
Epoch [272/1000], Batch [40/201], Loss: 3.0674, Train Acc: 0.3438, Val Acc: 0.0520
Epoch [272/1000], Batch [50/201], Loss: 2.9109, Train Acc: 0.3125, Val Acc: 0.0360
Epoch [272/1000], Batch [60/201], Loss: 3.0046, Train Acc: 0.3750, Val Acc: 0.0480
Epoch [272/1000], Batch [70/201], Loss: 2.7017, Train Acc: 0.4688, Val Acc: 0.0480
Epoch [272/1000], Batch [80/201], Loss: 2.4375, Train Acc: 0.4375, Val Acc: 0.0520
Epoch [272/1000], Batch [90/201], Loss: 3.1065, Train Acc: 0.3125, Val Acc: 0.0320
Epoch [272/1000], Batch [100/201], Loss: 3.0981, Train Acc: 0.2656, Val Acc: 0.0520
Epoch [272/1000], Batch [110/201], Loss: 2.7365, Train Acc: 0.4062, Val Acc: 0.0520
Epoch [272/1000], Batch [120/201], Loss: 3.2538, Train Acc: 0.2344, Val Acc: 0.0560
Epoch [272/1000], Batch [130/201], Loss: 2.9145, Train Acc: 0.4062, Val Acc: 0.0600
Epoch [272/1000], Batch [140/201], Loss: 2.8559, Train Acc: 0.3906, Val Acc: 0.0480
Epoch [272/1000], Batch [150/201], Loss: 3.1828, Train Acc: 0.3281, Val Acc: 0.0480
Epoch [272/1000], Batch [160/201], Loss: 3.4391, Train Acc: 0.2812, Val Acc: 0.0440
Epoch [272/1000], Batch [170/201], Loss: 3.1711, Train Acc: 0.3906, Val Acc: 0.0440
Epoch [272/1000], Batch [180/201], Loss: 2.8072, Train Acc: 0.3438, Val Acc: 0.0440
Epoch [272/1000], Batch [190/201], Loss: 2.8282, Train Acc: 0.3594, Val Acc: 0.0520
Epoch [272/1000], Batch [200/201], Loss: 3.3775, Train Acc: 0.2969, Val Acc: 0.0480
Epoch [273/1000], Batch [10/201], Loss: 2.9611, Train Acc: 0.3750, Val Acc: 0.0520
Epoch [273/1000], Batch [20/201], Loss: 2.9746, Train Acc: 0.3125, Val Acc: 0.0440
Epoch [273/1000], Batch [30/201], Loss: 3.1280, Train Acc: 0.4375, Val Acc: 0.0480
Epoch [273/1000], Batch [40/201], Loss: 3.1212, Train Acc: 0.3125, Val Acc: 0.0520
Epoch [273/1000], Batch [50/201], Loss: 3.1251, Train Acc: 0.3125, Val Acc: 0.0520
Epoch [273/1000], Batch [60/201], Loss: 2.5578, Train Acc: 0.4688, Val Acc: 0.0440
Epoch [273/1000], Batch [70/201], Loss: 3.0574, Train Acc: 0.3281, Val Acc: 0.0520
Epoch [273/1000], Batch [80/201], Loss: 2.8240, Train Acc: 0.4062, Val Acc: 0.0520
Epoch [273/1000], Batch [90/201], Loss: 2.7662, Train Acc: 0.3594, Val Acc: 0.0600
Epoch [273/1000], Batch [100/201], Loss: 2.9801, Train Acc: 0.2812, Val Acc: 0.0600
Epoch [273/1000], Batch [110/201], Loss: 2.8016, Train Acc: 0.3594, Val Acc: 0.0600
Epoch [273/1000], Batch [120/201], Loss: 2.9563, Train Acc: 0.2969, Val Acc: 0.0480
Epoch [273/1000], Batch [130/201], Loss: 2.6275, Train Acc: 0.3750, Val Acc: 0.0400
Epoch [273/1000], Batch [140/201], Loss: 2.8072, Train Acc: 0.4375, Val Acc: 0.0560
Epoch [273/1000], Batch [150/201], Loss: 3.0528, Train Acc: 0.3750, Val Acc: 0.0480
Epoch [273/1000], Batch [160/201], Loss: 2.8210, Train Acc: 0.4062, Val Acc: 0.0400
Epoch [273/1000], Batch [170/201], Loss: 3.1936, Train Acc: 0.2969, Val Acc: 0.0400
Epoch [273/1000], Batch [180/201], Loss: 3.2670, Train Acc: 0.3594, Val Acc: 0.0480
Epoch [273/1000], Batch [190/201], Loss: 2.8198, Train Acc: 0.4375, Val Acc: 0.0480
Epoch [273/1000], Batch [200/201], Loss: 2.8744, Train Acc: 0.3281, Val Acc: 0.0520
Epoch [274/1000], Batch [10/201], Loss: 3.1131, Train Acc: 0.3281, Val Acc: 0.0600
Epoch [274/1000], Batch [20/201], Loss: 2.9090, Train Acc: 0.3750, Val Acc: 0.0560
Epoch [274/1000], Batch [30/201], Loss: 2.9415, Train Acc: 0.3906, Val Acc: 0.0480
Epoch [274/1000], Batch [40/201], Loss: 3.3139, Train Acc: 0.2969, Val Acc: 0.0400
Epoch [274/1000], Batch [50/201], Loss: 2.7199, Train Acc: 0.5000, Val Acc: 0.0440
Epoch [274/1000], Batch [60/201], Loss: 2.8469, Train Acc: 0.3906, Val Acc: 0.0560
Epoch [274/1000], Batch [70/201], Loss: 2.9324, Train Acc: 0.3281, Val Acc: 0.0520
Epoch [274/1000], Batch [80/201], Loss: 2.6701, Train Acc: 0.3281, Val Acc: 0.0600
Epoch [274/1000], Batch [90/201], Loss: 3.1025, Train Acc: 0.4531, Val Acc: 0.0520
Epoch [274/1000], Batch [100/201], Loss: 2.8883, Train Acc: 0.3594, Val Acc: 0.0520
Epoch [274/1000], Batch [110/201], Loss: 3.2446, Train Acc: 0.3594, Val Acc: 0.0480
Epoch [274/1000], Batch [120/201], Loss: 2.9911, Train Acc: 0.3594, Val Acc: 0.0480
Epoch [274/1000], Batch [130/201], Loss: 2.7005, Train Acc: 0.3438, Val Acc: 0.0480
Epoch [274/1000], Batch [140/201], Loss: 2.8122, Train Acc: 0.3750, Val Acc: 0.0400
Epoch [274/1000], Batch [150/201], Loss: 2.8076, Train Acc: 0.4062, Val Acc: 0.0480
Epoch [274/1000], Batch [160/201], Loss: 3.0518, Train Acc: 0.3125, Val Acc: 0.0520
Epoch [274/1000], Batch [170/201], Loss: 3.0769, Train Acc: 0.2969, Val Acc: 0.0520
Epoch [274/1000], Batch [180/201], Loss: 2.6671, Train Acc: 0.3906, Val Acc: 0.0400
Epoch [274/1000], Batch [190/201], Loss: 2.9443, Train Acc: 0.3438, Val Acc: 0.0360
Epoch [274/1000], Batch [200/201], Loss: 2.8086, Train Acc: 0.4062, Val Acc: 0.0400
Epoch [275/1000], Batch [10/201], Loss: 2.6234, Train Acc: 0.3750, Val Acc: 0.0520
Epoch [275/1000], Batch [20/201], Loss: 3.1640, Train Acc: 0.3594, Val Acc: 0.0520
Epoch [275/1000], Batch [30/201], Loss: 3.2904, Train Acc: 0.3125, Val Acc: 0.0480
Epoch [275/1000], Batch [40/201], Loss: 2.9979, Train Acc: 0.3906, Val Acc: 0.0440
Epoch [275/1000], Batch [50/201], Loss: 3.0764, Train Acc: 0.3438, Val Acc: 0.0520
Epoch [275/1000], Batch [60/201], Loss: 2.7838, Train Acc: 0.3750, Val Acc: 0.0520
Epoch [275/1000], Batch [70/201], Loss: 2.8090, Train Acc: 0.3594, Val Acc: 0.0560
Epoch [275/1000], Batch [80/201], Loss: 2.9552, Train Acc: 0.4062, Val Acc: 0.0520
Epoch [275/1000], Batch [90/201], Loss: 3.2597, Train Acc: 0.2969, Val Acc: 0.0480
Epoch [275/1000], Batch [100/201], Loss: 2.7942, Train Acc: 0.3906, Val Acc: 0.0400
Epoch [275/1000], Batch [110/201], Loss: 3.4286, Train Acc: 0.3125, Val Acc: 0.0480
Epoch [275/1000], Batch [120/201], Loss: 2.9260, Train Acc: 0.3750, Val Acc: 0.0440
Epoch [275/1000], Batch [130/201], Loss: 3.0584, Train Acc: 0.3594, Val Acc: 0.0520
Epoch [275/1000], Batch [140/201], Loss: 2.8815, Train Acc: 0.3750, Val Acc: 0.0440
Epoch [275/1000], Batch [150/201], Loss: 2.8460, Train Acc: 0.3906, Val Acc: 0.0520
Epoch [275/1000], Batch [160/201], Loss: 3.0396, Train Acc: 0.3281, Val Acc: 0.0480
Epoch [275/1000], Batch [170/201], Loss: 3.3547, Train Acc: 0.2969, Val Acc: 0.0520
Epoch [275/1000], Batch [180/201], Loss: 2.6050, Train Acc: 0.3750, Val Acc: 0.0560
Epoch [275/1000], Batch [190/201], Loss: 2.7739, Train Acc: 0.3281, Val Acc: 0.0600
Epoch [275/1000], Batch [200/201], Loss: 3.0120, Train Acc: 0.3281, Val Acc: 0.0560
Epoch [276/1000], Batch [10/201], Loss: 2.8060, Train Acc: 0.3906, Val Acc: 0.0480
Epoch [276/1000], Batch [20/201], Loss: 3.2014, Train Acc: 0.3125, Val Acc: 0.0520
Epoch [276/1000], Batch [30/201], Loss: 2.9604, Train Acc: 0.3750, Val Acc: 0.0400
Epoch [276/1000], Batch [40/201], Loss: 2.9800, Train Acc: 0.3906, Val Acc: 0.0440
Epoch [276/1000], Batch [50/201], Loss: 2.7219, Train Acc: 0.3750, Val Acc: 0.0520
Epoch [276/1000], Batch [60/201], Loss: 2.8904, Train Acc: 0.4062, Val Acc: 0.0440
Epoch [276/1000], Batch [70/201], Loss: 2.7793, Train Acc: 0.3125, Val Acc: 0.0520
Epoch [276/1000], Batch [80/201], Loss: 3.1543, Train Acc: 0.3125, Val Acc: 0.0520
Epoch [276/1000], Batch [90/201], Loss: 2.6462, Train Acc: 0.4531, Val Acc: 0.0480
Epoch [276/1000], Batch [100/201], Loss: 2.8980, Train Acc: 0.2969, Val Acc: 0.0480
Epoch [276/1000], Batch [110/201], Loss: 2.8912, Train Acc: 0.4219, Val Acc: 0.0440
Epoch [276/1000], Batch [120/201], Loss: 2.9294, Train Acc: 0.3281, Val Acc: 0.0480
Epoch [276/1000], Batch [130/201], Loss: 2.9183, Train Acc: 0.3281, Val Acc: 0.0560
Epoch [276/1000], Batch [140/201], Loss: 2.8559, Train Acc: 0.3594, Val Acc: 0.0560
Epoch [276/1000], Batch [150/201], Loss: 3.5420, Train Acc: 0.2500, Val Acc: 0.0560
Epoch [276/1000], Batch [160/201], Loss: 3.3943, Train Acc: 0.2969, Val Acc: 0.0560
Epoch [276/1000], Batch [170/201], Loss: 3.0390, Train Acc: 0.3281, Val Acc: 0.0520
Epoch [276/1000], Batch [180/201], Loss: 2.6660, Train Acc: 0.4375, Val Acc: 0.0560
Epoch [276/1000], Batch [190/201], Loss: 2.9374, Train Acc: 0.4062, Val Acc: 0.0480
Epoch [276/1000], Batch [200/201], Loss: 2.8069, Train Acc: 0.4062, Val Acc: 0.0520
Epoch [277/1000], Batch [10/201], Loss: 3.1065, Train Acc: 0.3125, Val Acc: 0.0480
Epoch [277/1000], Batch [20/201], Loss: 3.2734, Train Acc: 0.2656, Val Acc: 0.0480
Epoch [277/1000], Batch [30/201], Loss: 2.8533, Train Acc: 0.4531, Val Acc: 0.0520
Epoch [277/1000], Batch [40/201], Loss: 2.9917, Train Acc: 0.4375, Val Acc: 0.0560
Epoch [277/1000], Batch [50/201], Loss: 2.9492, Train Acc: 0.2812, Val Acc: 0.0480
Epoch [277/1000], Batch [60/201], Loss: 3.0227, Train Acc: 0.3594, Val Acc: 0.0600
Epoch [277/1000], Batch [70/201], Loss: 2.8618, Train Acc: 0.4219, Val Acc: 0.0480
Epoch [277/1000], Batch [80/201], Loss: 2.9243, Train Acc: 0.3125, Val Acc: 0.0560
Epoch [277/1000], Batch [90/201], Loss: 2.8335, Train Acc: 0.4062, Val Acc: 0.0560
Epoch [277/1000], Batch [100/201], Loss: 2.9214, Train Acc: 0.2969, Val Acc: 0.0520
Epoch [277/1000], Batch [110/201], Loss: 2.9406, Train Acc: 0.3281, Val Acc: 0.0520
Epoch [277/1000], Batch [120/201], Loss: 2.8829, Train Acc: 0.3906, Val Acc: 0.0360
Epoch [277/1000], Batch [130/201], Loss: 3.1102, Train Acc: 0.3125, Val Acc: 0.0440
Epoch [277/1000], Batch [140/201], Loss: 2.8829, Train Acc: 0.3438, Val Acc: 0.0520
Epoch [277/1000], Batch [150/201], Loss: 3.1309, Train Acc: 0.3906, Val Acc: 0.0520
Epoch [277/1000], Batch [160/201], Loss: 2.8307, Train Acc: 0.3438, Val Acc: 0.0480
Epoch [277/1000], Batch [170/201], Loss: 2.8669, Train Acc: 0.3594, Val Acc: 0.0440
Epoch [277/1000], Batch [180/201], Loss: 3.1153, Train Acc: 0.3125, Val Acc: 0.0560
Epoch [277/1000], Batch [190/201], Loss: 3.0727, Train Acc: 0.4219, Val Acc: 0.0480
Epoch [277/1000], Batch [200/201], Loss: 2.9182, Train Acc: 0.3906, Val Acc: 0.0600
Epoch [278/1000], Batch [10/201], Loss: 2.8772, Train Acc: 0.3594, Val Acc: 0.0600
Epoch [278/1000], Batch [20/201], Loss: 2.7095, Train Acc: 0.4531, Val Acc: 0.0560
Epoch [278/1000], Batch [30/201], Loss: 3.1842, Train Acc: 0.3594, Val Acc: 0.0560
Epoch [278/1000], Batch [40/201], Loss: 3.0755, Train Acc: 0.3594, Val Acc: 0.0520
Epoch [278/1000], Batch [50/201], Loss: 2.9676, Train Acc: 0.2969, Val Acc: 0.0440
Epoch [278/1000], Batch [60/201], Loss: 2.9408, Train Acc: 0.2812, Val Acc: 0.0520
Epoch [278/1000], Batch [70/201], Loss: 2.7712, Train Acc: 0.4219, Val Acc: 0.0400
Epoch [278/1000], Batch [80/201], Loss: 2.8871, Train Acc: 0.3281, Val Acc: 0.0440
Epoch [278/1000], Batch [90/201], Loss: 2.8802, Train Acc: 0.4219, Val Acc: 0.0520
Epoch [278/1000], Batch [100/201], Loss: 3.2050, Train Acc: 0.2500, Val Acc: 0.0560
Epoch [278/1000], Batch [110/201], Loss: 2.9199, Train Acc: 0.3438, Val Acc: 0.0520
Epoch [278/1000], Batch [120/201], Loss: 2.7693, Train Acc: 0.4062, Val Acc: 0.0520
Epoch [278/1000], Batch [130/201], Loss: 2.7155, Train Acc: 0.3750, Val Acc: 0.0400
Epoch [278/1000], Batch [140/201], Loss: 2.5256, Train Acc: 0.4062, Val Acc: 0.0400
Epoch [278/1000], Batch [150/201], Loss: 2.8651, Train Acc: 0.4375, Val Acc: 0.0440
Epoch [278/1000], Batch [160/201], Loss: 3.4568, Train Acc: 0.2500, Val Acc: 0.0440
Epoch [278/1000], Batch [170/201], Loss: 3.1620, Train Acc: 0.3906, Val Acc: 0.0560
Epoch [278/1000], Batch [180/201], Loss: 2.7866, Train Acc: 0.3750, Val Acc: 0.0600
Epoch [278/1000], Batch [190/201], Loss: 2.5051, Train Acc: 0.4844, Val Acc: 0.0480
Epoch [278/1000], Batch [200/201], Loss: 3.1629, Train Acc: 0.3281, Val Acc: 0.0520
Epoch [279/1000], Batch [10/201], Loss: 2.9926, Train Acc: 0.3438, Val Acc: 0.0440
Epoch [279/1000], Batch [20/201], Loss: 3.0154, Train Acc: 0.3438, Val Acc: 0.0480
Epoch [279/1000], Batch [30/201], Loss: 3.1057, Train Acc: 0.3750, Val Acc: 0.0560
Epoch [279/1000], Batch [40/201], Loss: 2.8045, Train Acc: 0.4219, Val Acc: 0.0560
Epoch [279/1000], Batch [50/201], Loss: 3.0279, Train Acc: 0.2969, Val Acc: 0.0400
Epoch [279/1000], Batch [60/201], Loss: 2.8197, Train Acc: 0.3594, Val Acc: 0.0480
Epoch [279/1000], Batch [70/201], Loss: 3.2460, Train Acc: 0.2656, Val Acc: 0.0560
Epoch [279/1000], Batch [80/201], Loss: 2.9239, Train Acc: 0.4375, Val Acc: 0.0560
Epoch [279/1000], Batch [90/201], Loss: 3.0058, Train Acc: 0.3594, Val Acc: 0.0520
Epoch [279/1000], Batch [100/201], Loss: 3.1055, Train Acc: 0.3594, Val Acc: 0.0560
Epoch [279/1000], Batch [110/201], Loss: 3.0460, Train Acc: 0.3438, Val Acc: 0.0560
Epoch [279/1000], Batch [120/201], Loss: 3.2320, Train Acc: 0.3594, Val Acc: 0.0520
Epoch [279/1000], Batch [130/201], Loss: 2.5968, Train Acc: 0.5156, Val Acc: 0.0560
Epoch [279/1000], Batch [140/201], Loss: 2.4988, Train Acc: 0.4688, Val Acc: 0.0560
Epoch [279/1000], Batch [150/201], Loss: 3.2474, Train Acc: 0.3281, Val Acc: 0.0440
Epoch [279/1000], Batch [160/201], Loss: 3.0960, Train Acc: 0.3125, Val Acc: 0.0520
Epoch [279/1000], Batch [170/201], Loss: 2.6930, Train Acc: 0.3906, Val Acc: 0.0440
Epoch [279/1000], Batch [180/201], Loss: 2.8889, Train Acc: 0.4531, Val Acc: 0.0480
Epoch [279/1000], Batch [190/201], Loss: 2.7540, Train Acc: 0.4531, Val Acc: 0.0400
Epoch [279/1000], Batch [200/201], Loss: 2.7673, Train Acc: 0.3281, Val Acc: 0.0360
Epoch [280/1000], Batch [10/201], Loss: 3.0202, Train Acc: 0.3750, Val Acc: 0.0520
Epoch [280/1000], Batch [20/201], Loss: 3.4842, Train Acc: 0.2656, Val Acc: 0.0520
Epoch [280/1000], Batch [30/201], Loss: 2.8719, Train Acc: 0.3594, Val Acc: 0.0520
Epoch [280/1000], Batch [40/201], Loss: 2.8424, Train Acc: 0.3906, Val Acc: 0.0600
Epoch [280/1000], Batch [50/201], Loss: 3.2013, Train Acc: 0.2812, Val Acc: 0.0440
Epoch [280/1000], Batch [60/201], Loss: 3.3498, Train Acc: 0.3125, Val Acc: 0.0520
Epoch [280/1000], Batch [70/201], Loss: 2.8830, Train Acc: 0.3281, Val Acc: 0.0560
Epoch [280/1000], Batch [80/201], Loss: 2.8602, Train Acc: 0.3750, Val Acc: 0.0480
Epoch [280/1000], Batch [90/201], Loss: 2.6775, Train Acc: 0.3594, Val Acc: 0.0520
Epoch [280/1000], Batch [100/201], Loss: 2.6115, Train Acc: 0.3594, Val Acc: 0.0440
Epoch [280/1000], Batch [110/201], Loss: 2.5957, Train Acc: 0.3750, Val Acc: 0.0480
Epoch [280/1000], Batch [120/201], Loss: 2.8060, Train Acc: 0.3438, Val Acc: 0.0520
Epoch [280/1000], Batch [130/201], Loss: 3.0045, Train Acc: 0.2656, Val Acc: 0.0520
Epoch [280/1000], Batch [140/201], Loss: 2.8552, Train Acc: 0.4062, Val Acc: 0.0480
Epoch [280/1000], Batch [150/201], Loss: 2.9378, Train Acc: 0.3281, Val Acc: 0.0480
Epoch [280/1000], Batch [160/201], Loss: 2.5781, Train Acc: 0.4531, Val Acc: 0.0480
Epoch [280/1000], Batch [170/201], Loss: 2.4341, Train Acc: 0.4688, Val Acc: 0.0400
Epoch [280/1000], Batch [180/201], Loss: 2.8833, Train Acc: 0.3438, Val Acc: 0.0560
Epoch [280/1000], Batch [190/201], Loss: 3.4076, Train Acc: 0.3594, Val Acc: 0.0560
Epoch [280/1000], Batch [200/201], Loss: 2.9764, Train Acc: 0.2969, Val Acc: 0.0560
Epoch [281/1000], Batch [10/201], Loss: 2.9077, Train Acc: 0.3750, Val Acc: 0.0560
Epoch [281/1000], Batch [20/201], Loss: 2.4470, Train Acc: 0.5000, Val Acc: 0.0520
Epoch [281/1000], Batch [30/201], Loss: 2.7353, Train Acc: 0.3594, Val Acc: 0.0440
Epoch [281/1000], Batch [40/201], Loss: 2.5831, Train Acc: 0.5000, Val Acc: 0.0520
Epoch [281/1000], Batch [50/201], Loss: 2.7697, Train Acc: 0.4531, Val Acc: 0.0520
Epoch [281/1000], Batch [60/201], Loss: 2.5863, Train Acc: 0.4531, Val Acc: 0.0440
Epoch [281/1000], Batch [70/201], Loss: 3.3312, Train Acc: 0.2500, Val Acc: 0.0480
Epoch [281/1000], Batch [80/201], Loss: 2.8289, Train Acc: 0.4062, Val Acc: 0.0560
Epoch [281/1000], Batch [90/201], Loss: 2.9375, Train Acc: 0.4219, Val Acc: 0.0520
Epoch [281/1000], Batch [100/201], Loss: 3.3608, Train Acc: 0.3125, Val Acc: 0.0600
Epoch [281/1000], Batch [110/201], Loss: 2.8644, Train Acc: 0.4375, Val Acc: 0.0480
Epoch [281/1000], Batch [120/201], Loss: 3.0520, Train Acc: 0.3438, Val Acc: 0.0560
Epoch [281/1000], Batch [130/201], Loss: 3.0499, Train Acc: 0.2969, Val Acc: 0.0560
Epoch [281/1000], Batch [140/201], Loss: 3.1036, Train Acc: 0.3125, Val Acc: 0.0440
Epoch [281/1000], Batch [150/201], Loss: 2.7043, Train Acc: 0.4219, Val Acc: 0.0520
Epoch [281/1000], Batch [160/201], Loss: 2.8899, Train Acc: 0.3750, Val Acc: 0.0560
Epoch [281/1000], Batch [170/201], Loss: 3.1354, Train Acc: 0.2188, Val Acc: 0.0440
Epoch [281/1000], Batch [180/201], Loss: 3.0173, Train Acc: 0.3125, Val Acc: 0.0400
Epoch [281/1000], Batch [190/201], Loss: 2.6793, Train Acc: 0.3594, Val Acc: 0.0440
Epoch [281/1000], Batch [200/201], Loss: 2.7000, Train Acc: 0.4062, Val Acc: 0.0480
Epoch [282/1000], Batch [10/201], Loss: 3.2832, Train Acc: 0.3750, Val Acc: 0.0480
Epoch [282/1000], Batch [20/201], Loss: 2.9337, Train Acc: 0.3281, Val Acc: 0.0480
Epoch [282/1000], Batch [30/201], Loss: 3.0953, Train Acc: 0.3281, Val Acc: 0.0560
Epoch [282/1000], Batch [40/201], Loss: 2.8408, Train Acc: 0.3438, Val Acc: 0.0480
Epoch [282/1000], Batch [50/201], Loss: 2.7470, Train Acc: 0.4531, Val Acc: 0.0560
Epoch [282/1000], Batch [60/201], Loss: 2.7806, Train Acc: 0.4375, Val Acc: 0.0480
Epoch [282/1000], Batch [70/201], Loss: 2.4595, Train Acc: 0.4375, Val Acc: 0.0480
Epoch [282/1000], Batch [80/201], Loss: 2.8615, Train Acc: 0.4531, Val Acc: 0.0520
Epoch [282/1000], Batch [90/201], Loss: 2.9131, Train Acc: 0.3125, Val Acc: 0.0480
Epoch [282/1000], Batch [100/201], Loss: 3.2902, Train Acc: 0.2656, Val Acc: 0.0520
Epoch [282/1000], Batch [110/201], Loss: 3.1257, Train Acc: 0.3438, Val Acc: 0.0480
Epoch [282/1000], Batch [120/201], Loss: 2.8050, Train Acc: 0.4219, Val Acc: 0.0520
Epoch [282/1000], Batch [130/201], Loss: 3.0171, Train Acc: 0.3281, Val Acc: 0.0520
Epoch [282/1000], Batch [140/201], Loss: 2.6615, Train Acc: 0.3438, Val Acc: 0.0440
Epoch [282/1000], Batch [150/201], Loss: 3.1090, Train Acc: 0.3281, Val Acc: 0.0520
Epoch [282/1000], Batch [160/201], Loss: 2.7380, Train Acc: 0.4531, Val Acc: 0.0600
Epoch [282/1000], Batch [170/201], Loss: 3.1318, Train Acc: 0.4062, Val Acc: 0.0480
Epoch [282/1000], Batch [180/201], Loss: 2.8607, Train Acc: 0.2656, Val Acc: 0.0480
Epoch [282/1000], Batch [190/201], Loss: 2.6556, Train Acc: 0.4531, Val Acc: 0.0520
Epoch [282/1000], Batch [200/201], Loss: 3.0147, Train Acc: 0.3906, Val Acc: 0.0560
Epoch [283/1000], Batch [10/201], Loss: 2.7283, Train Acc: 0.3438, Val Acc: 0.0600
Epoch [283/1000], Batch [20/201], Loss: 2.7467, Train Acc: 0.3594, Val Acc: 0.0480
Epoch [283/1000], Batch [30/201], Loss: 2.7883, Train Acc: 0.3281, Val Acc: 0.0520
Epoch [283/1000], Batch [40/201], Loss: 2.7742, Train Acc: 0.4062, Val Acc: 0.0400
Epoch [283/1000], Batch [50/201], Loss: 3.1385, Train Acc: 0.3125, Val Acc: 0.0560
Epoch [283/1000], Batch [60/201], Loss: 3.0932, Train Acc: 0.3594, Val Acc: 0.0520
Epoch [283/1000], Batch [70/201], Loss: 3.1242, Train Acc: 0.3906, Val Acc: 0.0440
Epoch [283/1000], Batch [80/201], Loss: 2.9798, Train Acc: 0.2656, Val Acc: 0.0440
Epoch [283/1000], Batch [90/201], Loss: 2.8092, Train Acc: 0.4375, Val Acc: 0.0440
Epoch [283/1000], Batch [100/201], Loss: 2.3696, Train Acc: 0.5000, Val Acc: 0.0600
Epoch [283/1000], Batch [110/201], Loss: 2.8593, Train Acc: 0.2969, Val Acc: 0.0560
Epoch [283/1000], Batch [120/201], Loss: 3.1250, Train Acc: 0.3594, Val Acc: 0.0560
Epoch [283/1000], Batch [130/201], Loss: 3.2959, Train Acc: 0.2812, Val Acc: 0.0360
Epoch [283/1000], Batch [140/201], Loss: 3.2376, Train Acc: 0.2969, Val Acc: 0.0480
Epoch [283/1000], Batch [150/201], Loss: 2.8267, Train Acc: 0.2812, Val Acc: 0.0560
Epoch [283/1000], Batch [160/201], Loss: 2.8841, Train Acc: 0.3125, Val Acc: 0.0520
Epoch [283/1000], Batch [170/201], Loss: 3.0379, Train Acc: 0.3750, Val Acc: 0.0440
Epoch [283/1000], Batch [180/201], Loss: 3.0875, Train Acc: 0.3281, Val Acc: 0.0440
Epoch [283/1000], Batch [190/201], Loss: 2.4543, Train Acc: 0.5156, Val Acc: 0.0520
Epoch [283/1000], Batch [200/201], Loss: 2.8883, Train Acc: 0.4531, Val Acc: 0.0520
Epoch [284/1000], Batch [10/201], Loss: 2.7248, Train Acc: 0.3906, Val Acc: 0.0480
Epoch [284/1000], Batch [20/201], Loss: 2.7239, Train Acc: 0.3594, Val Acc: 0.0560
Epoch [284/1000], Batch [30/201], Loss: 2.6394, Train Acc: 0.3906, Val Acc: 0.0440
Epoch [284/1000], Batch [40/201], Loss: 3.2947, Train Acc: 0.3438, Val Acc: 0.0480
Epoch [284/1000], Batch [50/201], Loss: 3.1233, Train Acc: 0.2656, Val Acc: 0.0440
Epoch [284/1000], Batch [60/201], Loss: 2.6907, Train Acc: 0.4375, Val Acc: 0.0600
Epoch [284/1000], Batch [70/201], Loss: 2.7298, Train Acc: 0.4375, Val Acc: 0.0480
Epoch [284/1000], Batch [80/201], Loss: 2.9668, Train Acc: 0.3750, Val Acc: 0.0440
Epoch [284/1000], Batch [90/201], Loss: 3.0848, Train Acc: 0.2656, Val Acc: 0.0520
Epoch [284/1000], Batch [100/201], Loss: 2.9274, Train Acc: 0.3750, Val Acc: 0.0520
Epoch [284/1000], Batch [110/201], Loss: 2.9677, Train Acc: 0.2969, Val Acc: 0.0520
Epoch [284/1000], Batch [120/201], Loss: 2.7782, Train Acc: 0.3438, Val Acc: 0.0560
Epoch [284/1000], Batch [130/201], Loss: 2.7537, Train Acc: 0.3594, Val Acc: 0.0480
Epoch [284/1000], Batch [140/201], Loss: 2.9705, Train Acc: 0.2656, Val Acc: 0.0480
Epoch [284/1000], Batch [150/201], Loss: 3.0219, Train Acc: 0.3594, Val Acc: 0.0400
Epoch [284/1000], Batch [160/201], Loss: 2.8694, Train Acc: 0.4219, Val Acc: 0.0440
Epoch [284/1000], Batch [170/201], Loss: 3.0466, Train Acc: 0.3750, Val Acc: 0.0480
Epoch [284/1000], Batch [180/201], Loss: 3.1165, Train Acc: 0.2969, Val Acc: 0.0520
Epoch [284/1000], Batch [190/201], Loss: 3.0090, Train Acc: 0.3281, Val Acc: 0.0440
Epoch [284/1000], Batch [200/201], Loss: 3.0902, Train Acc: 0.3594, Val Acc: 0.0560
Epoch [285/1000], Batch [10/201], Loss: 3.1166, Train Acc: 0.3125, Val Acc: 0.0600
Epoch [285/1000], Batch [20/201], Loss: 2.8670, Train Acc: 0.4531, Val Acc: 0.0560
Epoch [285/1000], Batch [30/201], Loss: 2.6551, Train Acc: 0.4062, Val Acc: 0.0560
Epoch [285/1000], Batch [40/201], Loss: 2.9058, Train Acc: 0.3906, Val Acc: 0.0480
Epoch [285/1000], Batch [50/201], Loss: 2.9466, Train Acc: 0.3125, Val Acc: 0.0560
Epoch [285/1000], Batch [60/201], Loss: 2.8022, Train Acc: 0.3281, Val Acc: 0.0560
Epoch [285/1000], Batch [70/201], Loss: 2.3661, Train Acc: 0.5625, Val Acc: 0.0560
Epoch [285/1000], Batch [80/201], Loss: 3.0476, Train Acc: 0.3438, Val Acc: 0.0560
Epoch [285/1000], Batch [90/201], Loss: 2.3047, Train Acc: 0.4219, Val Acc: 0.0480
Epoch [285/1000], Batch [100/201], Loss: 3.0211, Train Acc: 0.3594, Val Acc: 0.0440
Epoch [285/1000], Batch [110/201], Loss: 3.2621, Train Acc: 0.3125, Val Acc: 0.0560
Epoch [285/1000], Batch [120/201], Loss: 2.6172, Train Acc: 0.4375, Val Acc: 0.0520
Epoch [285/1000], Batch [130/201], Loss: 3.2042, Train Acc: 0.3438, Val Acc: 0.0480
Epoch [285/1000], Batch [140/201], Loss: 2.7913, Train Acc: 0.3906, Val Acc: 0.0560
Epoch [285/1000], Batch [150/201], Loss: 3.1745, Train Acc: 0.2656, Val Acc: 0.0520
Epoch [285/1000], Batch [160/201], Loss: 3.1365, Train Acc: 0.2969, Val Acc: 0.0480
Epoch [285/1000], Batch [170/201], Loss: 2.9168, Train Acc: 0.4062, Val Acc: 0.0520
Epoch [285/1000], Batch [180/201], Loss: 2.8341, Train Acc: 0.3594, Val Acc: 0.0480
Epoch [285/1000], Batch [190/201], Loss: 2.8312, Train Acc: 0.4688, Val Acc: 0.0480
Epoch [285/1000], Batch [200/201], Loss: 2.5962, Train Acc: 0.4219, Val Acc: 0.0520
Epoch [286/1000], Batch [10/201], Loss: 2.6995, Train Acc: 0.4531, Val Acc: 0.0560
Epoch [286/1000], Batch [20/201], Loss: 2.8648, Train Acc: 0.3906, Val Acc: 0.0520
Epoch [286/1000], Batch [30/201], Loss: 2.6867, Train Acc: 0.4375, Val Acc: 0.0560
Epoch [286/1000], Batch [40/201], Loss: 2.7290, Train Acc: 0.5312, Val Acc: 0.0560
Epoch [286/1000], Batch [50/201], Loss: 2.9145, Train Acc: 0.3438, Val Acc: 0.0520
Epoch [286/1000], Batch [60/201], Loss: 3.5010, Train Acc: 0.2188, Val Acc: 0.0560
Epoch [286/1000], Batch [70/201], Loss: 2.7057, Train Acc: 0.4219, Val Acc: 0.0480
Epoch [286/1000], Batch [80/201], Loss: 3.4489, Train Acc: 0.2969, Val Acc: 0.0480
Epoch [286/1000], Batch [90/201], Loss: 3.1008, Train Acc: 0.2656, Val Acc: 0.0440
Epoch [286/1000], Batch [100/201], Loss: 2.6027, Train Acc: 0.4531, Val Acc: 0.0480
Epoch [286/1000], Batch [110/201], Loss: 2.9819, Train Acc: 0.3281, Val Acc: 0.0600
Epoch [286/1000], Batch [120/201], Loss: 2.6568, Train Acc: 0.3906, Val Acc: 0.0480
Epoch [286/1000], Batch [130/201], Loss: 2.6988, Train Acc: 0.4219, Val Acc: 0.0520
Epoch [286/1000], Batch [140/201], Loss: 3.2404, Train Acc: 0.4062, Val Acc: 0.0480
Epoch [286/1000], Batch [150/201], Loss: 3.1070, Train Acc: 0.3594, Val Acc: 0.0560
Epoch [286/1000], Batch [160/201], Loss: 3.0219, Train Acc: 0.3125, Val Acc: 0.0520
Epoch [286/1000], Batch [170/201], Loss: 3.3020, Train Acc: 0.2500, Val Acc: 0.0480
Epoch [286/1000], Batch [180/201], Loss: 2.9339, Train Acc: 0.3750, Val Acc: 0.0480
Epoch [286/1000], Batch [190/201], Loss: 2.9289, Train Acc: 0.3281, Val Acc: 0.0520
Epoch [286/1000], Batch [200/201], Loss: 2.9140, Train Acc: 0.4062, Val Acc: 0.0400
Epoch [287/1000], Batch [10/201], Loss: 3.1001, Train Acc: 0.2969, Val Acc: 0.0480
Epoch [287/1000], Batch [20/201], Loss: 3.1886, Train Acc: 0.2812, Val Acc: 0.0400
Epoch [287/1000], Batch [30/201], Loss: 2.7992, Train Acc: 0.3281, Val Acc: 0.0480
Epoch [287/1000], Batch [40/201], Loss: 3.0525, Train Acc: 0.2812, Val Acc: 0.0440
Epoch [287/1000], Batch [50/201], Loss: 2.9585, Train Acc: 0.3906, Val Acc: 0.0520
Epoch [287/1000], Batch [60/201], Loss: 2.6660, Train Acc: 0.4531, Val Acc: 0.0480
Epoch [287/1000], Batch [70/201], Loss: 2.8178, Train Acc: 0.3750, Val Acc: 0.0520
Epoch [287/1000], Batch [80/201], Loss: 3.1516, Train Acc: 0.3281, Val Acc: 0.0400
Epoch [287/1000], Batch [90/201], Loss: 2.7385, Train Acc: 0.3750, Val Acc: 0.0560
Epoch [287/1000], Batch [100/201], Loss: 2.8818, Train Acc: 0.4219, Val Acc: 0.0480
Epoch [287/1000], Batch [110/201], Loss: 3.2288, Train Acc: 0.3594, Val Acc: 0.0600
Epoch [287/1000], Batch [120/201], Loss: 2.9899, Train Acc: 0.3125, Val Acc: 0.0400
Epoch [287/1000], Batch [130/201], Loss: 3.0384, Train Acc: 0.3125, Val Acc: 0.0480
Epoch [287/1000], Batch [140/201], Loss: 2.9264, Train Acc: 0.4062, Val Acc: 0.0440
Epoch [287/1000], Batch [150/201], Loss: 2.8699, Train Acc: 0.4219, Val Acc: 0.0520
Epoch [287/1000], Batch [160/201], Loss: 3.0365, Train Acc: 0.2969, Val Acc: 0.0560
Epoch [287/1000], Batch [170/201], Loss: 2.7836, Train Acc: 0.3438, Val Acc: 0.0560
Epoch [287/1000], Batch [180/201], Loss: 2.6811, Train Acc: 0.3750, Val Acc: 0.0560
Epoch [287/1000], Batch [190/201], Loss: 2.8709, Train Acc: 0.3438, Val Acc: 0.0520
Epoch [287/1000], Batch [200/201], Loss: 3.0151, Train Acc: 0.3906, Val Acc: 0.0560
Epoch [288/1000], Batch [10/201], Loss: 3.0091, Train Acc: 0.4062, Val Acc: 0.0520
Epoch [288/1000], Batch [20/201], Loss: 2.9499, Train Acc: 0.3438, Val Acc: 0.0520
Epoch [288/1000], Batch [30/201], Loss: 2.8520, Train Acc: 0.3438, Val Acc: 0.0400
Epoch [288/1000], Batch [40/201], Loss: 2.7761, Train Acc: 0.3906, Val Acc: 0.0480
Epoch [288/1000], Batch [50/201], Loss: 2.8839, Train Acc: 0.3594, Val Acc: 0.0480
Epoch [288/1000], Batch [60/201], Loss: 3.1657, Train Acc: 0.3594, Val Acc: 0.0520
Epoch [288/1000], Batch [70/201], Loss: 2.8563, Train Acc: 0.3906, Val Acc: 0.0440
Epoch [288/1000], Batch [80/201], Loss: 3.0926, Train Acc: 0.3281, Val Acc: 0.0480
Epoch [288/1000], Batch [90/201], Loss: 3.3304, Train Acc: 0.3281, Val Acc: 0.0360
Epoch [288/1000], Batch [100/201], Loss: 2.9239, Train Acc: 0.3750, Val Acc: 0.0400
Epoch [288/1000], Batch [110/201], Loss: 2.6271, Train Acc: 0.4062, Val Acc: 0.0560
Epoch [288/1000], Batch [120/201], Loss: 2.7631, Train Acc: 0.4219, Val Acc: 0.0520
Epoch [288/1000], Batch [130/201], Loss: 3.0141, Train Acc: 0.3594, Val Acc: 0.0440
Epoch [288/1000], Batch [140/201], Loss: 3.2095, Train Acc: 0.3438, Val Acc: 0.0560
Epoch [288/1000], Batch [150/201], Loss: 2.9436, Train Acc: 0.3906, Val Acc: 0.0440
Epoch [288/1000], Batch [160/201], Loss: 3.3658, Train Acc: 0.3281, Val Acc: 0.0480
Epoch [288/1000], Batch [170/201], Loss: 2.7574, Train Acc: 0.4531, Val Acc: 0.0480
Epoch [288/1000], Batch [180/201], Loss: 3.0014, Train Acc: 0.2500, Val Acc: 0.0640
Epoch [288/1000], Batch [190/201], Loss: 2.6357, Train Acc: 0.4531, Val Acc: 0.0600
Epoch [288/1000], Batch [200/201], Loss: 2.9183, Train Acc: 0.3438, Val Acc: 0.0480
Epoch [289/1000], Batch [10/201], Loss: 2.7609, Train Acc: 0.3906, Val Acc: 0.0440
Epoch [289/1000], Batch [20/201], Loss: 2.9418, Train Acc: 0.3281, Val Acc: 0.0520
Epoch [289/1000], Batch [30/201], Loss: 2.7230, Train Acc: 0.5000, Val Acc: 0.0560
Epoch [289/1000], Batch [40/201], Loss: 2.8342, Train Acc: 0.4375, Val Acc: 0.0560
Epoch [289/1000], Batch [50/201], Loss: 2.7105, Train Acc: 0.4062, Val Acc: 0.0480
Epoch [289/1000], Batch [60/201], Loss: 2.7884, Train Acc: 0.3750, Val Acc: 0.0440
Epoch [289/1000], Batch [70/201], Loss: 2.9274, Train Acc: 0.3750, Val Acc: 0.0440
Epoch [289/1000], Batch [80/201], Loss: 2.6766, Train Acc: 0.4219, Val Acc: 0.0480
Epoch [289/1000], Batch [90/201], Loss: 3.1551, Train Acc: 0.2812, Val Acc: 0.0520
Epoch [289/1000], Batch [100/201], Loss: 2.8771, Train Acc: 0.3438, Val Acc: 0.0600
Epoch [289/1000], Batch [110/201], Loss: 2.7794, Train Acc: 0.3906, Val Acc: 0.0440
Epoch [289/1000], Batch [120/201], Loss: 2.9666, Train Acc: 0.3750, Val Acc: 0.0440
Epoch [289/1000], Batch [130/201], Loss: 2.9781, Train Acc: 0.3594, Val Acc: 0.0480
Epoch [289/1000], Batch [140/201], Loss: 2.4573, Train Acc: 0.4375, Val Acc: 0.0400
Epoch [289/1000], Batch [150/201], Loss: 3.0580, Train Acc: 0.3750, Val Acc: 0.0480
Epoch [289/1000], Batch [160/201], Loss: 2.4765, Train Acc: 0.4375, Val Acc: 0.0480
Epoch [289/1000], Batch [170/201], Loss: 2.9007, Train Acc: 0.3438, Val Acc: 0.0480
Epoch [289/1000], Batch [180/201], Loss: 3.1266, Train Acc: 0.3906, Val Acc: 0.0520
Epoch [289/1000], Batch [190/201], Loss: 3.1860, Train Acc: 0.3125, Val Acc: 0.0480
Epoch [289/1000], Batch [200/201], Loss: 3.1582, Train Acc: 0.2969, Val Acc: 0.0560
Epoch [290/1000], Batch [10/201], Loss: 3.3848, Train Acc: 0.2969, Val Acc: 0.0600
Epoch [290/1000], Batch [20/201], Loss: 2.9719, Train Acc: 0.2969, Val Acc: 0.0480
Epoch [290/1000], Batch [30/201], Loss: 2.9398, Train Acc: 0.4219, Val Acc: 0.0480
Epoch [290/1000], Batch [40/201], Loss: 2.3031, Train Acc: 0.4844, Val Acc: 0.0440
Epoch [290/1000], Batch [50/201], Loss: 2.7883, Train Acc: 0.3594, Val Acc: 0.0560
Epoch [290/1000], Batch [60/201], Loss: 3.3190, Train Acc: 0.3281, Val Acc: 0.0520
Epoch [290/1000], Batch [70/201], Loss: 3.1163, Train Acc: 0.3438, Val Acc: 0.0560
Epoch [290/1000], Batch [80/201], Loss: 2.9609, Train Acc: 0.2969, Val Acc: 0.0600
Epoch [290/1000], Batch [90/201], Loss: 2.8939, Train Acc: 0.3594, Val Acc: 0.0520
Epoch [290/1000], Batch [100/201], Loss: 2.9534, Train Acc: 0.3750, Val Acc: 0.0480
Epoch [290/1000], Batch [110/201], Loss: 3.3195, Train Acc: 0.3438, Val Acc: 0.0520
Epoch [290/1000], Batch [120/201], Loss: 2.6837, Train Acc: 0.3594, Val Acc: 0.0480
Epoch [290/1000], Batch [130/201], Loss: 3.2018, Train Acc: 0.3594, Val Acc: 0.0360
Epoch [290/1000], Batch [140/201], Loss: 3.3078, Train Acc: 0.2500, Val Acc: 0.0520
Epoch [290/1000], Batch [150/201], Loss: 3.0589, Train Acc: 0.3281, Val Acc: 0.0480
Epoch [290/1000], Batch [160/201], Loss: 3.1849, Train Acc: 0.2656, Val Acc: 0.0560
Epoch [290/1000], Batch [170/201], Loss: 2.8680, Train Acc: 0.4062, Val Acc: 0.0480
Epoch [290/1000], Batch [180/201], Loss: 2.8337, Train Acc: 0.3438, Val Acc: 0.0640
Epoch [290/1000], Batch [190/201], Loss: 2.8629, Train Acc: 0.3750, Val Acc: 0.0520
Epoch [290/1000], Batch [200/201], Loss: 3.0876, Train Acc: 0.2656, Val Acc: 0.0440
Epoch [291/1000], Batch [10/201], Loss: 3.0520, Train Acc: 0.3906, Val Acc: 0.0480
Epoch [291/1000], Batch [20/201], Loss: 2.6059, Train Acc: 0.3750, Val Acc: 0.0520
Epoch [291/1000], Batch [30/201], Loss: 3.5757, Train Acc: 0.2500, Val Acc: 0.0560
Epoch [291/1000], Batch [40/201], Loss: 2.9431, Train Acc: 0.3125, Val Acc: 0.0480
Epoch [291/1000], Batch [50/201], Loss: 3.2619, Train Acc: 0.2344, Val Acc: 0.0560
Epoch [291/1000], Batch [60/201], Loss: 2.9150, Train Acc: 0.3438, Val Acc: 0.0480
Epoch [291/1000], Batch [70/201], Loss: 2.8121, Train Acc: 0.4531, Val Acc: 0.0600
Epoch [291/1000], Batch [80/201], Loss: 2.8078, Train Acc: 0.4062, Val Acc: 0.0640
Epoch [291/1000], Batch [90/201], Loss: 2.8447, Train Acc: 0.3594, Val Acc: 0.0400
Epoch [291/1000], Batch [100/201], Loss: 2.9065, Train Acc: 0.3438, Val Acc: 0.0440
Epoch [291/1000], Batch [110/201], Loss: 3.0443, Train Acc: 0.4062, Val Acc: 0.0440
Epoch [291/1000], Batch [120/201], Loss: 2.8183, Train Acc: 0.3750, Val Acc: 0.0400
Epoch [291/1000], Batch [130/201], Loss: 3.1106, Train Acc: 0.3594, Val Acc: 0.0400
Epoch [291/1000], Batch [140/201], Loss: 3.0067, Train Acc: 0.3125, Val Acc: 0.0440
Epoch [291/1000], Batch [150/201], Loss: 3.0134, Train Acc: 0.3438, Val Acc: 0.0600
Epoch [291/1000], Batch [160/201], Loss: 2.7991, Train Acc: 0.4219, Val Acc: 0.0560
Epoch [291/1000], Batch [170/201], Loss: 3.0366, Train Acc: 0.3281, Val Acc: 0.0520
Epoch [291/1000], Batch [180/201], Loss: 2.8202, Train Acc: 0.3438, Val Acc: 0.0560
Epoch [291/1000], Batch [190/201], Loss: 3.2133, Train Acc: 0.2812, Val Acc: 0.0560
Epoch [291/1000], Batch [200/201], Loss: 2.9130, Train Acc: 0.3281, Val Acc: 0.0560
Epoch [292/1000], Batch [10/201], Loss: 3.1524, Train Acc: 0.3594, Val Acc: 0.0560
Epoch [292/1000], Batch [20/201], Loss: 3.3543, Train Acc: 0.3906, Val Acc: 0.0560
Epoch [292/1000], Batch [30/201], Loss: 2.8612, Train Acc: 0.3125, Val Acc: 0.0560
Epoch [292/1000], Batch [40/201], Loss: 2.8543, Train Acc: 0.4375, Val Acc: 0.0520
Epoch [292/1000], Batch [50/201], Loss: 2.9365, Train Acc: 0.3750, Val Acc: 0.0560
Epoch [292/1000], Batch [60/201], Loss: 3.0676, Train Acc: 0.3906, Val Acc: 0.0520
Epoch [292/1000], Batch [70/201], Loss: 2.7495, Train Acc: 0.3906, Val Acc: 0.0480
Epoch [292/1000], Batch [80/201], Loss: 3.1701, Train Acc: 0.3281, Val Acc: 0.0600
Epoch [292/1000], Batch [90/201], Loss: 3.1125, Train Acc: 0.3438, Val Acc: 0.0400
Epoch [292/1000], Batch [100/201], Loss: 2.5403, Train Acc: 0.4688, Val Acc: 0.0560
Epoch [292/1000], Batch [110/201], Loss: 2.4592, Train Acc: 0.4062, Val Acc: 0.0560
Epoch [292/1000], Batch [120/201], Loss: 3.1111, Train Acc: 0.3125, Val Acc: 0.0520
Epoch [292/1000], Batch [130/201], Loss: 3.0221, Train Acc: 0.3125, Val Acc: 0.0480
Epoch [292/1000], Batch [140/201], Loss: 3.1366, Train Acc: 0.2812, Val Acc: 0.0480
Epoch [292/1000], Batch [150/201], Loss: 2.7082, Train Acc: 0.4375, Val Acc: 0.0520
Epoch [292/1000], Batch [160/201], Loss: 3.3214, Train Acc: 0.3750, Val Acc: 0.0440
Epoch [292/1000], Batch [170/201], Loss: 2.9655, Train Acc: 0.3594, Val Acc: 0.0480
Epoch [292/1000], Batch [180/201], Loss: 3.0009, Train Acc: 0.3438, Val Acc: 0.0560
Epoch [292/1000], Batch [190/201], Loss: 3.2719, Train Acc: 0.2344, Val Acc: 0.0520
Epoch [292/1000], Batch [200/201], Loss: 2.5374, Train Acc: 0.3906, Val Acc: 0.0400
Epoch [293/1000], Batch [10/201], Loss: 2.6973, Train Acc: 0.4219, Val Acc: 0.0560
Epoch [293/1000], Batch [20/201], Loss: 2.5767, Train Acc: 0.5312, Val Acc: 0.0520
Epoch [293/1000], Batch [30/201], Loss: 3.3001, Train Acc: 0.3281, Val Acc: 0.0560
Epoch [293/1000], Batch [40/201], Loss: 3.4722, Train Acc: 0.3594, Val Acc: 0.0400
Epoch [293/1000], Batch [50/201], Loss: 2.9395, Train Acc: 0.3750, Val Acc: 0.0520
Epoch [293/1000], Batch [60/201], Loss: 3.2339, Train Acc: 0.3594, Val Acc: 0.0400
Epoch [293/1000], Batch [70/201], Loss: 2.7039, Train Acc: 0.4375, Val Acc: 0.0480
Epoch [293/1000], Batch [80/201], Loss: 3.6438, Train Acc: 0.3125, Val Acc: 0.0520
Epoch [293/1000], Batch [90/201], Loss: 2.7882, Train Acc: 0.3594, Val Acc: 0.0560
Epoch [293/1000], Batch [100/201], Loss: 2.7722, Train Acc: 0.3594, Val Acc: 0.0440
Epoch [293/1000], Batch [110/201], Loss: 2.9644, Train Acc: 0.3906, Val Acc: 0.0560
Epoch [293/1000], Batch [120/201], Loss: 2.7439, Train Acc: 0.3594, Val Acc: 0.0560
Epoch [293/1000], Batch [130/201], Loss: 3.2448, Train Acc: 0.3125, Val Acc: 0.0440
Epoch [293/1000], Batch [140/201], Loss: 3.1116, Train Acc: 0.3125, Val Acc: 0.0440
Epoch [293/1000], Batch [150/201], Loss: 2.8621, Train Acc: 0.3750, Val Acc: 0.0480
Epoch [293/1000], Batch [160/201], Loss: 2.7876, Train Acc: 0.3594, Val Acc: 0.0440
Epoch [293/1000], Batch [170/201], Loss: 2.8030, Train Acc: 0.4219, Val Acc: 0.0520
Epoch [293/1000], Batch [180/201], Loss: 3.2158, Train Acc: 0.3125, Val Acc: 0.0520
Epoch [293/1000], Batch [190/201], Loss: 2.8576, Train Acc: 0.4219, Val Acc: 0.0560
Epoch [293/1000], Batch [200/201], Loss: 3.0504, Train Acc: 0.2656, Val Acc: 0.0520
Epoch [294/1000], Batch [10/201], Loss: 2.9545, Train Acc: 0.3906, Val Acc: 0.0520
Epoch [294/1000], Batch [20/201], Loss: 2.7546, Train Acc: 0.4062, Val Acc: 0.0520
Epoch [294/1000], Batch [30/201], Loss: 2.8855, Train Acc: 0.3594, Val Acc: 0.0560
Epoch [294/1000], Batch [40/201], Loss: 2.8982, Train Acc: 0.3281, Val Acc: 0.0480
Epoch [294/1000], Batch [50/201], Loss: 2.4819, Train Acc: 0.5625, Val Acc: 0.0520
Epoch [294/1000], Batch [60/201], Loss: 2.8170, Train Acc: 0.3594, Val Acc: 0.0480
Epoch [294/1000], Batch [70/201], Loss: 2.3982, Train Acc: 0.4688, Val Acc: 0.0480
Epoch [294/1000], Batch [80/201], Loss: 3.3592, Train Acc: 0.2656, Val Acc: 0.0480
Epoch [294/1000], Batch [90/201], Loss: 2.8240, Train Acc: 0.4219, Val Acc: 0.0520
Epoch [294/1000], Batch [100/201], Loss: 3.3525, Train Acc: 0.2969, Val Acc: 0.0520
Epoch [294/1000], Batch [110/201], Loss: 3.3172, Train Acc: 0.3281, Val Acc: 0.0520
Epoch [294/1000], Batch [120/201], Loss: 2.8181, Train Acc: 0.3906, Val Acc: 0.0360
Epoch [294/1000], Batch [130/201], Loss: 3.1008, Train Acc: 0.3438, Val Acc: 0.0360
Epoch [294/1000], Batch [140/201], Loss: 3.1405, Train Acc: 0.3438, Val Acc: 0.0480
Epoch [294/1000], Batch [150/201], Loss: 3.2870, Train Acc: 0.2969, Val Acc: 0.0440
Epoch [294/1000], Batch [160/201], Loss: 2.9306, Train Acc: 0.3281, Val Acc: 0.0520
Epoch [294/1000], Batch [170/201], Loss: 2.8041, Train Acc: 0.3438, Val Acc: 0.0600
Epoch [294/1000], Batch [180/201], Loss: 2.4523, Train Acc: 0.4844, Val Acc: 0.0520
Epoch [294/1000], Batch [190/201], Loss: 3.0596, Train Acc: 0.2812, Val Acc: 0.0560
Epoch [294/1000], Batch [200/201], Loss: 3.2301, Train Acc: 0.2969, Val Acc: 0.0480
Epoch [295/1000], Batch [10/201], Loss: 2.8085, Train Acc: 0.4219, Val Acc: 0.0520
Epoch [295/1000], Batch [20/201], Loss: 2.5322, Train Acc: 0.4844, Val Acc: 0.0520
Epoch [295/1000], Batch [30/201], Loss: 2.8826, Train Acc: 0.3906, Val Acc: 0.0480
Epoch [295/1000], Batch [40/201], Loss: 2.4991, Train Acc: 0.4844, Val Acc: 0.0440
Epoch [295/1000], Batch [50/201], Loss: 2.6702, Train Acc: 0.4531, Val Acc: 0.0480
Epoch [295/1000], Batch [60/201], Loss: 3.0321, Train Acc: 0.3125, Val Acc: 0.0440
Epoch [295/1000], Batch [70/201], Loss: 3.1031, Train Acc: 0.2969, Val Acc: 0.0520
Epoch [295/1000], Batch [80/201], Loss: 3.1177, Train Acc: 0.3125, Val Acc: 0.0480
Epoch [295/1000], Batch [90/201], Loss: 2.9379, Train Acc: 0.3125, Val Acc: 0.0520
Epoch [295/1000], Batch [100/201], Loss: 2.7756, Train Acc: 0.3438, Val Acc: 0.0400
Epoch [295/1000], Batch [110/201], Loss: 2.8230, Train Acc: 0.4062, Val Acc: 0.0520
Epoch [295/1000], Batch [120/201], Loss: 3.0678, Train Acc: 0.2500, Val Acc: 0.0400
Epoch [295/1000], Batch [130/201], Loss: 2.6918, Train Acc: 0.4375, Val Acc: 0.0520
Epoch [295/1000], Batch [140/201], Loss: 3.0658, Train Acc: 0.3594, Val Acc: 0.0480
Epoch [295/1000], Batch [150/201], Loss: 3.2025, Train Acc: 0.3750, Val Acc: 0.0560
Epoch [295/1000], Batch [160/201], Loss: 2.7968, Train Acc: 0.3438, Val Acc: 0.0440
Epoch [295/1000], Batch [170/201], Loss: 3.1972, Train Acc: 0.4375, Val Acc: 0.0440
Epoch [295/1000], Batch [180/201], Loss: 3.2076, Train Acc: 0.3125, Val Acc: 0.0560
Epoch [295/1000], Batch [190/201], Loss: 3.1430, Train Acc: 0.3594, Val Acc: 0.0560
Epoch [295/1000], Batch [200/201], Loss: 2.9895, Train Acc: 0.3594, Val Acc: 0.0520
Epoch [296/1000], Batch [10/201], Loss: 3.0520, Train Acc: 0.3125, Val Acc: 0.0440
Epoch [296/1000], Batch [20/201], Loss: 3.4004, Train Acc: 0.3281, Val Acc: 0.0560
Epoch [296/1000], Batch [30/201], Loss: 2.9086, Train Acc: 0.3594, Val Acc: 0.0600
Epoch [296/1000], Batch [40/201], Loss: 2.7830, Train Acc: 0.4219, Val Acc: 0.0560
Epoch [296/1000], Batch [50/201], Loss: 2.5325, Train Acc: 0.3750, Val Acc: 0.0560
Epoch [296/1000], Batch [60/201], Loss: 2.7973, Train Acc: 0.3750, Val Acc: 0.0600
Epoch [296/1000], Batch [70/201], Loss: 3.1522, Train Acc: 0.2812, Val Acc: 0.0600
Epoch [296/1000], Batch [80/201], Loss: 3.0032, Train Acc: 0.4219, Val Acc: 0.0520
Epoch [296/1000], Batch [90/201], Loss: 2.6309, Train Acc: 0.5000, Val Acc: 0.0440
Epoch [296/1000], Batch [100/201], Loss: 2.6823, Train Acc: 0.4688, Val Acc: 0.0520
Epoch [296/1000], Batch [110/201], Loss: 3.4206, Train Acc: 0.2656, Val Acc: 0.0480
Epoch [296/1000], Batch [120/201], Loss: 2.7666, Train Acc: 0.3750, Val Acc: 0.0520
Epoch [296/1000], Batch [130/201], Loss: 2.8766, Train Acc: 0.4062, Val Acc: 0.0480
Epoch [296/1000], Batch [140/201], Loss: 2.8071, Train Acc: 0.4062, Val Acc: 0.0520
Epoch [296/1000], Batch [150/201], Loss: 3.0608, Train Acc: 0.3125, Val Acc: 0.0520
Epoch [296/1000], Batch [160/201], Loss: 2.9793, Train Acc: 0.2812, Val Acc: 0.0440
Epoch [296/1000], Batch [170/201], Loss: 2.7562, Train Acc: 0.4531, Val Acc: 0.0520
Epoch [296/1000], Batch [180/201], Loss: 3.1633, Train Acc: 0.3281, Val Acc: 0.0400
Epoch [296/1000], Batch [190/201], Loss: 2.7713, Train Acc: 0.4688, Val Acc: 0.0440
Epoch [296/1000], Batch [200/201], Loss: 2.7080, Train Acc: 0.3594, Val Acc: 0.0400
Epoch [297/1000], Batch [10/201], Loss: 2.5713, Train Acc: 0.3750, Val Acc: 0.0440
Epoch [297/1000], Batch [20/201], Loss: 2.8561, Train Acc: 0.3594, Val Acc: 0.0400
Epoch [297/1000], Batch [30/201], Loss: 2.9797, Train Acc: 0.3438, Val Acc: 0.0480
Epoch [297/1000], Batch [40/201], Loss: 3.4133, Train Acc: 0.2812, Val Acc: 0.0400
Epoch [297/1000], Batch [50/201], Loss: 2.8422, Train Acc: 0.2969, Val Acc: 0.0440
Epoch [297/1000], Batch [60/201], Loss: 3.0966, Train Acc: 0.3750, Val Acc: 0.0440
Epoch [297/1000], Batch [70/201], Loss: 2.9054, Train Acc: 0.3281, Val Acc: 0.0440
Epoch [297/1000], Batch [80/201], Loss: 2.7797, Train Acc: 0.4688, Val Acc: 0.0440
Epoch [297/1000], Batch [90/201], Loss: 3.3485, Train Acc: 0.3125, Val Acc: 0.0440
Epoch [297/1000], Batch [100/201], Loss: 2.6849, Train Acc: 0.4219, Val Acc: 0.0600
Epoch [297/1000], Batch [110/201], Loss: 3.0236, Train Acc: 0.3750, Val Acc: 0.0600
Epoch [297/1000], Batch [120/201], Loss: 2.8983, Train Acc: 0.3281, Val Acc: 0.0520
Epoch [297/1000], Batch [130/201], Loss: 2.4155, Train Acc: 0.5156, Val Acc: 0.0440
Epoch [297/1000], Batch [140/201], Loss: 3.0176, Train Acc: 0.3125, Val Acc: 0.0440
Epoch [297/1000], Batch [150/201], Loss: 3.4613, Train Acc: 0.2656, Val Acc: 0.0440
Epoch [297/1000], Batch [160/201], Loss: 3.5261, Train Acc: 0.2656, Val Acc: 0.0520
Epoch [297/1000], Batch [170/201], Loss: 2.9167, Train Acc: 0.3906, Val Acc: 0.0480
Epoch [297/1000], Batch [180/201], Loss: 3.5332, Train Acc: 0.2812, Val Acc: 0.0480
Epoch [297/1000], Batch [190/201], Loss: 2.9187, Train Acc: 0.3125, Val Acc: 0.0520
Epoch [297/1000], Batch [200/201], Loss: 3.5097, Train Acc: 0.2969, Val Acc: 0.0480
Epoch [298/1000], Batch [10/201], Loss: 2.6908, Train Acc: 0.3750, Val Acc: 0.0520
Epoch [298/1000], Batch [20/201], Loss: 3.1187, Train Acc: 0.2500, Val Acc: 0.0520
Epoch [298/1000], Batch [30/201], Loss: 2.8869, Train Acc: 0.3906, Val Acc: 0.0440
Epoch [298/1000], Batch [40/201], Loss: 3.0427, Train Acc: 0.2812, Val Acc: 0.0560
Epoch [298/1000], Batch [50/201], Loss: 2.8334, Train Acc: 0.3594, Val Acc: 0.0440
Epoch [298/1000], Batch [60/201], Loss: 2.8655, Train Acc: 0.3906, Val Acc: 0.0440
Epoch [298/1000], Batch [70/201], Loss: 3.3766, Train Acc: 0.3438, Val Acc: 0.0520
Epoch [298/1000], Batch [80/201], Loss: 2.8275, Train Acc: 0.4219, Val Acc: 0.0560
Epoch [298/1000], Batch [90/201], Loss: 3.4383, Train Acc: 0.2812, Val Acc: 0.0560
Epoch [298/1000], Batch [100/201], Loss: 2.8112, Train Acc: 0.3750, Val Acc: 0.0520
Epoch [298/1000], Batch [110/201], Loss: 2.8729, Train Acc: 0.2969, Val Acc: 0.0560
Epoch [298/1000], Batch [120/201], Loss: 3.1208, Train Acc: 0.3438, Val Acc: 0.0600
Epoch [298/1000], Batch [130/201], Loss: 3.0043, Train Acc: 0.4219, Val Acc: 0.0480
Epoch [298/1000], Batch [140/201], Loss: 2.9235, Train Acc: 0.3750, Val Acc: 0.0480
Epoch [298/1000], Batch [150/201], Loss: 2.7242, Train Acc: 0.3750, Val Acc: 0.0440
Epoch [298/1000], Batch [160/201], Loss: 2.9046, Train Acc: 0.4375, Val Acc: 0.0560
Epoch [298/1000], Batch [170/201], Loss: 3.3095, Train Acc: 0.2812, Val Acc: 0.0480
Epoch [298/1000], Batch [180/201], Loss: 3.2307, Train Acc: 0.3438, Val Acc: 0.0440
Epoch [298/1000], Batch [190/201], Loss: 2.9775, Train Acc: 0.3594, Val Acc: 0.0400
Epoch [298/1000], Batch [200/201], Loss: 2.8454, Train Acc: 0.3594, Val Acc: 0.0400
Epoch [299/1000], Batch [10/201], Loss: 3.1515, Train Acc: 0.3750, Val Acc: 0.0440
Epoch [299/1000], Batch [20/201], Loss: 2.7936, Train Acc: 0.4531, Val Acc: 0.0440
Epoch [299/1000], Batch [30/201], Loss: 2.8087, Train Acc: 0.4219, Val Acc: 0.0560
Epoch [299/1000], Batch [40/201], Loss: 2.8103, Train Acc: 0.3594, Val Acc: 0.0480
Epoch [299/1000], Batch [50/201], Loss: 2.9855, Train Acc: 0.3750, Val Acc: 0.0480
Epoch [299/1000], Batch [60/201], Loss: 2.8519, Train Acc: 0.3125, Val Acc: 0.0480
Epoch [299/1000], Batch [70/201], Loss: 3.2636, Train Acc: 0.3594, Val Acc: 0.0520
Epoch [299/1000], Batch [80/201], Loss: 3.2746, Train Acc: 0.2812, Val Acc: 0.0400
Epoch [299/1000], Batch [90/201], Loss: 2.9150, Train Acc: 0.4219, Val Acc: 0.0520
Epoch [299/1000], Batch [100/201], Loss: 3.1023, Train Acc: 0.3125, Val Acc: 0.0520
Epoch [299/1000], Batch [110/201], Loss: 3.1096, Train Acc: 0.3438, Val Acc: 0.0600
Epoch [299/1000], Batch [120/201], Loss: 2.7870, Train Acc: 0.3125, Val Acc: 0.0600
Epoch [299/1000], Batch [130/201], Loss: 2.7427, Train Acc: 0.3594, Val Acc: 0.0520
Epoch [299/1000], Batch [140/201], Loss: 3.2761, Train Acc: 0.3125, Val Acc: 0.0440
Epoch [299/1000], Batch [150/201], Loss: 2.6393, Train Acc: 0.3750, Val Acc: 0.0480
Epoch [299/1000], Batch [160/201], Loss: 3.4142, Train Acc: 0.2812, Val Acc: 0.0480
Epoch [299/1000], Batch [170/201], Loss: 2.8546, Train Acc: 0.3906, Val Acc: 0.0560
Epoch [299/1000], Batch [180/201], Loss: 2.8818, Train Acc: 0.3750, Val Acc: 0.0520
Epoch [299/1000], Batch [190/201], Loss: 2.4162, Train Acc: 0.5000, Val Acc: 0.0520
Epoch [299/1000], Batch [200/201], Loss: 2.8874, Train Acc: 0.4219, Val Acc: 0.0440
Epoch [300/1000], Batch [10/201], Loss: 2.6567, Train Acc: 0.4219, Val Acc: 0.0480
Epoch [300/1000], Batch [20/201], Loss: 2.9099, Train Acc: 0.3438, Val Acc: 0.0560
Epoch [300/1000], Batch [30/201], Loss: 2.9896, Train Acc: 0.3438, Val Acc: 0.0480
Epoch [300/1000], Batch [40/201], Loss: 2.9026, Train Acc: 0.3438, Val Acc: 0.0440
Epoch [300/1000], Batch [50/201], Loss: 3.0358, Train Acc: 0.3438, Val Acc: 0.0600
Epoch [300/1000], Batch [60/201], Loss: 2.8767, Train Acc: 0.4062, Val Acc: 0.0520
Epoch [300/1000], Batch [70/201], Loss: 2.8772, Train Acc: 0.3594, Val Acc: 0.0520
Epoch [300/1000], Batch [80/201], Loss: 2.7369, Train Acc: 0.4062, Val Acc: 0.0440
Epoch [300/1000], Batch [90/201], Loss: 2.6655, Train Acc: 0.4219, Val Acc: 0.0480
Epoch [300/1000], Batch [100/201], Loss: 2.9929, Train Acc: 0.3438, Val Acc: 0.0560
Epoch [300/1000], Batch [110/201], Loss: 3.2282, Train Acc: 0.2188, Val Acc: 0.0520
Epoch [300/1000], Batch [120/201], Loss: 2.8283, Train Acc: 0.3438, Val Acc: 0.0520
Epoch [300/1000], Batch [130/201], Loss: 3.0061, Train Acc: 0.3438, Val Acc: 0.0520
Epoch [300/1000], Batch [140/201], Loss: 3.0838, Train Acc: 0.3438, Val Acc: 0.0560
Epoch [300/1000], Batch [150/201], Loss: 3.0819, Train Acc: 0.3906, Val Acc: 0.0520
Epoch [300/1000], Batch [160/201], Loss: 2.8649, Train Acc: 0.3750, Val Acc: 0.0560
Epoch [300/1000], Batch [170/201], Loss: 2.9591, Train Acc: 0.3438, Val Acc: 0.0480
Epoch [300/1000], Batch [180/201], Loss: 3.3361, Train Acc: 0.2812, Val Acc: 0.0440
Epoch [300/1000], Batch [190/201], Loss: 3.0305, Train Acc: 0.4219, Val Acc: 0.0520
Epoch [300/1000], Batch [200/201], Loss: 2.6534, Train Acc: 0.4844, Val Acc: 0.0400
Epoch [301/1000], Batch [10/201], Loss: 3.0623, Train Acc: 0.4062, Val Acc: 0.0440
Epoch [301/1000], Batch [20/201], Loss: 3.0090, Train Acc: 0.3438, Val Acc: 0.0440
Epoch [301/1000], Batch [30/201], Loss: 2.8778, Train Acc: 0.4062, Val Acc: 0.0400
Epoch [301/1000], Batch [40/201], Loss: 2.8127, Train Acc: 0.3125, Val Acc: 0.0480
Epoch [301/1000], Batch [50/201], Loss: 2.2088, Train Acc: 0.6094, Val Acc: 0.0520
Epoch [301/1000], Batch [60/201], Loss: 2.9147, Train Acc: 0.4219, Val Acc: 0.0400
Epoch [301/1000], Batch [70/201], Loss: 3.3242, Train Acc: 0.2969, Val Acc: 0.0440
Epoch [301/1000], Batch [80/201], Loss: 2.7384, Train Acc: 0.3906, Val Acc: 0.0480
Epoch [301/1000], Batch [90/201], Loss: 3.4209, Train Acc: 0.2500, Val Acc: 0.0560
Epoch [301/1000], Batch [100/201], Loss: 3.1234, Train Acc: 0.2500, Val Acc: 0.0520
Epoch [301/1000], Batch [110/201], Loss: 2.9661, Train Acc: 0.3750, Val Acc: 0.0560
Epoch [301/1000], Batch [120/201], Loss: 3.0402, Train Acc: 0.2969, Val Acc: 0.0520
Epoch [301/1000], Batch [130/201], Loss: 3.0141, Train Acc: 0.3438, Val Acc: 0.0480
Epoch [301/1000], Batch [140/201], Loss: 3.1741, Train Acc: 0.3438, Val Acc: 0.0560
Epoch [301/1000], Batch [150/201], Loss: 2.6448, Train Acc: 0.4531, Val Acc: 0.0520
Epoch [301/1000], Batch [160/201], Loss: 2.8124, Train Acc: 0.3906, Val Acc: 0.0560
Epoch [301/1000], Batch [170/201], Loss: 2.7628, Train Acc: 0.3438, Val Acc: 0.0480
Epoch [301/1000], Batch [180/201], Loss: 2.9491, Train Acc: 0.3594, Val Acc: 0.0520
Epoch [301/1000], Batch [190/201], Loss: 2.9974, Train Acc: 0.2969, Val Acc: 0.0520
Epoch [301/1000], Batch [200/201], Loss: 2.7897, Train Acc: 0.4062, Val Acc: 0.0520
Epoch [302/1000], Batch [10/201], Loss: 2.8127, Train Acc: 0.4375, Val Acc: 0.0600
Epoch [302/1000], Batch [20/201], Loss: 2.7167, Train Acc: 0.4062, Val Acc: 0.0520
Epoch [302/1000], Batch [30/201], Loss: 3.4287, Train Acc: 0.2344, Val Acc: 0.0400
Epoch [302/1000], Batch [40/201], Loss: 2.7921, Train Acc: 0.3594, Val Acc: 0.0440
Epoch [302/1000], Batch [50/201], Loss: 2.9709, Train Acc: 0.3594, Val Acc: 0.0520
Epoch [302/1000], Batch [60/201], Loss: 3.0566, Train Acc: 0.2500, Val Acc: 0.0480
Epoch [302/1000], Batch [70/201], Loss: 3.1354, Train Acc: 0.3906, Val Acc: 0.0520
Epoch [302/1000], Batch [80/201], Loss: 2.7454, Train Acc: 0.3594, Val Acc: 0.0560
Epoch [302/1000], Batch [90/201], Loss: 3.2609, Train Acc: 0.3281, Val Acc: 0.0600
Epoch [302/1000], Batch [100/201], Loss: 2.6780, Train Acc: 0.4062, Val Acc: 0.0520
Epoch [302/1000], Batch [110/201], Loss: 3.0604, Train Acc: 0.3125, Val Acc: 0.0560
Epoch [302/1000], Batch [120/201], Loss: 2.4419, Train Acc: 0.4844, Val Acc: 0.0480
Epoch [302/1000], Batch [130/201], Loss: 2.7626, Train Acc: 0.3594, Val Acc: 0.0400
Epoch [302/1000], Batch [140/201], Loss: 3.2744, Train Acc: 0.3281, Val Acc: 0.0560
Epoch [302/1000], Batch [150/201], Loss: 3.2785, Train Acc: 0.2188, Val Acc: 0.0560
Epoch [302/1000], Batch [160/201], Loss: 2.7115, Train Acc: 0.3906, Val Acc: 0.0440
Epoch [302/1000], Batch [170/201], Loss: 3.1484, Train Acc: 0.4219, Val Acc: 0.0480
Epoch [302/1000], Batch [180/201], Loss: 2.4582, Train Acc: 0.5625, Val Acc: 0.0560
Epoch [302/1000], Batch [190/201], Loss: 3.0966, Train Acc: 0.3281, Val Acc: 0.0440
Epoch [302/1000], Batch [200/201], Loss: 2.8523, Train Acc: 0.3594, Val Acc: 0.0560
Epoch [303/1000], Batch [10/201], Loss: 2.7035, Train Acc: 0.4688, Val Acc: 0.0560
Epoch [303/1000], Batch [20/201], Loss: 2.8307, Train Acc: 0.3438, Val Acc: 0.0560
Epoch [303/1000], Batch [30/201], Loss: 2.5348, Train Acc: 0.4219, Val Acc: 0.0600
Epoch [303/1000], Batch [40/201], Loss: 2.8745, Train Acc: 0.3750, Val Acc: 0.0440
Epoch [303/1000], Batch [50/201], Loss: 2.5631, Train Acc: 0.4531, Val Acc: 0.0360
Epoch [303/1000], Batch [60/201], Loss: 3.0778, Train Acc: 0.3750, Val Acc: 0.0600
Epoch [303/1000], Batch [70/201], Loss: 2.6601, Train Acc: 0.4219, Val Acc: 0.0520
Epoch [303/1000], Batch [80/201], Loss: 2.9501, Train Acc: 0.3125, Val Acc: 0.0560
Epoch [303/1000], Batch [90/201], Loss: 2.7874, Train Acc: 0.4219, Val Acc: 0.0440
Epoch [303/1000], Batch [100/201], Loss: 2.8436, Train Acc: 0.2969, Val Acc: 0.0480
Epoch [303/1000], Batch [110/201], Loss: 2.9715, Train Acc: 0.3750, Val Acc: 0.0520
Epoch [303/1000], Batch [120/201], Loss: 2.9913, Train Acc: 0.3281, Val Acc: 0.0480
Epoch [303/1000], Batch [130/201], Loss: 2.8571, Train Acc: 0.4219, Val Acc: 0.0480
Epoch [303/1000], Batch [140/201], Loss: 2.7225, Train Acc: 0.3438, Val Acc: 0.0480
Epoch [303/1000], Batch [150/201], Loss: 2.8525, Train Acc: 0.3438, Val Acc: 0.0600
Epoch [303/1000], Batch [160/201], Loss: 3.2434, Train Acc: 0.3438, Val Acc: 0.0560
Epoch [303/1000], Batch [170/201], Loss: 2.8357, Train Acc: 0.4375, Val Acc: 0.0600
Epoch [303/1000], Batch [180/201], Loss: 3.0398, Train Acc: 0.3281, Val Acc: 0.0520
Epoch [303/1000], Batch [190/201], Loss: 3.0601, Train Acc: 0.2812, Val Acc: 0.0520
Epoch [303/1000], Batch [200/201], Loss: 3.1649, Train Acc: 0.3281, Val Acc: 0.0560
Epoch [304/1000], Batch [10/201], Loss: 2.9536, Train Acc: 0.3750, Val Acc: 0.0560
Epoch [304/1000], Batch [20/201], Loss: 2.9938, Train Acc: 0.3594, Val Acc: 0.0520
Epoch [304/1000], Batch [30/201], Loss: 2.7823, Train Acc: 0.2969, Val Acc: 0.0560
Epoch [304/1000], Batch [40/201], Loss: 3.0047, Train Acc: 0.3750, Val Acc: 0.0560
Epoch [304/1000], Batch [50/201], Loss: 2.9063, Train Acc: 0.4531, Val Acc: 0.0480
Epoch [304/1000], Batch [60/201], Loss: 3.2581, Train Acc: 0.2812, Val Acc: 0.0520
Epoch [304/1000], Batch [70/201], Loss: 2.7190, Train Acc: 0.3906, Val Acc: 0.0480
Epoch [304/1000], Batch [80/201], Loss: 3.0314, Train Acc: 0.3281, Val Acc: 0.0520
Epoch [304/1000], Batch [90/201], Loss: 2.9276, Train Acc: 0.3906, Val Acc: 0.0560
Epoch [304/1000], Batch [100/201], Loss: 3.1691, Train Acc: 0.3281, Val Acc: 0.0560
Epoch [304/1000], Batch [110/201], Loss: 3.2587, Train Acc: 0.2812, Val Acc: 0.0520
Epoch [304/1000], Batch [120/201], Loss: 2.4252, Train Acc: 0.4844, Val Acc: 0.0560
Epoch [304/1000], Batch [130/201], Loss: 2.9103, Train Acc: 0.3906, Val Acc: 0.0480
Epoch [304/1000], Batch [140/201], Loss: 2.5357, Train Acc: 0.4688, Val Acc: 0.0520
Epoch [304/1000], Batch [150/201], Loss: 2.9158, Train Acc: 0.3438, Val Acc: 0.0560
Epoch [304/1000], Batch [160/201], Loss: 2.7641, Train Acc: 0.4219, Val Acc: 0.0560
Epoch [304/1000], Batch [170/201], Loss: 2.9930, Train Acc: 0.3438, Val Acc: 0.0400
Epoch [304/1000], Batch [180/201], Loss: 2.9415, Train Acc: 0.3281, Val Acc: 0.0440
Epoch [304/1000], Batch [190/201], Loss: 3.1912, Train Acc: 0.2969, Val Acc: 0.0400
Epoch [304/1000], Batch [200/201], Loss: 3.0207, Train Acc: 0.3281, Val Acc: 0.0360
Epoch [305/1000], Batch [10/201], Loss: 2.5218, Train Acc: 0.4375, Val Acc: 0.0440
Epoch [305/1000], Batch [20/201], Loss: 2.8875, Train Acc: 0.3281, Val Acc: 0.0520
Epoch [305/1000], Batch [30/201], Loss: 3.1242, Train Acc: 0.3281, Val Acc: 0.0480
Epoch [305/1000], Batch [40/201], Loss: 3.0982, Train Acc: 0.3438, Val Acc: 0.0480
Epoch [305/1000], Batch [50/201], Loss: 2.8424, Train Acc: 0.2969, Val Acc: 0.0520
Epoch [305/1000], Batch [60/201], Loss: 2.6577, Train Acc: 0.3594, Val Acc: 0.0440
Epoch [305/1000], Batch [70/201], Loss: 2.9377, Train Acc: 0.3438, Val Acc: 0.0560
Epoch [305/1000], Batch [80/201], Loss: 3.1334, Train Acc: 0.3594, Val Acc: 0.0400
Epoch [305/1000], Batch [90/201], Loss: 2.9805, Train Acc: 0.3594, Val Acc: 0.0480
Epoch [305/1000], Batch [100/201], Loss: 3.1414, Train Acc: 0.3906, Val Acc: 0.0480
Epoch [305/1000], Batch [110/201], Loss: 2.9024, Train Acc: 0.3906, Val Acc: 0.0520
Epoch [305/1000], Batch [120/201], Loss: 2.9992, Train Acc: 0.2812, Val Acc: 0.0600
Epoch [305/1000], Batch [130/201], Loss: 3.2698, Train Acc: 0.2656, Val Acc: 0.0560
Epoch [305/1000], Batch [140/201], Loss: 2.5214, Train Acc: 0.4375, Val Acc: 0.0520
Epoch [305/1000], Batch [150/201], Loss: 3.0161, Train Acc: 0.4375, Val Acc: 0.0480
Epoch [305/1000], Batch [160/201], Loss: 2.8684, Train Acc: 0.4375, Val Acc: 0.0520
Epoch [305/1000], Batch [170/201], Loss: 3.3240, Train Acc: 0.2500, Val Acc: 0.0520
Epoch [305/1000], Batch [180/201], Loss: 2.4923, Train Acc: 0.5000, Val Acc: 0.0520
Epoch [305/1000], Batch [190/201], Loss: 2.8102, Train Acc: 0.4375, Val Acc: 0.0560
Epoch [305/1000], Batch [200/201], Loss: 2.9256, Train Acc: 0.3281, Val Acc: 0.0480
Epoch [306/1000], Batch [10/201], Loss: 3.4263, Train Acc: 0.3125, Val Acc: 0.0440
Epoch [306/1000], Batch [20/201], Loss: 2.5831, Train Acc: 0.4688, Val Acc: 0.0480
Epoch [306/1000], Batch [30/201], Loss: 2.9356, Train Acc: 0.3750, Val Acc: 0.0360
Epoch [306/1000], Batch [40/201], Loss: 3.4587, Train Acc: 0.3125, Val Acc: 0.0480
Epoch [306/1000], Batch [50/201], Loss: 3.2818, Train Acc: 0.3125, Val Acc: 0.0480
Epoch [306/1000], Batch [60/201], Loss: 3.0600, Train Acc: 0.3438, Val Acc: 0.0560
Epoch [306/1000], Batch [70/201], Loss: 3.5269, Train Acc: 0.2656, Val Acc: 0.0600
Epoch [306/1000], Batch [80/201], Loss: 2.7807, Train Acc: 0.4375, Val Acc: 0.0520
Epoch [306/1000], Batch [90/201], Loss: 3.1729, Train Acc: 0.3281, Val Acc: 0.0520
Epoch [306/1000], Batch [100/201], Loss: 3.0253, Train Acc: 0.2969, Val Acc: 0.0560
Epoch [306/1000], Batch [110/201], Loss: 3.3191, Train Acc: 0.2812, Val Acc: 0.0480
Epoch [306/1000], Batch [120/201], Loss: 3.2287, Train Acc: 0.2969, Val Acc: 0.0520
Epoch [306/1000], Batch [130/201], Loss: 2.9486, Train Acc: 0.3750, Val Acc: 0.0440
Epoch [306/1000], Batch [140/201], Loss: 2.8192, Train Acc: 0.4844, Val Acc: 0.0480
Epoch [306/1000], Batch [150/201], Loss: 2.4006, Train Acc: 0.4844, Val Acc: 0.0480
Epoch [306/1000], Batch [160/201], Loss: 2.8234, Train Acc: 0.3438, Val Acc: 0.0440
Epoch [306/1000], Batch [170/201], Loss: 2.6604, Train Acc: 0.4844, Val Acc: 0.0560
Epoch [306/1000], Batch [180/201], Loss: 3.1319, Train Acc: 0.2812, Val Acc: 0.0640
Epoch [306/1000], Batch [190/201], Loss: 2.8641, Train Acc: 0.4062, Val Acc: 0.0440
Epoch [306/1000], Batch [200/201], Loss: 2.7328, Train Acc: 0.3750, Val Acc: 0.0520
Epoch [307/1000], Batch [10/201], Loss: 2.8940, Train Acc: 0.4062, Val Acc: 0.0400
Epoch [307/1000], Batch [20/201], Loss: 2.8125, Train Acc: 0.3594, Val Acc: 0.0480
Epoch [307/1000], Batch [30/201], Loss: 3.0697, Train Acc: 0.3594, Val Acc: 0.0440
Epoch [307/1000], Batch [40/201], Loss: 3.1320, Train Acc: 0.3281, Val Acc: 0.0480
Epoch [307/1000], Batch [50/201], Loss: 2.8905, Train Acc: 0.4531, Val Acc: 0.0440
Epoch [307/1000], Batch [60/201], Loss: 2.8845, Train Acc: 0.4688, Val Acc: 0.0480
Epoch [307/1000], Batch [70/201], Loss: 2.6821, Train Acc: 0.3594, Val Acc: 0.0400
Epoch [307/1000], Batch [80/201], Loss: 2.7990, Train Acc: 0.3281, Val Acc: 0.0560
Epoch [307/1000], Batch [90/201], Loss: 3.0636, Train Acc: 0.2969, Val Acc: 0.0600
Epoch [307/1000], Batch [100/201], Loss: 3.0358, Train Acc: 0.2812, Val Acc: 0.0560
Epoch [307/1000], Batch [110/201], Loss: 3.2376, Train Acc: 0.2969, Val Acc: 0.0480
Epoch [307/1000], Batch [120/201], Loss: 3.1511, Train Acc: 0.3906, Val Acc: 0.0520
Epoch [307/1000], Batch [130/201], Loss: 3.0203, Train Acc: 0.4062, Val Acc: 0.0560
Epoch [307/1000], Batch [140/201], Loss: 3.1053, Train Acc: 0.2812, Val Acc: 0.0400
Epoch [307/1000], Batch [150/201], Loss: 2.9991, Train Acc: 0.3281, Val Acc: 0.0440
Epoch [307/1000], Batch [160/201], Loss: 3.1918, Train Acc: 0.3281, Val Acc: 0.0440
Epoch [307/1000], Batch [170/201], Loss: 3.0263, Train Acc: 0.3750, Val Acc: 0.0560
Epoch [307/1000], Batch [180/201], Loss: 2.9514, Train Acc: 0.3594, Val Acc: 0.0440
Epoch [307/1000], Batch [190/201], Loss: 2.7229, Train Acc: 0.4219, Val Acc: 0.0600
Epoch [307/1000], Batch [200/201], Loss: 3.1846, Train Acc: 0.3125, Val Acc: 0.0600
Epoch [308/1000], Batch [10/201], Loss: 2.6600, Train Acc: 0.3438, Val Acc: 0.0600
Epoch [308/1000], Batch [20/201], Loss: 3.0914, Train Acc: 0.3750, Val Acc: 0.0560
Epoch [308/1000], Batch [30/201], Loss: 3.3411, Train Acc: 0.3594, Val Acc: 0.0560
Epoch [308/1000], Batch [40/201], Loss: 2.8178, Train Acc: 0.4219, Val Acc: 0.0520
Epoch [308/1000], Batch [50/201], Loss: 2.6504, Train Acc: 0.5000, Val Acc: 0.0520
Epoch [308/1000], Batch [60/201], Loss: 3.1276, Train Acc: 0.2969, Val Acc: 0.0520
Epoch [308/1000], Batch [70/201], Loss: 2.6855, Train Acc: 0.3594, Val Acc: 0.0520
Epoch [308/1000], Batch [80/201], Loss: 2.9380, Train Acc: 0.3281, Val Acc: 0.0480
Epoch [308/1000], Batch [90/201], Loss: 2.9564, Train Acc: 0.3438, Val Acc: 0.0440
Epoch [308/1000], Batch [100/201], Loss: 3.2656, Train Acc: 0.3125, Val Acc: 0.0440
Epoch [308/1000], Batch [110/201], Loss: 2.6962, Train Acc: 0.3750, Val Acc: 0.0440
Epoch [308/1000], Batch [120/201], Loss: 2.9862, Train Acc: 0.4062, Val Acc: 0.0440
Epoch [308/1000], Batch [130/201], Loss: 2.6986, Train Acc: 0.4688, Val Acc: 0.0560
Epoch [308/1000], Batch [140/201], Loss: 2.7068, Train Acc: 0.3438, Val Acc: 0.0560
Epoch [308/1000], Batch [150/201], Loss: 2.9290, Train Acc: 0.3438, Val Acc: 0.0440
Epoch [308/1000], Batch [160/201], Loss: 3.0101, Train Acc: 0.3906, Val Acc: 0.0480
Epoch [308/1000], Batch [170/201], Loss: 2.7622, Train Acc: 0.3750, Val Acc: 0.0480
Epoch [308/1000], Batch [180/201], Loss: 3.0537, Train Acc: 0.3125, Val Acc: 0.0520
Epoch [308/1000], Batch [190/201], Loss: 2.5874, Train Acc: 0.4375, Val Acc: 0.0520
Epoch [308/1000], Batch [200/201], Loss: 2.4941, Train Acc: 0.4531, Val Acc: 0.0400
Epoch [309/1000], Batch [10/201], Loss: 2.8929, Train Acc: 0.3281, Val Acc: 0.0480
Epoch [309/1000], Batch [20/201], Loss: 2.7847, Train Acc: 0.2969, Val Acc: 0.0400
Epoch [309/1000], Batch [30/201], Loss: 3.0293, Train Acc: 0.3750, Val Acc: 0.0560
Epoch [309/1000], Batch [40/201], Loss: 2.8530, Train Acc: 0.3906, Val Acc: 0.0440
Epoch [309/1000], Batch [50/201], Loss: 3.0499, Train Acc: 0.2969, Val Acc: 0.0360
Epoch [309/1000], Batch [60/201], Loss: 2.8713, Train Acc: 0.4062, Val Acc: 0.0520
Epoch [309/1000], Batch [70/201], Loss: 3.4948, Train Acc: 0.2969, Val Acc: 0.0520
Epoch [309/1000], Batch [80/201], Loss: 3.0395, Train Acc: 0.3281, Val Acc: 0.0480
Epoch [309/1000], Batch [90/201], Loss: 3.3054, Train Acc: 0.3281, Val Acc: 0.0520
Epoch [309/1000], Batch [100/201], Loss: 3.2142, Train Acc: 0.3125, Val Acc: 0.0480
Epoch [309/1000], Batch [110/201], Loss: 2.9985, Train Acc: 0.2500, Val Acc: 0.0520
Epoch [309/1000], Batch [120/201], Loss: 2.9579, Train Acc: 0.3125, Val Acc: 0.0480
Epoch [309/1000], Batch [130/201], Loss: 2.8031, Train Acc: 0.3594, Val Acc: 0.0560
Epoch [309/1000], Batch [140/201], Loss: 2.9820, Train Acc: 0.2344, Val Acc: 0.0400
Epoch [309/1000], Batch [150/201], Loss: 3.2888, Train Acc: 0.3594, Val Acc: 0.0440
Epoch [309/1000], Batch [160/201], Loss: 2.5011, Train Acc: 0.5156, Val Acc: 0.0560
Epoch [309/1000], Batch [170/201], Loss: 2.4582, Train Acc: 0.4219, Val Acc: 0.0480
Epoch [309/1000], Batch [180/201], Loss: 3.0231, Train Acc: 0.4062, Val Acc: 0.0480
Epoch [309/1000], Batch [190/201], Loss: 3.2692, Train Acc: 0.3594, Val Acc: 0.0600
Epoch [309/1000], Batch [200/201], Loss: 3.1593, Train Acc: 0.3281, Val Acc: 0.0640
Epoch [310/1000], Batch [10/201], Loss: 3.1674, Train Acc: 0.3750, Val Acc: 0.0520
Epoch [310/1000], Batch [20/201], Loss: 2.8597, Train Acc: 0.3750, Val Acc: 0.0600
Epoch [310/1000], Batch [30/201], Loss: 3.2085, Train Acc: 0.2500, Val Acc: 0.0560
Epoch [310/1000], Batch [40/201], Loss: 2.7416, Train Acc: 0.3906, Val Acc: 0.0520
Epoch [310/1000], Batch [50/201], Loss: 3.0606, Train Acc: 0.2812, Val Acc: 0.0520
Epoch [310/1000], Batch [60/201], Loss: 3.0771, Train Acc: 0.3750, Val Acc: 0.0560
Epoch [310/1000], Batch [70/201], Loss: 2.9116, Train Acc: 0.3594, Val Acc: 0.0400
Epoch [310/1000], Batch [80/201], Loss: 3.2898, Train Acc: 0.3906, Val Acc: 0.0480
Epoch [310/1000], Batch [90/201], Loss: 2.9582, Train Acc: 0.3438, Val Acc: 0.0480
Epoch [310/1000], Batch [100/201], Loss: 3.0203, Train Acc: 0.3438, Val Acc: 0.0440
Epoch [310/1000], Batch [110/201], Loss: 3.1240, Train Acc: 0.3125, Val Acc: 0.0440
Epoch [310/1000], Batch [120/201], Loss: 2.8764, Train Acc: 0.4062, Val Acc: 0.0520
Epoch [310/1000], Batch [130/201], Loss: 3.0595, Train Acc: 0.3750, Val Acc: 0.0560
Epoch [310/1000], Batch [140/201], Loss: 2.6351, Train Acc: 0.4688, Val Acc: 0.0600
Epoch [310/1000], Batch [150/201], Loss: 3.1177, Train Acc: 0.3125, Val Acc: 0.0480
Epoch [310/1000], Batch [160/201], Loss: 2.6941, Train Acc: 0.4062, Val Acc: 0.0480
Epoch [310/1000], Batch [170/201], Loss: 3.1979, Train Acc: 0.3125, Val Acc: 0.0480
Epoch [310/1000], Batch [180/201], Loss: 3.2900, Train Acc: 0.2656, Val Acc: 0.0440
Epoch [310/1000], Batch [190/201], Loss: 3.0578, Train Acc: 0.3281, Val Acc: 0.0520
Epoch [310/1000], Batch [200/201], Loss: 3.3634, Train Acc: 0.2969, Val Acc: 0.0600
Epoch [311/1000], Batch [10/201], Loss: 2.7636, Train Acc: 0.3750, Val Acc: 0.0480
Epoch [311/1000], Batch [20/201], Loss: 2.9355, Train Acc: 0.3281, Val Acc: 0.0600
Epoch [311/1000], Batch [30/201], Loss: 3.3960, Train Acc: 0.3750, Val Acc: 0.0560
Epoch [311/1000], Batch [40/201], Loss: 3.0698, Train Acc: 0.3438, Val Acc: 0.0520
Epoch [311/1000], Batch [50/201], Loss: 2.9725, Train Acc: 0.4062, Val Acc: 0.0520
Epoch [311/1000], Batch [60/201], Loss: 2.8721, Train Acc: 0.3594, Val Acc: 0.0520
Epoch [311/1000], Batch [70/201], Loss: 2.9267, Train Acc: 0.2812, Val Acc: 0.0440
Epoch [311/1000], Batch [80/201], Loss: 3.1327, Train Acc: 0.3125, Val Acc: 0.0400
Epoch [311/1000], Batch [90/201], Loss: 3.1084, Train Acc: 0.3125, Val Acc: 0.0440
Epoch [311/1000], Batch [100/201], Loss: 3.0865, Train Acc: 0.2656, Val Acc: 0.0560
Epoch [311/1000], Batch [110/201], Loss: 3.1686, Train Acc: 0.3594, Val Acc: 0.0640
Epoch [311/1000], Batch [120/201], Loss: 2.9987, Train Acc: 0.3281, Val Acc: 0.0560
Epoch [311/1000], Batch [130/201], Loss: 2.7381, Train Acc: 0.4375, Val Acc: 0.0560
Epoch [311/1000], Batch [140/201], Loss: 3.1912, Train Acc: 0.3125, Val Acc: 0.0520
Epoch [311/1000], Batch [150/201], Loss: 2.7696, Train Acc: 0.3750, Val Acc: 0.0480
Epoch [311/1000], Batch [160/201], Loss: 3.0344, Train Acc: 0.2969, Val Acc: 0.0560
Epoch [311/1000], Batch [170/201], Loss: 3.0960, Train Acc: 0.3906, Val Acc: 0.0560
Epoch [311/1000], Batch [180/201], Loss: 2.9123, Train Acc: 0.3438, Val Acc: 0.0560
Epoch [311/1000], Batch [190/201], Loss: 2.8797, Train Acc: 0.4531, Val Acc: 0.0480
Epoch [311/1000], Batch [200/201], Loss: 3.0007, Train Acc: 0.3281, Val Acc: 0.0560
Epoch [312/1000], Batch [10/201], Loss: 2.5088, Train Acc: 0.4062, Val Acc: 0.0560
Epoch [312/1000], Batch [20/201], Loss: 3.2528, Train Acc: 0.1875, Val Acc: 0.0400
Epoch [312/1000], Batch [30/201], Loss: 2.5414, Train Acc: 0.4375, Val Acc: 0.0520
Epoch [312/1000], Batch [40/201], Loss: 2.8862, Train Acc: 0.3750, Val Acc: 0.0480
Epoch [312/1000], Batch [50/201], Loss: 2.7813, Train Acc: 0.4531, Val Acc: 0.0480
Epoch [312/1000], Batch [60/201], Loss: 2.6628, Train Acc: 0.3906, Val Acc: 0.0480
Epoch [312/1000], Batch [70/201], Loss: 2.7231, Train Acc: 0.4688, Val Acc: 0.0440
Epoch [312/1000], Batch [80/201], Loss: 2.8235, Train Acc: 0.4219, Val Acc: 0.0480
Epoch [312/1000], Batch [90/201], Loss: 3.4021, Train Acc: 0.3125, Val Acc: 0.0520
Epoch [312/1000], Batch [100/201], Loss: 3.2513, Train Acc: 0.2656, Val Acc: 0.0520
Epoch [312/1000], Batch [110/201], Loss: 2.4879, Train Acc: 0.4688, Val Acc: 0.0440
Epoch [312/1000], Batch [120/201], Loss: 3.0358, Train Acc: 0.4062, Val Acc: 0.0560
Epoch [312/1000], Batch [130/201], Loss: 2.8193, Train Acc: 0.2969, Val Acc: 0.0520
Epoch [312/1000], Batch [140/201], Loss: 2.9508, Train Acc: 0.3594, Val Acc: 0.0520
Epoch [312/1000], Batch [150/201], Loss: 2.8376, Train Acc: 0.3438, Val Acc: 0.0520
Epoch [312/1000], Batch [160/201], Loss: 3.0965, Train Acc: 0.3750, Val Acc: 0.0480
Epoch [312/1000], Batch [170/201], Loss: 3.1773, Train Acc: 0.3438, Val Acc: 0.0520
Epoch [312/1000], Batch [180/201], Loss: 3.0226, Train Acc: 0.3438, Val Acc: 0.0600
Epoch [312/1000], Batch [190/201], Loss: 3.0329, Train Acc: 0.4062, Val Acc: 0.0440
Epoch [312/1000], Batch [200/201], Loss: 2.9423, Train Acc: 0.4219, Val Acc: 0.0480
Epoch [313/1000], Batch [10/201], Loss: 2.7022, Train Acc: 0.4844, Val Acc: 0.0520
Epoch [313/1000], Batch [20/201], Loss: 2.7210, Train Acc: 0.4219, Val Acc: 0.0560
Epoch [313/1000], Batch [30/201], Loss: 3.2776, Train Acc: 0.2656, Val Acc: 0.0520
Epoch [313/1000], Batch [40/201], Loss: 2.8164, Train Acc: 0.3594, Val Acc: 0.0560
Epoch [313/1000], Batch [50/201], Loss: 2.6876, Train Acc: 0.3594, Val Acc: 0.0480
Epoch [313/1000], Batch [60/201], Loss: 2.5379, Train Acc: 0.4062, Val Acc: 0.0360
Epoch [313/1000], Batch [70/201], Loss: 2.8284, Train Acc: 0.3906, Val Acc: 0.0440
Epoch [313/1000], Batch [80/201], Loss: 2.8151, Train Acc: 0.3438, Val Acc: 0.0480
Epoch [313/1000], Batch [90/201], Loss: 2.5462, Train Acc: 0.4688, Val Acc: 0.0480
Epoch [313/1000], Batch [100/201], Loss: 3.2769, Train Acc: 0.3125, Val Acc: 0.0520
Epoch [313/1000], Batch [110/201], Loss: 2.9156, Train Acc: 0.3750, Val Acc: 0.0520
Epoch [313/1000], Batch [120/201], Loss: 2.9063, Train Acc: 0.3750, Val Acc: 0.0520
Epoch [313/1000], Batch [130/201], Loss: 2.6994, Train Acc: 0.4688, Val Acc: 0.0520
Epoch [313/1000], Batch [140/201], Loss: 2.4808, Train Acc: 0.4688, Val Acc: 0.0400
Epoch [313/1000], Batch [150/201], Loss: 2.5405, Train Acc: 0.4844, Val Acc: 0.0520
Epoch [313/1000], Batch [160/201], Loss: 2.9617, Train Acc: 0.3906, Val Acc: 0.0520
Epoch [313/1000], Batch [170/201], Loss: 3.0207, Train Acc: 0.3906, Val Acc: 0.0440
Epoch [313/1000], Batch [180/201], Loss: 2.9917, Train Acc: 0.3125, Val Acc: 0.0600
Epoch [313/1000], Batch [190/201], Loss: 3.0140, Train Acc: 0.3281, Val Acc: 0.0560
Epoch [313/1000], Batch [200/201], Loss: 3.2419, Train Acc: 0.2812, Val Acc: 0.0600
Epoch [314/1000], Batch [10/201], Loss: 2.9086, Train Acc: 0.4375, Val Acc: 0.0520
Epoch [314/1000], Batch [20/201], Loss: 2.8859, Train Acc: 0.4219, Val Acc: 0.0440
Epoch [314/1000], Batch [30/201], Loss: 2.7447, Train Acc: 0.3594, Val Acc: 0.0440
Epoch [314/1000], Batch [40/201], Loss: 3.0430, Train Acc: 0.4219, Val Acc: 0.0440
Epoch [314/1000], Batch [50/201], Loss: 3.0785, Train Acc: 0.3750, Val Acc: 0.0520
Epoch [314/1000], Batch [60/201], Loss: 2.8252, Train Acc: 0.4219, Val Acc: 0.0480
Epoch [314/1000], Batch [70/201], Loss: 3.0761, Train Acc: 0.2969, Val Acc: 0.0400
Epoch [314/1000], Batch [80/201], Loss: 2.8237, Train Acc: 0.3594, Val Acc: 0.0480
Epoch [314/1000], Batch [90/201], Loss: 3.2071, Train Acc: 0.3125, Val Acc: 0.0520
Epoch [314/1000], Batch [100/201], Loss: 3.0680, Train Acc: 0.2344, Val Acc: 0.0440
Epoch [314/1000], Batch [110/201], Loss: 3.2150, Train Acc: 0.3281, Val Acc: 0.0480
Epoch [314/1000], Batch [120/201], Loss: 2.6102, Train Acc: 0.3906, Val Acc: 0.0400
Epoch [314/1000], Batch [130/201], Loss: 2.7648, Train Acc: 0.4062, Val Acc: 0.0440
Epoch [314/1000], Batch [140/201], Loss: 2.5728, Train Acc: 0.3594, Val Acc: 0.0600
Epoch [314/1000], Batch [150/201], Loss: 3.1770, Train Acc: 0.3125, Val Acc: 0.0560
Epoch [314/1000], Batch [160/201], Loss: 2.7395, Train Acc: 0.4375, Val Acc: 0.0560
Epoch [314/1000], Batch [170/201], Loss: 3.0429, Train Acc: 0.4062, Val Acc: 0.0520
Epoch [314/1000], Batch [180/201], Loss: 2.7171, Train Acc: 0.5000, Val Acc: 0.0560
Epoch [314/1000], Batch [190/201], Loss: 3.3661, Train Acc: 0.2656, Val Acc: 0.0520
Epoch [314/1000], Batch [200/201], Loss: 2.7235, Train Acc: 0.3906, Val Acc: 0.0520
Epoch [315/1000], Batch [10/201], Loss: 3.4157, Train Acc: 0.3438, Val Acc: 0.0480
Epoch [315/1000], Batch [20/201], Loss: 3.3295, Train Acc: 0.3125, Val Acc: 0.0600
Epoch [315/1000], Batch [30/201], Loss: 3.5259, Train Acc: 0.2344, Val Acc: 0.0440
Epoch [315/1000], Batch [40/201], Loss: 3.0490, Train Acc: 0.4219, Val Acc: 0.0560
Epoch [315/1000], Batch [50/201], Loss: 2.8708, Train Acc: 0.3594, Val Acc: 0.0520
Epoch [315/1000], Batch [60/201], Loss: 2.7566, Train Acc: 0.3594, Val Acc: 0.0480
Epoch [315/1000], Batch [70/201], Loss: 3.0790, Train Acc: 0.3906, Val Acc: 0.0520
Epoch [315/1000], Batch [80/201], Loss: 2.8511, Train Acc: 0.3438, Val Acc: 0.0560
Epoch [315/1000], Batch [90/201], Loss: 2.7387, Train Acc: 0.4531, Val Acc: 0.0440
Epoch [315/1000], Batch [100/201], Loss: 2.9902, Train Acc: 0.3750, Val Acc: 0.0480
Epoch [315/1000], Batch [110/201], Loss: 2.6616, Train Acc: 0.3906, Val Acc: 0.0520
Epoch [315/1000], Batch [120/201], Loss: 3.1817, Train Acc: 0.2969, Val Acc: 0.0520
Epoch [315/1000], Batch [130/201], Loss: 2.8623, Train Acc: 0.3750, Val Acc: 0.0440
Epoch [315/1000], Batch [140/201], Loss: 3.3339, Train Acc: 0.2812, Val Acc: 0.0440
Epoch [315/1000], Batch [150/201], Loss: 3.1589, Train Acc: 0.2500, Val Acc: 0.0520
Epoch [315/1000], Batch [160/201], Loss: 2.7103, Train Acc: 0.4688, Val Acc: 0.0480
Epoch [315/1000], Batch [170/201], Loss: 2.8066, Train Acc: 0.3281, Val Acc: 0.0520
Epoch [315/1000], Batch [180/201], Loss: 2.8969, Train Acc: 0.4375, Val Acc: 0.0360
Epoch [315/1000], Batch [190/201], Loss: 3.4293, Train Acc: 0.2188, Val Acc: 0.0560
Epoch [315/1000], Batch [200/201], Loss: 3.0464, Train Acc: 0.3906, Val Acc: 0.0520
Epoch [316/1000], Batch [10/201], Loss: 2.8509, Train Acc: 0.3750, Val Acc: 0.0440
Epoch [316/1000], Batch [20/201], Loss: 2.8290, Train Acc: 0.4062, Val Acc: 0.0480
Epoch [316/1000], Batch [30/201], Loss: 3.1224, Train Acc: 0.3438, Val Acc: 0.0400
Epoch [316/1000], Batch [40/201], Loss: 2.6002, Train Acc: 0.4688, Val Acc: 0.0520
Epoch [316/1000], Batch [50/201], Loss: 2.3906, Train Acc: 0.5469, Val Acc: 0.0440
Epoch [316/1000], Batch [60/201], Loss: 3.3707, Train Acc: 0.3438, Val Acc: 0.0440
Epoch [316/1000], Batch [70/201], Loss: 2.9366, Train Acc: 0.3125, Val Acc: 0.0440
Epoch [316/1000], Batch [80/201], Loss: 2.6471, Train Acc: 0.5469, Val Acc: 0.0520
Epoch [316/1000], Batch [90/201], Loss: 2.8726, Train Acc: 0.4375, Val Acc: 0.0480
Epoch [316/1000], Batch [100/201], Loss: 3.3881, Train Acc: 0.2500, Val Acc: 0.0600
Epoch [316/1000], Batch [110/201], Loss: 2.8488, Train Acc: 0.4375, Val Acc: 0.0320
Epoch [316/1000], Batch [120/201], Loss: 2.7347, Train Acc: 0.4375, Val Acc: 0.0600
Epoch [316/1000], Batch [130/201], Loss: 2.8044, Train Acc: 0.3750, Val Acc: 0.0480
Epoch [316/1000], Batch [140/201], Loss: 2.4347, Train Acc: 0.4375, Val Acc: 0.0600
Epoch [316/1000], Batch [150/201], Loss: 2.9691, Train Acc: 0.3750, Val Acc: 0.0560
Epoch [316/1000], Batch [160/201], Loss: 2.9647, Train Acc: 0.3438, Val Acc: 0.0520
Epoch [316/1000], Batch [170/201], Loss: 3.2235, Train Acc: 0.3438, Val Acc: 0.0520
Epoch [316/1000], Batch [180/201], Loss: 2.8248, Train Acc: 0.4062, Val Acc: 0.0440
Epoch [316/1000], Batch [190/201], Loss: 2.8290, Train Acc: 0.3281, Val Acc: 0.0440
Epoch [316/1000], Batch [200/201], Loss: 2.9559, Train Acc: 0.3906, Val Acc: 0.0480
Epoch [317/1000], Batch [10/201], Loss: 2.8132, Train Acc: 0.3750, Val Acc: 0.0520
Epoch [317/1000], Batch [20/201], Loss: 2.9117, Train Acc: 0.3438, Val Acc: 0.0480
Epoch [317/1000], Batch [30/201], Loss: 2.9217, Train Acc: 0.4219, Val Acc: 0.0480
Epoch [317/1000], Batch [40/201], Loss: 2.8587, Train Acc: 0.3438, Val Acc: 0.0520
Epoch [317/1000], Batch [50/201], Loss: 3.0852, Train Acc: 0.3750, Val Acc: 0.0440
Epoch [317/1000], Batch [60/201], Loss: 2.8091, Train Acc: 0.3594, Val Acc: 0.0560
Epoch [317/1000], Batch [70/201], Loss: 3.1034, Train Acc: 0.3594, Val Acc: 0.0560
Epoch [317/1000], Batch [80/201], Loss: 2.9374, Train Acc: 0.4844, Val Acc: 0.0520
Epoch [317/1000], Batch [90/201], Loss: 3.0278, Train Acc: 0.2969, Val Acc: 0.0360
Epoch [317/1000], Batch [100/201], Loss: 2.5629, Train Acc: 0.3906, Val Acc: 0.0480
Epoch [317/1000], Batch [110/201], Loss: 2.6071, Train Acc: 0.3906, Val Acc: 0.0480
Epoch [317/1000], Batch [120/201], Loss: 2.7780, Train Acc: 0.3906, Val Acc: 0.0560
Epoch [317/1000], Batch [130/201], Loss: 3.0363, Train Acc: 0.4062, Val Acc: 0.0480
Epoch [317/1000], Batch [140/201], Loss: 3.0099, Train Acc: 0.3594, Val Acc: 0.0440
Epoch [317/1000], Batch [150/201], Loss: 3.0774, Train Acc: 0.3906, Val Acc: 0.0520
Epoch [317/1000], Batch [160/201], Loss: 3.0158, Train Acc: 0.2969, Val Acc: 0.0520
Epoch [317/1000], Batch [170/201], Loss: 2.6221, Train Acc: 0.5156, Val Acc: 0.0480
Epoch [317/1000], Batch [180/201], Loss: 3.1976, Train Acc: 0.3906, Val Acc: 0.0480
Epoch [317/1000], Batch [190/201], Loss: 2.8223, Train Acc: 0.4062, Val Acc: 0.0520
Epoch [317/1000], Batch [200/201], Loss: 3.0431, Train Acc: 0.3438, Val Acc: 0.0520
Epoch [318/1000], Batch [10/201], Loss: 2.9276, Train Acc: 0.2812, Val Acc: 0.0480
Epoch [318/1000], Batch [20/201], Loss: 2.8253, Train Acc: 0.4219, Val Acc: 0.0520
Epoch [318/1000], Batch [30/201], Loss: 2.7966, Train Acc: 0.3594, Val Acc: 0.0480
Epoch [318/1000], Batch [40/201], Loss: 2.8958, Train Acc: 0.3594, Val Acc: 0.0480
Epoch [318/1000], Batch [50/201], Loss: 3.1466, Train Acc: 0.3594, Val Acc: 0.0400
Epoch [318/1000], Batch [60/201], Loss: 2.8528, Train Acc: 0.3438, Val Acc: 0.0400
Epoch [318/1000], Batch [70/201], Loss: 3.2722, Train Acc: 0.3594, Val Acc: 0.0480
Epoch [318/1000], Batch [80/201], Loss: 3.1072, Train Acc: 0.3906, Val Acc: 0.0320
Epoch [318/1000], Batch [90/201], Loss: 3.1429, Train Acc: 0.3750, Val Acc: 0.0520
Epoch [318/1000], Batch [100/201], Loss: 2.9064, Train Acc: 0.2969, Val Acc: 0.0600
Epoch [318/1000], Batch [110/201], Loss: 2.6663, Train Acc: 0.4062, Val Acc: 0.0560
Epoch [318/1000], Batch [120/201], Loss: 2.6265, Train Acc: 0.4219, Val Acc: 0.0560
Epoch [318/1000], Batch [130/201], Loss: 3.2443, Train Acc: 0.3594, Val Acc: 0.0480
Epoch [318/1000], Batch [140/201], Loss: 2.8313, Train Acc: 0.3281, Val Acc: 0.0600
Epoch [318/1000], Batch [150/201], Loss: 2.9355, Train Acc: 0.2969, Val Acc: 0.0520
Epoch [318/1000], Batch [160/201], Loss: 3.3590, Train Acc: 0.2188, Val Acc: 0.0480
Epoch [318/1000], Batch [170/201], Loss: 2.9868, Train Acc: 0.4375, Val Acc: 0.0520
Epoch [318/1000], Batch [180/201], Loss: 2.8775, Train Acc: 0.3594, Val Acc: 0.0480
Epoch [318/1000], Batch [190/201], Loss: 2.8679, Train Acc: 0.3750, Val Acc: 0.0440
Epoch [318/1000], Batch [200/201], Loss: 3.1277, Train Acc: 0.4062, Val Acc: 0.0520
Epoch [319/1000], Batch [10/201], Loss: 2.9313, Train Acc: 0.3281, Val Acc: 0.0440
Epoch [319/1000], Batch [20/201], Loss: 3.1091, Train Acc: 0.2969, Val Acc: 0.0480
Epoch [319/1000], Batch [30/201], Loss: 2.8274, Train Acc: 0.3281, Val Acc: 0.0480
Epoch [319/1000], Batch [40/201], Loss: 3.0449, Train Acc: 0.2969, Val Acc: 0.0440
Epoch [319/1000], Batch [50/201], Loss: 2.8336, Train Acc: 0.3906, Val Acc: 0.0560
Epoch [319/1000], Batch [60/201], Loss: 2.8542, Train Acc: 0.4531, Val Acc: 0.0600
Epoch [319/1000], Batch [70/201], Loss: 2.5753, Train Acc: 0.5625, Val Acc: 0.0480
Epoch [319/1000], Batch [80/201], Loss: 2.6761, Train Acc: 0.4531, Val Acc: 0.0480
Epoch [319/1000], Batch [90/201], Loss: 3.0259, Train Acc: 0.3125, Val Acc: 0.0440
Epoch [319/1000], Batch [100/201], Loss: 2.9086, Train Acc: 0.3906, Val Acc: 0.0440
Epoch [319/1000], Batch [110/201], Loss: 3.4049, Train Acc: 0.2656, Val Acc: 0.0560
Epoch [319/1000], Batch [120/201], Loss: 3.1386, Train Acc: 0.3438, Val Acc: 0.0560
Epoch [319/1000], Batch [130/201], Loss: 2.9870, Train Acc: 0.2656, Val Acc: 0.0560
Epoch [319/1000], Batch [140/201], Loss: 3.0996, Train Acc: 0.3281, Val Acc: 0.0480
Epoch [319/1000], Batch [150/201], Loss: 3.3033, Train Acc: 0.3125, Val Acc: 0.0520
Epoch [319/1000], Batch [160/201], Loss: 2.9523, Train Acc: 0.3438, Val Acc: 0.0560
Epoch [319/1000], Batch [170/201], Loss: 2.7079, Train Acc: 0.4375, Val Acc: 0.0560
Epoch [319/1000], Batch [180/201], Loss: 3.0398, Train Acc: 0.3594, Val Acc: 0.0560
Epoch [319/1000], Batch [190/201], Loss: 2.6678, Train Acc: 0.4219, Val Acc: 0.0440
Epoch [319/1000], Batch [200/201], Loss: 2.7703, Train Acc: 0.3906, Val Acc: 0.0520
Epoch [320/1000], Batch [10/201], Loss: 3.2461, Train Acc: 0.4062, Val Acc: 0.0480
Epoch [320/1000], Batch [20/201], Loss: 2.7284, Train Acc: 0.4531, Val Acc: 0.0480
Epoch [320/1000], Batch [30/201], Loss: 2.8532, Train Acc: 0.3281, Val Acc: 0.0480
Epoch [320/1000], Batch [40/201], Loss: 2.9651, Train Acc: 0.3906, Val Acc: 0.0520
Epoch [320/1000], Batch [50/201], Loss: 2.9975, Train Acc: 0.2656, Val Acc: 0.0480
Epoch [320/1000], Batch [60/201], Loss: 2.7852, Train Acc: 0.4062, Val Acc: 0.0560
Epoch [320/1000], Batch [70/201], Loss: 2.9601, Train Acc: 0.3594, Val Acc: 0.0520
Epoch [320/1000], Batch [80/201], Loss: 2.7308, Train Acc: 0.4219, Val Acc: 0.0400
Epoch [320/1000], Batch [90/201], Loss: 2.5690, Train Acc: 0.4375, Val Acc: 0.0400
Epoch [320/1000], Batch [100/201], Loss: 2.9462, Train Acc: 0.3438, Val Acc: 0.0480
Epoch [320/1000], Batch [110/201], Loss: 3.1612, Train Acc: 0.2656, Val Acc: 0.0560
Epoch [320/1000], Batch [120/201], Loss: 3.0255, Train Acc: 0.3594, Val Acc: 0.0480
Epoch [320/1000], Batch [130/201], Loss: 2.6860, Train Acc: 0.4219, Val Acc: 0.0480
Epoch [320/1000], Batch [140/201], Loss: 3.4793, Train Acc: 0.2656, Val Acc: 0.0440
Epoch [320/1000], Batch [150/201], Loss: 3.2869, Train Acc: 0.2656, Val Acc: 0.0520
Epoch [320/1000], Batch [160/201], Loss: 2.6596, Train Acc: 0.3906, Val Acc: 0.0440
Epoch [320/1000], Batch [170/201], Loss: 3.1532, Train Acc: 0.3438, Val Acc: 0.0520
Epoch [320/1000], Batch [180/201], Loss: 2.9759, Train Acc: 0.3750, Val Acc: 0.0600
Epoch [320/1000], Batch [190/201], Loss: 2.8419, Train Acc: 0.3594, Val Acc: 0.0520
Epoch [320/1000], Batch [200/201], Loss: 2.5828, Train Acc: 0.4062, Val Acc: 0.0480
Epoch [321/1000], Batch [10/201], Loss: 3.1308, Train Acc: 0.3594, Val Acc: 0.0480
Epoch [321/1000], Batch [20/201], Loss: 2.8932, Train Acc: 0.4688, Val Acc: 0.0520
Epoch [321/1000], Batch [30/201], Loss: 3.1928, Train Acc: 0.3438, Val Acc: 0.0560
Epoch [321/1000], Batch [40/201], Loss: 2.9978, Train Acc: 0.3906, Val Acc: 0.0520
Epoch [321/1000], Batch [50/201], Loss: 3.1294, Train Acc: 0.4062, Val Acc: 0.0400
Epoch [321/1000], Batch [60/201], Loss: 2.7016, Train Acc: 0.3750, Val Acc: 0.0440
Epoch [321/1000], Batch [70/201], Loss: 3.1307, Train Acc: 0.2969, Val Acc: 0.0400
Epoch [321/1000], Batch [80/201], Loss: 3.0678, Train Acc: 0.3594, Val Acc: 0.0440
Epoch [321/1000], Batch [90/201], Loss: 2.7851, Train Acc: 0.4375, Val Acc: 0.0480
Epoch [321/1000], Batch [100/201], Loss: 3.1424, Train Acc: 0.2969, Val Acc: 0.0560
Epoch [321/1000], Batch [110/201], Loss: 2.6401, Train Acc: 0.4062, Val Acc: 0.0520
Epoch [321/1000], Batch [120/201], Loss: 2.8634, Train Acc: 0.4062, Val Acc: 0.0480
Epoch [321/1000], Batch [130/201], Loss: 3.0475, Train Acc: 0.3750, Val Acc: 0.0480
Epoch [321/1000], Batch [140/201], Loss: 2.8877, Train Acc: 0.3594, Val Acc: 0.0520
Epoch [321/1000], Batch [150/201], Loss: 3.1862, Train Acc: 0.2969, Val Acc: 0.0560
Epoch [321/1000], Batch [160/201], Loss: 3.1241, Train Acc: 0.3750, Val Acc: 0.0520
Epoch [321/1000], Batch [170/201], Loss: 2.8385, Train Acc: 0.3125, Val Acc: 0.0480
Epoch [321/1000], Batch [180/201], Loss: 2.9642, Train Acc: 0.4062, Val Acc: 0.0520
Epoch [321/1000], Batch [190/201], Loss: 2.7662, Train Acc: 0.3438, Val Acc: 0.0520
Epoch [321/1000], Batch [200/201], Loss: 3.0498, Train Acc: 0.2969, Val Acc: 0.0440
Epoch [322/1000], Batch [10/201], Loss: 2.6725, Train Acc: 0.4375, Val Acc: 0.0560
Epoch [322/1000], Batch [20/201], Loss: 3.0017, Train Acc: 0.3750, Val Acc: 0.0480
Epoch [322/1000], Batch [30/201], Loss: 2.9699, Train Acc: 0.4688, Val Acc: 0.0440
Epoch [322/1000], Batch [40/201], Loss: 2.9648, Train Acc: 0.4219, Val Acc: 0.0520
Epoch [322/1000], Batch [50/201], Loss: 3.2139, Train Acc: 0.2500, Val Acc: 0.0560
Epoch [322/1000], Batch [60/201], Loss: 3.0192, Train Acc: 0.3906, Val Acc: 0.0600
Epoch [322/1000], Batch [70/201], Loss: 2.9414, Train Acc: 0.3281, Val Acc: 0.0600
Epoch [322/1000], Batch [80/201], Loss: 3.1686, Train Acc: 0.3125, Val Acc: 0.0560
Epoch [322/1000], Batch [90/201], Loss: 2.8695, Train Acc: 0.3281, Val Acc: 0.0400
Epoch [322/1000], Batch [100/201], Loss: 3.2996, Train Acc: 0.2500, Val Acc: 0.0520
Epoch [322/1000], Batch [110/201], Loss: 2.8484, Train Acc: 0.4219, Val Acc: 0.0480
Epoch [322/1000], Batch [120/201], Loss: 3.0487, Train Acc: 0.3438, Val Acc: 0.0440
Epoch [322/1000], Batch [130/201], Loss: 2.9941, Train Acc: 0.3594, Val Acc: 0.0560
Epoch [322/1000], Batch [140/201], Loss: 2.7411, Train Acc: 0.3438, Val Acc: 0.0400
